task_name,BDDL checked - Sanjana - first round semantics,BDDL checked - Sharon - second round semantics,BDDL checked - Ruohan - final check and simulatability,Sanjana's counter,Sharon's counter,,Ruohan's counter,,
adding chemicals to hot tub,1,1,1,988,,,,,
adding chemicals to lawn,1,1,1,,1,983,1,985,989
adding chemicals to pool,1,1,1,,,,0,4,
adding fabric softener,1,1,1,,Name Change,,,,
applying pesticides,1,1,1,,?,1,,,
arranging home,,,,missing,0,,,,
assembling furniture,1,1,1,,,,,,
assembling gift baskets,1,1,1,b100,,,,,
attach a camera to a tripod,1,1,1,,,,,,
bag groceries,1,1,1,,,,,,
baking cookies for the PTA bake sale,1,1,1,,,,,,
baking sugar cookies,1,,1,,,,,,
boil water,1,1,1,,,,,,
boil water in the microwave,1,1,1,,,,,,
bottling fruit,1,,1,b100,,,,,
boxing books up for storage,1,1,1,,,,,,
boxing food after dinner,1,1,1,,,,,,
brewing coffee,1,1,1,og tm,,,,,
bringing glass to recycling,1,1,1,,,,,,
bringing in kindling,1,1,1,,,,,,
bringing in mail,1,1,1,,,,,,
bringing in wood,1,1,1,,,,,,
bringing laundry,1,1,1,,,,,,
bringing newspaper in,1,1,1,,,,,,
bringing paper to recycling,1,1,1,,,,,,
bringing water,1,1,1,,,,,,
brushing lint off clothing,1,1,1,,,,,,
buy a air conditioner,1,1,1,,,,,,
buy a belt,1,1,1,,,,,,
buy a good avocado,1,1,1,,,,,,
buy a keg,1,1,1,,,,,,
buy alcohol,1,1,1,,,,,,
buy and clean mussels,1,1,1,,,,,,
buy boxes for packing,1,1,1,,,,,,
buy candle making supplies,1,1,1,,,,,,
buy dog food,1,1,1,,,,,,
buy eggs,1,1,1,,,,,,
buy food for a party,1,1,1,,,,,,
buy good chocolate,1,1,1,,,,,,
buy home use medical supplies,1,1,1,,,,,,
buy mulch,1,1,1,,,,,,
buy pet food for less,1,Name Change,1,,,,,,
buy rechargeable batteries,1,1,1,,,,,,
buy school supplies for high school,1,1,1,,,,,,
buying cleaning supplies,1,1,1,,,,,,
buying everyday consumer goods,1,1,1,,,,,,
buying fast food,1,1,1,,,,,,
buying groceries,1,1,1,,,,,,
buying groceries for a feast,1,1,1,,,,,,
buying office supplies,1,1,1,,,,,,
buying postage stamps,1,1,1,,,,,,
can beans,1,1,1,,,,,,
can fruit,1,1,1,Team Discussion,,,,,
can meat,1,1,1,,,,,,
can syrup,1,1,1,,,,,,
can vegetables,1,1,1,,,,,,
canning food,1,1,1,,,,,,
carrying in groceries,1,1,1,,,,,,
carrying out garden furniture,1,1,1,,,,,,
carrying water,1,1,1,,,,,,
changing bulbs,1,1,1,Team Discussion,,,,,
changing dog's water,1,1,1,,,,,,
changing light bulbs,1,1,1,,,,,,
changing sheets,1,1,1,,,,,,
chlorinating the pool,1,1,1,,,,,,
chop an onion,1,1,1,,,,,,
chopping vegetables,1,1,1,,,,,,
chopping wood,1,1,1,,,,,,
clean a air conditioner,1,1,1,,,,,,
clean a backpack,1,1,1,,,,,,
clean a baking stone,1,1,1,,,,,,
clean a baseball glove,1,1,1,,,,,,
clean a beer keg,1,1,1,,,,,,
clean a bicycle chain,1,1,1,,,,,,
clean a birdcage,1,1,1,,,,,,
clean a blender,1,1,1,,,,,,
clean a book,1,1,1,,,,,,
clean a bowling ball,1,1,1,,,,,,
clean a box fan,1,1,1,,,,,,
clean a broiler pan,1,1,1,,,,,,
clean a camera lens,1,1,1,,,,,,
clean a candle jar,1,1,1,,,,,,
clean a chicken coop,1,1,1,,,,,,
clean a coffee maker,1,1,1,,,,,,
clean a company office,1,1,1,,,,,,
clean a computer monitor,1,1,1,,,,,,
clean a couch,1,1,1,,,,,,
clean a crab,1,1,1,,,,,,
clean a dirty baseball,1,1,1,,,,,,
clean a dirty tent,1,1,1,,,,,,
clean a drain,1,1,1,,,,,,
clean a faucet,1,1,1,,,,,,
clean a felt pool table top,1,1,1,,,,,,
clean a fence,1,1,1,,,,,,
clean a fish,1,1,1,,,,,,
clean a flat iron,1,1,1,,,,,,
clean a flat panel monitor,1,1,1,,,,,,
clean a garden sprayer,1,1,1,,,,,,
clean a glass pipe,1,1,1,,,,,,
clean a glass windshield,1,1,1,,,,,,
clean a golf club,1,1,1,,,,,,
clean a gravestone,1,1,1,,,,,,
clean a grill pan,1,1,1,,,,,,
clean a hamper,1,1,1,,,,,,
clean a hat,1,1,1,,,,,,
clean a hot water dispenser,1,1,1,,,,,,
clean a keyboard,1,1,1,,,,,,
clean a kitchen sink,1,1,1,,,,,,
clean a kitchen table,1,1,1,,,,,,
clean a knife,1,1,1,,,,,,
clean a knife block,1,1,1,,,,,,
clean a leather belt,1,1,1,,,,,,
clean a LED screen,1,1,1,,,,,,
clean a light bulb,1,1,1,,,,,,
clean a lobster,1,1,1,,,,,,
clean a longboard,1,1,1,,,,,,
clean a loofah or natural sponge,1,1,1,special cleaning fluid (diluted bleach),,,,,
clean a mattress,1,1,1,,,,,,
clean a mousepad,1,1,1,,,,,,
clean a patio,1,1,1,,,,,,
clean a piano,1,1,1,,,,,,
clean a pickup truck,1,1,1,,,,,,
clean a pizza stone,1,1,1,,,,,,
clean a popcorn machine,1,1,1,,,,,,
clean a pumpkin,1,1,1,,,,,,
clean a purse,1,1,1,,,,,,
clean a quilt,1,1,1,,,,,,
clean a raincoat,1,1,1,,,,,,
clean a razor blade,1,1,1,,,,,,
clean a rice cooker,1,1,1,,,,,,
clean a rug,1,1,1,,,,,,
clean a sauna,1,1,1,,,,,,
clean a sauna suit,1,1,1,,,,,,
clean a saxophone,1,1,1,,,,,,
clean a shower,1,1,1,,,,,,
clean a sieve,1,1,1,,,,,,
clean a small pet cage,1,1,1,,,,,,
clean a sofa,1,1,1,,,,,,
clean a softball bat,1,1,1,,,,,,
clean a sponge,1,1,1,,,,,,
clean a stainless steel dishwasher,1,1,1,,,,,,
clean a suitcase,1,1,1,,,,,,
clean a teddy bear,1,1,1,,,,,,
clean a tie,1,1,1,,,,,,
clean a toaster,1,1,1,,,,,,
clean a toaster oven,1,1,1,,,,,,
clean a trombone,1,1,1,,,,,,
clean a trumpet,1,1,1,,,,,,
clean a turkey,1,1,1,,,,,,
clean a vacuum,1,1,1,,,,,,
clean a violin,1,1,1,,,,,,
clean a watch,1,1,1,,,,,,
clean a whiteboard,1,1,1,,,,,,
clean a wood pipe,1,1,1,,,,,,
clean an air filter,1,1,1,,,,,,
clean an electric kettle,1,1,1,,,,,,
clean an electric razor,1,1,1,,,,,,
clean an eraser,1,1,1,,,,,,
clean an espresso machine,1,1,1,,,,,,
clean an iron,1,1,1,,,,,,
clean an office chair,1,1,1,,,,,,
clean and disinfect ice trays,1,1,1,,,,,,
clean apples,1,1,1,,,,,,
clean baby toys,1,1,1,,,,,,
clean baking sheets,1,1,1,,,,,,
clean batting gloves,1,1,1,,,,,,
clean black rims,1,1,1,,,,,,
clean bok choy,1,1,1,,,,,,
clean boxing gloves,1,1,1,,,,,,
clean brass,1,1,1,,,,,,
clean brass casings,1,1,1,,,,,,
clean brooms,1,1,1,,,,,,
clean cabbage,1,1,1,,,,,,
clean carpets,1,1,1,,,,,,
clean cement,1,1,1,,,,,,
clean clams,1,1,1,,,,,,
clean clear plastic,1,1,1,,,,,,
clean conch shells,1,1,1,,,,,,
clean copper mugs,1,1,1,,,,,,
clean copper wire,1,1,1,special cleaning fluid,,,,,
clean cork mats,1,1,1,,,,,,
clean couch pillows,1,1,1,,,,,,
clean cup holders,1,1,1,,,,,,
clean cups,1,1,1,,,,,,
clean decking,1,1,1,,,,,,
clean deer antlers,1,1,1,,,,,,
clean dentures,1,1,1,,,,,,
clean dentures with vinegar,1,1,1,,,,,,
clean dog collars,1,1,1,,,,,,
clean eggs,1,1,1,,,,,,
clean fishing lures,1,1,1,,,,,,
clean flip flops,1,1,1,,,,,,
clean fur,1,1,1,,,,,,
clean garden gloves,1,1,1,,,,,,
clean gas logs,1,1,1,,,,,,
clean geodes,1,1,1,,,,,,
clean gold,1,1,1,,,,,,
clean gourds,1,1,1,,,,,,
clean grease,1,1,1,,,,,,
clean green beans,1,1,1,,,,,,
clean greens,1,1,1,,,,,,
clean household cleaning tools,1,1,1,,,,,,
clean invisalign,1,1,1,,,,,,
clean jade,1,1,1,,,,,,
clean jewels,1,1,1,,,,,,
clean kitchen appliances,1,1,1,,,,,,
clean leather boots,1,1,1,,,,,,
clean leather sandals,1,1,1,,,,,,
clean marker off a doll,1,1,1,,,,,,
clean mirrors,1,1,1,,,,,,
clean mushrooms,1,1,1,,,,,,
clean mussels,1,1,1,,,,,,
clean nickel,1,1,1,special cleaning fluid (though edited to not need it - diluted vinegar --> pure vinegar),,,,,
clean out a guinea pigs hutch,1,1,1,,,,,,
clean outdoor tiles,1,1,1,,,,,,
clean oysters,1,1,1,,,,,,
clean paper lampshades,1,1,1,,,,,,
clean pennies,1,1,1,special cleaning fluid (salt and vinegar),,,,,
clean piano keys,1,1,1,,,,,,
clean pine cones,1,1,1,,,,,,
clean place mats,1,1,1,,,,,,
clean plastic containers,1,1,1,,,,,,
clean potatoes,1,1,1,,,,,,
clean pottery,1,1,1,,,,,,
clean prawns,,,,duplicate task with clean shrimp,,,,,
clean quarters,1,1,1,,,,,,
clean quartz,1,1,1,,,,,,
clean raw denim,1,1,1,special cleaning fluid,,,,,
clean reusable shopping bags,1,1,1,,,,,,
clean rubber,1,1,1,,,,,,
clean rubber bathmats,1,1,1,,,,,,
clean scallops,1,1,1,,,,,,
clean seashells,1,1,1,,,,,,
clean sheets,1,1,1,,,,,,
clean shrimp,1,1,1,,,,,,
clean silver coins,1,1,1,,,,,,
clean skateboard bearings,1,1,1,,,,,,
clean snap peas,1,1,1,,,,,,
clean snow peas,1,1,1,,,,,,
clean soot from glass lanterns,1,1,1,,,,,,
clean stainless steel sinks,1,1,1,special cleaning fluid (baking soda and soap),,,,,
clean strawberries,1,1,1,special cleaning fluid (vinegar and water),,,,,
clean stucco,1,1,1,,,,,,
clean suede gloves,1,1,1,,,,,,
clean sunglasses,1,1,1,,,,,,
clean synthetic hiking gear,1,1,1,,,,,,
clean tennis balls,1,1,1,,,,,,
clean the bottom of an iron,1,1,1,,,,,,
clean the exterior of your garage,1,1,1,,,,,,
clean the interior of your car,1,1,1,,,,,,
clean the outside of a house,1,1,1,,,,,,
clean tweed,1,1,1,,,,,,
clean up after a dinner party,1,1,1,,,,,,
clean up broken glass,1,1,1,,,,,,
clean up gasoline,1,1,1,,,,,,
clean up spilled egg,1,1,1,team discussion,,,,,
clean up water damage,1,1,1,,,,,,
clean up your desk,1,1,1,,,,,,
clean vans,1,1,1,,,,,,
clean vases,1,1,1,,,,,,
clean vintage stereo equipment,1,1,1,,,,,,
clean vinyl shutters,1,1,1,,,,,,
clean walls,1,1,1,,,,,,
clean whiskey stones,1,1,1,,,,,,
clean white marble,,,,missing,,,,,
clean white wall tires,1,1,1,,,,,,
clean wine glasses,1,1,1,,,,,,
clean wood doors,1,1,1,,,,,,
clean wood pallets,1,1,1,,,,,,
clean wood siding,1,1,1,,,,,,
clean wooden blocks,1,1,1,,,,,,
clean your baseboard radiators,1,1,1,,,,,,
clean your cleaning supplies,1,1,1,,,,,,
clean your electronics,1,1,1,,,,,,
clean your goal keeper gloves,1,1,1,"special cleaning fluid (hot water, vinegar, detergent)",,,,,
clean your house after a wild party,1,1,1,,,,,,
clean your kitty litter box,1,1,1,,,,,,
clean your laundry room,1,1,1,,,,,,
clean your pencil case,1,1,1,,,,,,
clean your rusty garden tools,1,1,1,,,,,,
cleaning a car,1,1,1,,,,,,
cleaning around pool in garden,1,1,1,,,,,,
cleaning barbecue grill,1,1,1,,,,,,
cleaning bathrooms,1,1,1,,,,,,
cleaning bathtub,1,1,1,,,,,,
cleaning bedroom,1,1,1,,,,,,
cleaning boat,1,1,1,,,,,,
cleaning camper/RV,1,1,1,,,,,,
cleaning carpets,1,1,1,,,,,,
cleaning closet,1,1,1,b100,,,,,
cleaning computer,1,1,1,,,,,,
cleaning cupboards,1,1,1,,,,,,
cleaning cups in living room,1,1,1,,,,,,
cleaning debris out of car,1,1,1,,,,,,
cleaning driveway,1,1,1,,,,,,
cleaning fan,1,1,1,,,,,,
cleaning fishing gear,1,1,1,,,,,,
cleaning floors,1,1,1,,,,,,
cleaning freezer,1,1,1,,,,,,
cleaning garage,1,1,1,,,,,,
cleaning garden path,1,1,1,,,,,,
cleaning garden tools,1,1,1,,,,,,
cleaning glasses off bar,1,1,1,,,,,,
cleaning high chair,1,1,1,,,,,,
cleaning kitchen cupboard,1,1,1,,,,,,
cleaning kitchen knives,1,1,1,,,,,,
cleaning lawnmowers,1,1,1,,,,,,
cleaning microwave oven,1,1,1,,,,,,
cleaning mushrooms,1,1,1,,,,,,
cleaning out drawers,1,1,1,,,,,,
cleaning oven,1,1,1,,,,,,
cleaning parks,1,1,1,,,,,,
cleaning patio furniture,1,1,1,,,,,,
cleaning pavement,1,1,1,,,,,,
cleaning pet bed,1,1,1,,,,,,
cleaning rainboots,1,1,1,,,,,,
cleaning restaurant table,1,1,1,,,,,,
cleaning shed,team discussion,1,1,team discussion - do we have a shed,,,,,
cleaning shoes,1,1,1,,,,,,
cleaning skis,1,1,1,,,,,,
cleaning sneakers,1,1,1,,,,,,
cleaning stove,1,1,1,,,,,,
cleaning stuff out of car,1,1,1,,,,,,
cleaning table after clearing,1,1,1,,,,,,
cleaning the hot tub,1,1,1,,,,,,
cleaning the pond,1,1,0,remove task,,,,,
cleaning the pool,1,1,1,,,,,,
cleaning the yard,1,1,1,,,,,,
cleaning toilet,1,1,1,b100,,,,,
cleaning tools and equipment,1,1,1,,,,,,
cleaning up after a meal,1,1,1,,,,,,
cleaning up after an event,1,1,1,,,,,,
cleaning up branches and twigs,1,1,1,,,,,,
cleaning up plates and food,1,1,1,,,,,,
cleaning up refrigerator,1,1,1,b100,,,,,
cleaning up the kitchen only,1,1,1,,,,,,
cleaning vehicles,1,1,1,,,,,,
cleaning windows,1,1,1,,,,,,
clearing food from table into fridge,1,1,1,asset check,,,,,
clearing table after breakfast,1,1,1,,,,,,
clearing table after coffee,1,1,1,,,,,,
clearing table after dinner,1,1,1,,,,,,
clearing table after snacks,1,1,1,,,,,,
clearing table after supper,1,1,1,,,,,,
clearing the table after dinner,1,1,1,,,,,,
cold brew coffee,1,1,1,og tm ,,,,,
collect misplaced items,1,1,1,,,,,,
collecting aluminum cans,1,1,1,,,,,,
collecting berries,1,1,1,,,,,,
collecting children's toys,1,1,1,,,,,,
collecting dishes from around house,1,1,1,,,,,,
collecting dishes from restaurant tables,1,1,1,,,,,,
collecting mail from the letterbox,1,1,1,,,,,,
collecting wood,1,1,1,,,,,,
composting waste,1,1,1,,,,,,
cook a brisket,1,1,1,,,,,,
cook a crab,1,1,1,,,,,,
cook a duck,1,1,1,,,,,,
cook a frozen pie,1,1,1,,,,,,
cook a turkey,1,1,1,check asset,,,,,
cook asparagus,1,1,1,,,,,,
cook bacon,1,1,1,,,,,,
cook beef and onions,1,1,1,,,,,,
cook broccolini,1,1,1,,,,,,
cook brussels sprouts,1,1,1,,,,,,
cook cabbage,1,1,1,check asset,,,,,
cook carrots,1,1,1,,,,,,
cook chicken,1,1,1,,,,,,
cook chicken and rice,1,1,1,,,,,,
cook clams,1,1,1,,,,,,
cook corn,1,1,1,,,,,,
cook eggplant,1,1,1,,,,,,
cook eggs,1,1,1,,,,,,
cook fish,1,1,1,,,,,,
cook green beans,1,1,1,,,,,,
cook ground beef,1,1,1,,,,,,
cook ham hocks,1,1,1,,,,,,
cook hot dogs,1,1,1,,,,,,
cook kabobs,1,1,1,,,,,,
cook kale,1,1,1,,,,,,
cook kielbasa,1,1,1,,,,,,
cook lamb,1,1,1,,,,,,
cook mussels,1,1,1,,,,,,
cook mustard greens,1,1,1,,,,,,
cook noodles,1,1,1,,,,,,
cook onions,1,1,1,,,,,,
cook oysters,1,1,1,,,,,,
cook pasta,1,1,1,pasta transition map,,,,,
cook peas,1,1,1,,,,,,
cook peppers,1,1,1,,,,,,
cook pork ribs,1,1,1,,,,,,
cook potatoes,1,1,1,,,,,,
cook quail,1,1,1,,,,,,
cook ramen noodles,1,1,1,,,,,,
cook red peppers,1,1,1,,,,,,
cook rice,1,1,1,rice transition map,,,,,
cook sausages,1,1,1,,,,,,
cook shrimp,1,1,1,,,,,,
cook spinach,1,1,1,,,,,,
cook squash,1,1,1,,,,,,
cook sweet potatoes,1,1,1,,,,,,
cook tofu,1,1,1,,,,,,
cook turkey drumsticks,1,1,1,,,,,,
cook vegetables,1,1,1,,,,,,
cook zucchini,1,1,1,,,,,,
cooking a feast,1,1,1,,,,,,
cooking breakfast,1,1,1,,,,,,
cooking dinner,1,1,1,,,,,,
cooking food for adult,1,1,1,,,,,,
cooking lunch,1,1,1,,,,,,
cool cakes,1,1,1,,,,,,
cover a flower pot in fabric,1,1,1,,,,,,
covering boat,1,1,1,,,,,,
de-clutter your garage,1,1,1,,,,,,
de-ice a car,1,1,1,,,,,,
decorating outside for holidays,1,1,1,,,,,,
decorating outside for parties,1,1,1,,,,,,
defrost meat,1,1,1,,,,,,
defrosting freezer,1,1,1,,,,,,
delivering groceries to doorstep,1,1,1,,,,,,
disinfect laundry,1,1,1,,,,,,
disinfect nail clippers,1,1,1,,,,,,
dispose of a pizza box,1,1,1,,,,,,
dispose of batteries,1,1,1,,,,,,
dispose of fireworks,1,1,1,,,,,,
dispose of glass,1,1,1,,,,,,
dispose of paper,1,1,1,,,,,,
disposing of lawn clippings,1,1,1,,,,,,
disposing of trash for adult,1,1,1,,,,,,
distributing event T-shirts,1,1,1,,,,,,
distributing groceries at food bank,1,1,1,,,,,,
doing housework for adult,1,1,1,,,,,,
doing laundry,1,1,1,,,,,,
donating clothing,1,1,1,,,,,,
donating toys,1,1,1,,,,,,
drape window scarves,1,1,1,,,,,,
drying dishes,1,1,1,,,,,,
drying table,1,1,1,,,,,,
dust houseplants,1,1,1,,,,,,
dusting rugs,1,1,1,,,,,,
emptying ashtray,1,1,1,,,,,,
emptying trash cans,1,1,1,,,,,,
fertilize a lawn,1,1,1,,,,,,
fertilize plants,1,1,1,,,,,,
fertilizing garden,1,1,1,,,,,,
fill a bucket in a small sink,1,1,1,,,,,,
fill a canteen,1,1,1,,,,,,
fill a hot water bottle,1,1,1,,,,,,
fill a punching bag,1,1,1,check asset: sand_bag has to be a container,,,,,
filling pepper,1,1,1,,,,,,
filling salt,1,1,1,check asset,,,,,
filling sugar,1,1,1,,,,,,
filling the bird feeder,1,1,1,,,,,,
fixing broken chair,1,1,1,assembly,,,,,
fixing broken table,1,1,1,assembly,,,,,
fixing mailbox,1,1,1,assembly,,,,,
fold a cloth napkin,1,1,1,,,,,,
fold a plastic bag,1,1,1,,,,,,
fold a tortilla,1,1,1,,,,,,
fold bandanas,1,1,1,,,,,,
fold towels,1,1,1,,,,,,
folding clean laundry,1,1,1,,,,,,
folding clothes,1,1,1,,,,,,
folding piece of cloth,1,1,1,,,,,,
folding sheets,1,1,1,,,,,,
freeze fruit,1,1,1,,,,,,
freeze lasagna,1,1,1,,,,,,
freeze meat,1,1,1,,,,,,
freeze quiche,1,1,1,,,,,,
freeze vegetables,1,1,1,,,,,,
fry pot stickers,1,1,1,,,,,,
gathering nuts,1,1,1,,,,,,
getting a drink,1,1,1,,,,,,
getting organized for work,1,1,1,,,,,,
getting package from post office,1,1,1,,,,,,
glaze a ham,1,1,1,,,,,,
grease and flour a pan,1,1,1,,,,,,
grill burgers,1,1,1,,,,,,
grill vegetables,1,1,1,,,,,,
halve an egg,1,1,1,,,,,,
hand washing clothing,1,1,1,,,,,,
hang a bike on the wall,1,1,1,,,,,,
hang a dartboard,1,1,1,,,,,,
hang icicle lights,1,1,1,,,,,,
hanging address numbers,1,1,1,,,,,,
hanging blinds,1,1,1,,,,,,
hanging clothes,1,1,1,,,,,,
hanging clothes on clothesline,1,1,1,,,,,,
hanging flags,1,1,1,team discussion,,,,,
hanging outdoor lights,1,1,1,,,,,,
hanging pictures,1,1,1,,,,,,
hanging shades,1,1,1,,,,,,
hanging up bedsheets,1,1,1,,,,,,
hanging up curtains,1,1,1,,,,,,
hanging up wind chimes,1,1,1,,,,,,
hard boil an egg,1,1,1,"Make sure TM has all cooking rules, including just heat source cooking rules",,,,,
haul a motorcycle,1,1,1,remove task (final),,,,,
heating food up,1,1,1,,,,,,
cook soup,1,1,1,just replace with cook soup ,,,,,
hoe weeds,1,1,1,,,,,,
hooking up trailer to car,,,,remove task,,,,,
ice cookies,1,1,1,,,,,,
installing a fax machine,1,1,1,,,,,,
installing a fence,1,1,1,,,,,,
installing a modem,1,1,1,,,,,,
installing a printer,1,1,1,,,,,,
installing a scanner,1,1,1,,,,,,
installing a trailer hitch,1,1,1,,,,,,
installing alarms,1,1,1,,,,,,
installing appliances,,,,remove task,,,,,
installing carpet,1,1,1,,,,,,
installing smoke detectors,1,1,1,,,,,,
iron a tie,1,1,1,,,,,,
iron curtains,1,1,1,,,,,,
ironing bedsheets,1,1,1,,,,,,
ironing clothes,1,1,1,,,,,,
ironing curtains,1,1,0,duplicate task - remove,,,,,
lay sod,1,1,1,,,,,,
laying clothes out,1,1,1,,,,,,
laying paving stones,1,1,1,,,,,,
laying restaurant table for dinner,1,1,1,,,,,,
laying tile floors,1,1,1,,,,,,
laying wood floors,1,1,1,,,,,,
line kitchen shelves,1,1,1,,,,,,
loading shopping into car,1,1,1,,,,,,
loading the car,1,1,1,,,,,,
loading the dishwasher,1,1,1,,,,,,
locking every door,1,1,1,,,,,,
locking every window,1,1,1,,,,,,
lube a bicycle chain,1,1,1,,,,,,
mailing letters,1,1,1,,,,,,
make a bake sale stand stall,1,1,1,,,,,,
make a basic brine,1,1,1,og tm,,,,,
make a blended iced cappuccino,1,1,1,og tm,,,,,
make a candy centerpiece,1,1,1,,,,,,
make a cappuccino,1,1,1,og tm,,,,,
make a cheese pastry,1,1,1,og tm,,,,,
make a christmas gift box,1,1,1,,,,,,
make a clothes line,1,1,1,assembly,,,,,
make a frappe,1,1,1,og tm,,,,,
make a milkshake,1,1,1,og tm,,,,,
make a mojito,1,1,1,,,,,,
make a red meat sauce,1,1,1,og tm,9:16,,,,
make a salad,1,1,1,,,,,,
make a sandwich,1,1,1,,,,,,
make a small vegetable garden,1,1,1,,,,,,
make a steak,1,1,1,,,,,,
make a strawberry slushie,1,1,1,,,,,,
make a sugar and coffee scrub,1,?,1,,,,,,
make a tropical breakfast,1,1,1,no longer tm - csv deprecated,,,,,
make a vinegar cleaning solution,1,1,1,og tm,8:25,,,,
make a wiener schnitzle,1,1,1,og tm,~8:30,,,,
make an iced espresso,1,1,1,og tm,7:35,,,,
make applesauce,1,1,1,og tm,,,,,
make bagels,1,1,1,og tm,,,,,
make baked pears,1,1,1,,,,,,
make batter,1,1,1,og tm,,,,,
make beef and broccoli,1,1,1,,,,,,
make bento,1,1,1,,,,,,
make biscuits,1,1,1,og tm,7:55,,,,
make blueberry mousse,1,1,1,og tm,~7,,,,
make brownies,1,1,1,og tm,,,,,
make burrito bowls,1,1,1,,,,,,
make cabinet doors,1,1,1,,,,,,
make cake filling,1,1,1,og tm,,,,,
make cake mix,1,1,1,og tm,,,,,
make chicken and waffles,1,1,1,,,,,,
make chicken curry,1,1,1,og tm,~9,,,,
make chicken fajitas,1,1,1,,,,,,
make chocolate biscuits,1,1,1,og tm,,,,,
make chocolate milk,1,1,1,og tm,,,,,
make chocolate spread,1,1,1,og tm,,,,,
make chocolate syrup,1,1,1,og tm,,,,,
make cinnamon sugar,1,1,1,og tm,,,,,
make citrus punch,1,1,1,og tm,,,,,
make coffee,1,1,1,og tm,,,,,
make cookie dough,1,1,1,og tm,,,,,
make cookies,1,1,1,og tm,,,,,
make cream from milk,1,1,1,og tm,,,,,
make cream soda,1,1,1,og tm,,,,,
make dinner rolls,1,1,1,og tm,,,,,
make dinosaur goody bags,1,1,1,"nothing about these is actually ""dinosaur""",,,,,
make edible chocolate chip cookie dough,1,1,1,og tm,,,,,
make fish and chips,1,1,1,asset check on deep fryer,,,,,
make fried rice,1,1,1,,,,,,
make fruit punch,1,1,1,og tm,,,,,
make garlic mushrooms,1,1,1,,,,,,
make gift bags for baby showers,1,1,1,,,,,,
make granola,1,1,1,og tm,,,,,
make green tea latte,1,1,1,og tm,,,,,
make homemade bird food,1,1,1,og tm,,,,,
make hot cocoa,1,1,1,og tm,,,,,
make ice,1,1,1,og tm,,,,,
make iced chocolate,1,1,1,og tm,,,,,
make iced tea,1,1,1,og tm,,,,,
make instant coffee,1,1,1,og tm,,,,,
make jamaican jerk seasoning,1,1,1,og tm,,,,,
make king prawns with garlic,1,1,1,,,,,,
make lemon or lime water,1,1,1,suggestion: no longer tm - csv deprecated,,,,,
make lemon pepper seasoning,1,1,1,og tm,,,,,
make lemon pepper wings,1,1,1,og tm (deprecating tm),,,,,
make lemon stain remover,1,1,1,og tm,,,,,
make lemonade,1,1,1,og tm,,,,,
make limeade,1,1,1,og tm,,,,,
make macaroni and cheese,1,1,1,og tm,,,,,
make meatloaf,1,1,1,og tm,,,,,
make muffins,1,1,1,og tm,,,,,
make mustard herb and spice seasoning,1,1,1,og tm,,,,,
make nachos,1,1,1,og tm (deprecating tm),,,,,
make oatmeal,1,1,1,og tm,,,,,
make onion ring batter,1,1,1,og tm,,,,,
make party favors from candy,1,1,1,,,,,,
make pasta sauce,1,1,1,og tm,,,,,
make pastry,1,1,1,og tm,,,,,
make pizza,1,1,1,og tm,,,,,
make pizza dough,1,1,1,og tm,,,,,
make pizza sauce,1,1,1,og tm,,,,,
make popsicles,1,1,1,og tm,,,,,
make pumpkin pie spice,1,1,1,og tm,,,,,
make red beans and rice,1,1,1,,,,,,
make rose centerpieces,1,1,1,,,,,,
make seafood stew,1,1,1,og tm,,,,,
make soup,1,1,1,og tm,,,,,
make spa water,1,1,1,og tm (deprecating tm),,,,,
make stew,1,1,1,og tm,,,,,
make stewed fruit,1,1,1,,,,,,
make strawberries and cream,1,1,1,,,,,,
make tacos,1,1,1,,,,,,
make the ultimate spa basket,1,1,1,,,,,,
make the workplace exciting,1,1,1,,,,,,
make toast,1,1,1,,,,,,
make tomato rice,1,1,1,og tm,,,,,
make waffles,1,1,1,og tm,,,,,
make watermelon punch,1,1,1,og tm,,,,,
make white wine sauce,1,1,1,og tm,,,,,
make yams,1,1,1,,,,,,
making a drink,1,1,1,,,,,,
making a meal,1,1,1,cook pasta in hot water,,,,,
making a snack,1,1,1,melting grated cheese,,,,,
making coffee,1,1,1,og tm,,,,,
making photocopies,1,1,1,remove task,,,,,
making tea,1,1,1,,,,,,
making the bed,1,1,1,,,,,,
mixing drinks,1,1,1,,,,,,
mopping floors,1,1,1,,,,,,
mopping the kitchen floor,1,1,1,,,,,,
moving boxes to storage,1,1,1,,,,,,
moving stuff to storage,1,1,1,,,,,,
mowing the lawn,1,1,1,,,,,,
mulching,1,1,1,,,,,,
opening doors,1,1,1,,,,,,
opening windows,1,1,1,,,,,,
organise a linen closet,1,1,1,,,,,,
organizing art supplies,1,1,1,,,,,,
organizing boxes in garage,1,1,1,,,,,,
organizing file cabinet,1,1,1,,,,,,
organizing items for yard sale,1,1,1,,,,,,
organizing office documents,1,1,1,,,,,,
organizing school stuff,1,1,1,,,,,,
organizing skating stuff,1,1,1,,,,,,
organizing volunteer materials,1,1,1,,,,,,
outfit a basic toolbox,1,1,1,,,,,,
pack a beach bag,1,1,1,,,,,,
pack a pencil case,1,1,1,,,,,,
pack for the pool,1,1,1,,,,,,
pack your gym bag,1,1,1,,,,,,
packing adult's bags,1,1,1,,,,,,
packing art supplies into car,1,1,1,,,,,,
packing bags or suitcase,1,1,1,,,,,,
packing books into car,1,1,1,,,,,,
packing boxes for household move or trip,1,1,1,,,,,,
packing car for trip,1,1,1,,,,,,
packing child s bag,1,1,1,,,,,,
packing child's supplies into car,,,,b100,,,,,
packing cleaning suppies into car,1,1,1,,,,,,
packing documents into car,1,1,1,,,,,,
packing fishing gear into car,1,1,1,,,,,,
packing food for work,1,1,1,,,,,,
packing grocery bags into car,1,1,1,,,,,,
packing hiking equipment into car,1,1,1,,,,,,
packing hobby equipment,1,1,1,,,,,,
packing lunches,1,1,1,,,,,,
packing meal for delivery,1,1,1,,,,,,
packing moving van,1,1,1,,,,,,
packing picnic food into car,1,1,1,,,,,,
packing picnic into car,1,1,1,,,,,,
packing recreational vehicle for trip,1,1,1,,,,,,
packing sports equipment into car,1,1,1,,,,,,
painting house exterior,1,1,1,,,,,,
painting porch,1,1,1,need porch synset from Cem,,,,,
passing out drinks,1,1,1,,,,,,
paying for purchases,1,1,1,,,,,,
picking fruit and vegetables,1,1,1,,,,,,
picking up baggage,1,1,1,,,,,,
picking up books at library,1,1,1,,,,,,
picking up clothes,1,1,1,,,,,,
picking up litter,1,1,1,,,,,,
picking up prescriptions,1,1,1,,,,,,
picking up take-out food,1,1,1,,,,,,
picking up toys,1,1,1,,,,,,
picking up trash,1,1,1,,,,,,
picking vegetables in garden,1,1,1,,,,,,
place houseplants around your home,1,1,1,,,,,,
planting flowers,1,1,1,,,,,,
planting plants,1,1,1,,,,,,
planting trees,1,1,1,,,,,,
planting vegetables,1,1,1,,,,,,
polish copper,1,1,1,,,,,,
polish cymbals,1,1,1,,,,,,
polish gold,1,1,1,,,,,,
polish pewter,1,1,1,,,,,,
polish rocks,1,1,1,,,,,,
polish wood floors,1,1,1,,,,,,
polish a car,1,1,1,fix name,,,,,
polishing furniture,1,1,1,,,,,,
polishing shoes,1,1,1,,,,,,
polishing silver,1,1,1,,,,,,
pour a glass of wine,1,1,1,,,,,,
pour beer,1,1,1,,,,,,
pouring water in a glass,1,1,1,,,,,,
praeparing lunch box,1,1,1,,,,,,
prepare a boat for fishing,1,1,1,,,,,,
prepare a breakfast bar,1,1,1,,,,,,
prepare a filling breakfast,1,1,1,,,,,,
prepare a hanging basket,1,1,1,,,,,,
prepare a raised bed garden,1,1,1,,,,,,
prepare a slow dinner party,1,1,1,,,,,,
prepare an emergency school kit,1,1,1,,,,,,
prepare and cook prawns,1,1,1,,,,,,
prepare and cook swiss chard,1,1,1,,,,,,
prepare baking pans,1,1,1,,,,,,
prepare make ahead breakfast bowls,1,1,1,,,,,,
prepare quinoa,1,1,1,transition map,,,,,
prepare sea salt soak,1,1,1,,,,,,
prepare wine and cheese,1,1,1,,,,,,
prepare your garden for a cat,1,1,1,,,,,,
prepare your garden for winter,1,1,1,,,,,,
preparing clothes for the next day,1,1,1,,,,,,
preparing existing coffee,1,1,1,,,,,,
preparing food for a fundraiser,1,1,1,,,,,,
preparing food for adult,1,1,1,,,,,,
preparing food for company,1,1,1,,,,,,
preparing food or drink for sale,1,1,1,,,,,,
preserving food,1,1,1,,,,,,
preserving fruit,1,1,1,,,,,,
preserving meat,1,1,1,,,,,,
preserving vegetables,1,1,1,,,,,,
put together a goodie bag,1,1,1,,,,,,
put together a scrapping tool kit,1,1,1,,,,,,
put togethera basic pruning kit,1,1,1,,,,,,
puttiing away bicycles,1,1,1,name change,,,,,
putting away Christmas decorations,1,1,1,,,,,,
putting away cleaning supplies,1,1,1,,,,,,
putting away games,1,1,1,,,,,,
putting away Halloween decorations,1,1,1,,,,,,
putting away purchased clothes,1,1,1,,,,,,
putting away tools,1,1,1,,,,,,
putting away toys,1,1,1,,,,,,
putting away yard equipment,1,1,1,,,,,,
putting bike in garage,1,1,1,,,,,,
putting birdseed in cage,1,1,1,,,,,,
putting clean laundry away,1,1,1,,,,,,
putting clothes in storage,1,1,1,,,,,,
putting clothes into closet,1,1,1,,,,,,
putting dirty dishes in sink,1,1,1,,,,,,
putting dishes away after cleaning,1,1,1,,,,,,
putting food in fridge,1,1,1,,,,,,
putting in a hot tub,1,1,1,,,,,,
putting in a pool,,,,asset check,,,,,
putting laundry in drawer,1,1,1,check scene,,,,,
putting leftovers away,1,1,1,,,,,,
putting meal in fridge at work,1,1,1,,,,,,
putting on license plates,1,1,1,,,,,,
putting on registration stickers,1,1,1,,,,,,
putting on tags (car),1,1,1,,,,,,
putting out cat food,1,1,1,,,,,,
putting out clean towels,1,1,1,,,,,,
putting out condiments,1,1,1,,,,,,
putting out dog food,1,1,1,,,,,,
putting pesticides on lawn,1,1,1,,,,,,
putting protective cover on vehicle,1,1,1,,,,,,
putting roast in oven,1,1,1,,,,,,
putting shoes on rack,1,1,1,,,,,,
putting shopping away,1,1,1,,,,,,
putting tablecloth on table,1,1,1,,,,,,
putting towels in bathroom,1,1,1,,,,,,
putting up Christmas decorations inside,1,1,1,,,,,,
putting up Christmas decorations outside,1,1,1,,,,,,
putting up Christmas lights inside,1,1,1,,,,,,
putting up Christmas lights outside,1,1,1,,,,,,
putting up outdoor holiday decorations,1,1,1,,,,,,
putting up posters,1,1,1,,,,,,
putting up shelves,1,1,1,,,,,,
putting up wallpaper,1,1,1,,,,,,
putting wood in fireplace,1,1,1,asset check: we have a fireplace?,,,,,
rack wine,1,1,0,remove task,,,,,
raking leaves,1,1,1,,,,,,
re-shelving library books,1,1,1,,,,,,
rearrange your room,1,1,1,,,,,,
rearranging furniture,1,1,1,,,,,,
rearranging kitchen furniture,1,1,1,,,,,,
recycling glass bottles,1,1,1,,,,,,
recycling newspapers,1,1,1,,,,,,
recycling office papers,1,1,1,,,,,,
reheat frozen or chilled food,1,1,1,,,,,,
remove a broken light bulb,1,1,1,,,,,,
remove a wall mirror,1,1,1,,,,,,
remove hard water spots,1,1,1,special cleaning fluid,,,,,
remove ice from gutters,1,1,0,remove task,,,,,
remove scorch marks,1,1,1,,,,,,
remove sod,1,1,1,,,,,,
remove spots from linen,1,1,1,special cleaning fluid,,,,,
removing ice from walkways,1,1,1,,,,,,
removing lint from dryer,1,1,1,,,,,,
repairs to furniture,1,1,1,,,,,,
replacing screens,,,,remove task,,,,,
returning consumer goods,1,1,1,,,,,,
returning videotapes to store,1,1,1,,,,,,
rinsing dishes,1,1,1,asset check,,,,,
roast meat,1,1,1,,,,,,
roast nuts,1,1,1,,,,,,
roast vegetables,1,1,1,,,,,,
sanding wood furniture,1,1,1,,,,,,
saute vegetables,1,1,1,,,,,,
scraping snow off vehicle,1,1,1,,,,,,
scrubbing bathroom floor,1,1,1,,,,,,
selling products at flea market,1,1,1,,,,,,
sending packages,1,1,1,asset check,,,,,
serving a meal,1,1,1,,,,,,
serving food at a homeless shelter,1,0,1,team discussion,,,,,
serving food on the table,1,1,1,,,,,,
serving hors d oeuvres,1,1,1,,,,,,
set a dinner table,1,1,1,,,,,,
set a fancy table,1,0,1,,,,,,
set a table for a tea party,1,1,1,,,,,,
set up a bird cage,1,1,1,,,,,,
set up a buffet,1,1,1,,,,,,
set up a coffee station in your kitchen,1,1,1,,,,,,
set up a home office in your garage,1,1,1,,,,,,
set up a hot dog bar,1,1,1,,,,,,
set up a mouse cage,1,1,1,asset check: do we have the right hutch?,,,,,
set up a preschool classroom,1,1,1,,,,,,
set up a webcam,1,1,1,,,,,,
set up two computer monitors,,,,remove task,,,,,
setting mousetraps,1,1,1,,,,,,
setting table for coffee,1,1,1,,,,,,
setting the fire,1,1,1,,,,,,
setting the table,1,1,1,,,,,,
setting up bedroom for guest,1,1,1,,,,,,
setting up for an event,1,1,1,,,,,,
setting up garden furniture,1,1,1,,,,,,
setting up living room for guest,1,1,1,,,,,,
setting up room for a movie,1,1,1,,,,,,
setting up room for games,1,1,1,,,,,,
setting up silent auction,1,1,1,,,,,,
setup a baby crib,1,1,1,,,,,,
setup a bar for a cocktail party,1,1,1,,,,,,
setup a fish tank,1,1,1,,,,,,
setup a garden party,1,1,1,,,,,,
setup a trampoline,1,1,1,,,,,,
shampooing carpet,1,1,1,,,,,,
shoveling coal,1,1,1,,,,,,
shoveling snow,1,1,1,,,,,,
slicing vegetables,1,1,1,,,,,,
sorting art supplies,1,1,1,,,,,,
sorting books on shelf,1,1,1,,,,,,
"sorting bottles, cans, and paper",1,1,1,,,,,,
sorting clothes,1,1,1,,,,,,
sorting clothing,1,1,1,,,,,,
sorting groceries,1,1,1,,,,,,
sorting household items,1,1,1,,,,,,
sorting items for garage sale,1,1,1,,,,,,
sorting laundry,1,1,1,,,,,,
sorting mail,1,1,1,,,,,,
sorting newspapers for recycling,1,1,1,,,,,,
sorting potatoes,1,1,1,,,,,,
sorting volunteer materials,1,1,1,,,,,,
spray stucco,1,1,1,,,,,,
spraying for bugs,1,1,1,,,,,,
spraying fruit trees,1,1,1,,,,,,
spring clean your skateboard,1,1,1,,,,,,
stacking wood,1,1,1,,,,,,
staining wood furniture,1,1,1,,,,,,
stock a bar,1,1,1,,,,,,
stock grocery shelves,1,1,1,,,,,,
store a fur coat,1,1,1,,,,,,
store a kayak,1,1,1,,,,,,
store a quilt,1,1,1,,,,,,
store an uncooked turkey,1,1,1,,,,,,
store baby clothes,1,1,1,,,,,,
store baking soda,1,1,1,,,,,,
store batteries,1,1,1,,,,,,
store beer,1,1,1,,,,,,
store brownies,1,1,1,,,,,,
store christmas lights,1,1,1,,,,,,
store coffee beans or ground coffee,1,1,1,,,,,,
store daffodil bulbs,1,1,1,,,,,,
store feta cheese,1,1,1,,,,,,
store firewood,1,1,1,,,,,,
store firewood outdoors,1,1,1,,,,,,
store loose leaf tea,1,1,1,,,,,,
store nuts,1,1,1,,,,,,
store produce,1,1,1,,,,,,
store rugs,1,1,1,,,,,,
store silver coins,1,1,1,,,,,,
store tulip bulbs,1,1,1,,,,,,
store vodka,1,1,1,,,,,,
store winter coats,1,1,1,,,,,,
storing food,1,1,1,,,,,,
storing the groceries,1,1,1,,,,,,
stripping furniture,1,1,1,,,,,,
sweeping floors,1,1,1,,,,,,
sweeping garage,1,1,1,,,,,,
sweeping outside entrance,1,1,1,,,,,,
sweeping patio,1,1,1,,,,,,
sweeping porch,1,1,1,,,,,,
sweeping steps,1,1,1,,,,,,
taking clothes off of the drying rack,1,1,1,,,,,,
taking clothes off the line,1,1,1,,,,,,
taking clothes out of the dryer,1,1,1,,,,,,
taking clothes out of washer,1,1,1,,,,,,
taking down curtains,1,1,1,,,,,,
taking fish out of freezer,1,1,1,,,,,,
taking trash outside,1,1,1,,,,,,
thaw frozen fish,1,1,1,,,,,,
thawing frozen food,1,1,1,,,,,,
throwing away leftovers,,,1,b100,,,,,
throwing out used napkins,1,1,1,,,,,,
tidy your garden,1,1,1,,,,,,
tidying bathroom,1,1,1,,,,,,
tidying bedroom,1,1,1,,,,,,
tidying living room,1,1,1,,,,,,
tidying up wardrobe,1,1,1,,,,,,
toast buns,1,1,1,,,,,,
toast sunflower seeds,1,1,1,,,,,,
treating clothes,1,1,1,special cleaning fluid,,,,,
treating spot,1,1,1,,,,,,
treating stains,1,1,1,,,,,,
turn off a normal school calculator,1,1,1,,,,,,
turning off the hot tub,1,1,1,,,,,,
turning on radio,1,1,1,,,,,,
turning on the hot tub,1,1,1,,,,,,
turning out all lights before sleep,1,1,1,,,,,,
turning sprinkler off,1,1,1,,,,,,
turning sprinkler on,1,1,1,,,,,,
unhook a fish,1,1,1,,,,,,
unloading groceries,1,1,1,,,,,,
unloading shopping from car,1,1,1,,,,,,
unloading shopping items,1,1,1,,,,,,
unloading the car,1,1,1,,,,,,
unpacking car for trip,1,1,1,,,,,,
unpacking child's bag,1,1,1,,,,,,
unpacking hobby equipment,1,1,1,,,,,,
unpacking moving van,1,1,1,,,,,,
unpacking recreational vehicle for trip,1,1,1,,,,,,
unpacking suitcase,1,1,1,,,,,,
vacuuming floors,1,1,1,,,,,,
vacuuming vehicles,1,1,1,,,,,,
warm tortillas,1,1,1,,,,,,
wash a backpack,1,1,1,,,,,,
wash a baseball cap,1,1,1,,,,,,
wash a bra,1,1,1,washer transition rule - include detergent as requirement,,,,,
wash a leotard,1,1,1,,,,,,
wash a motorcycle,1,1,1,,,,,,
wash a wool coat,1,1,1,,,,,,
wash an infant car seat,1,1,1,,,,,,
wash baby bottles,1,1,1,,,,,,
wash delicates in the laundry,1,1,1,"asset check, washer transition map rule (closed, toggled on, detergent)",,,,,
wash dog toys,1,1,1,,,,,,
wash duvets,1,1,1,,,,,,
wash fruit and vegetables,1,1,1,,,,,,
wash goalkeeper gloves,1,1,1,,,,,,
wash grapes,1,1,1,,,,,,
wash jeans,1,1,1,,,,,,
wash lettuce,1,1,1,,,,,,
wash towels,1,1,1,,,,,,
wash your bike,1,1,1,,,,,,
washing bowls,1,1,1,,,,,,
washing cars or other vehicles,1,1,1,,,,,,
washing curtains,1,1,1,,,,,,
washing dishes,1,1,1,,,,,,
washing fabrics,1,1,1,special cleaning fluid (mixed water and detergent),,,,,
washing floor,1,1,1,,,,,,
washing outside walls,1,1,1,,,,,,
washing outside windows,1,1,1,special cleaning fluid (diluted vinegar),,,,,
washing plates,1,1,1,,,,,,
washing pots and pans,1,1,1,,,,,,
washing utensils,1,1,1,,,,,,
washing vegetables,1,1,1,,,,,,
washing walls,1,1,1,,,,,,
washing windows,1,1,1,,,,,,
water your lawn efficiently,1,1,1,,,,,,
watering houseplants,1,1,1,,,,,,
watering indoor flowers,1,1,1,,,,,,
watering outdoor flowers,1,1,1,,,,,,
watering outdoor plants,1,1,1,plants should be particle remover,,,,,
waxing cars or other vehicles,1,1,1,,,,,,
waxing floors,1,1,1,,,,,,
wrap silverware,1,1,1,,,,,,
make dessert watermelons,1,1,1,,,,,,
cook chorizo,1,1,1,,,,,,
clean a guitar,1,1,1,,,,,,
hang a rug on a wall,1,1,1,,,,,,
dispose of medication,1,1,1,,,,,,
make curry rice,1,1,1,,,,,,
sorting vegetables,1,1,1,,,,,,
buy salad greens,1,1,1,,,,,,
cook seafood paella,1,1,1,,,,,,
cook chickpeas,1,1,1,,,,,,
clean pearls,1,1,1,,,,,,
store bobby pins,1,1,1,,,,,,
make eggnog,1,1,1,og tm,,,,,
freeze pies,1,1,1,,,,,,
cook a ham,1,1,1,,,,,,
cook a pumpkin,1,1,1,,,,,,
buy fish,1,1,1,,,,,,
buy basic garden tools,1,1,1,,,,,,
buy food for camping,1,1,1,,,,,,
cook lasagne,1,1,1,,,,,,
cook pumpkin seeds,1,1,1,,,,,,
decorating for religious ceremony,1,1,1,,,,,,
bottling wine,1,1,1,,,,,,
buy natural beef,1,1,1,,,,,,
buy natural supplements,1,1,1,,,,,,
buy school supplies,1,1,1,,,,,,
buying gardening supplies,1,1,1,,,,,,
laying out snacks at work,1,1,1,,,,,,
lighting fireplace,1,1,1,,,,,,
make microwave popcorn,1,1,1,,,,,,
melt white chocolate,1,1,1,,,,,,
make cinnamon toast,1,1,1,,,,,,
preparing lunch box,1,1,1,,,,,,
putting backpack in car for school,1,1,1,,,,,,
putting meal on plate,1,1,1,,,,,,
stash snacks in your room,1,1,1,,,,,,
