Beams,Timber
BedroomFloor1,Parquet_Floor
BlackWood,Walnut_Planks
BrickSmallNew0073_4_S,Brick_Wall_Red
BrownDrywall,Gypsum
BrownMarbleFake,Marble
BrownMarbleFake 1,Marble
BrownPot,Terracotta
CeramicTiles1,Ceramic_Tile_6
CeramicTiles2,Ceramic_Tile_12
CeramicTiles3,Ceramic_Tile_12
Ceramic_Shard_Mat,Ceramic_Smooth_Fired
ConcreteBoards1,Concrete_Block
ConcreteFloor,Concrete_Smooth
ConcreteFloorSmooth,Concrete_Smooth
ConcreteFloorSmooth 1,Concrete_Smooth
CreamMarbleTiles,Marble_Tile_18
Cream_wood,Birch_Planks
CreameDrywall,Plaster
DarkGranite,Granite_Dark
DarkGraniteDULL,Granite_Dark
DarkTiles,Ceramic_Tile_6
DarkTiles 1,Concrete_Rough
DarkWood2,Walnut
DarkWoodFloors,Walnut_Planks
DarkWoodPlanks,Walnut_Planks
DarkWoodSmooth,Walnut
DarkWoodSmooth2,Walnut
Drywall,Plaster
Drywall3,Gypsum
Drywall4Tiled,Plaster
DrywallBeige,Plaster
DrywallEggshell,Paint_Satin
DrywallEggshellTiled,Gypsum
DrywallGreen,Gypsum
DrywallOrange,Plaster
EggshellDrywall,Plaster
EggshellDrywall 1,Plaster
EggshellDrywall 2,Gypsum
EggshellDrywall 3,Plaster
FireplaceTiles,Ceramic_Tile_6
FireplaceTiles2,Ceramic_Tile_6
GREYGRANITE,Granite_Dark
GreenCountertop,Granite_Light
GreyCountertop,Granite_Light
GreyFloor,Concrete_Smooth
GreyFloor 1,Carpet_Gray
GreyFloor 2,Concrete_Smooth
GreyFloor 3,Concrete_Smooth
HexTiles,Ceramic_Tile_12
IrregularGlassTiles1,Clear_Glass
KitchenFloor,Porcelain_Tile_6
KitchenTiles3,Ceramic_Tile_6
KitchenTiles4,Porcelain_Tile_4
KitchenTilesCheckerboard,Ceramic_Tile_6
KitchenWalls,Plaster
LightWhite,WhiteMode
LightWoodCabinets,Oak
LightWoodCabinetsDUll,Oak
LightWoodCounters,Oak
LightWoodCounters 1,Birch_Planks
LightWoodCounters2,Oak
LightWoodCounters3,Oak
LightWoodCounters4,Oak
LivingRoomFireplacebrickTex,Brick_Wall_Red
LivingRoomFireplacebrickTexWHITE,Concrete_Block
MediumWoodSmooth,Timber
OrangeCabinet,Paint_Satin
OrangeCabinet 1,Paint_Gloss
OrangeDrywall,Plaster
OrangeDrywall 1,Gypsum
OrangeWood,Cherry
PVCLit,Plastic
PinkConcrete_Bedroom1,Concrete_Smooth
PinkConcrete_Smooth,Concrete_Smooth
PinkConcrete_Smooth 1,Concrete_Smooth
PinkMarble,Marble
Porcelain_Black_Mat,Porcelain_Smooth
Porcelain_Blue_Mat,Porcelain_Smooth
Porcelain_Grey_Mat,Porcelain_Smooth
Porcelain_Off_White_Mat,Porcelain_Smooth
Porcelain_Red_Mat,Porcelain_Smooth
Porcelain_Sand_Mat,Porcelain_Smooth
Porcelain_Turquoise_Mat,Porcelain_Smooth
Porcelain_White_Mat,Porcelain_Smooth
Porcelain_Yellow_Mat,Porcelain_Smooth
PureBlack_Wood,Walnut
PureWhite,WhiteMode
Red2Drywall,Gypsum
RedBrick,Brick_Wall_Red
RedBricks,Brick_Wall_Red
RedBricks 1,Brick_Wall_Red
RedDrywall,Plaster
RedWall,Brick_Wall_Red
RedWall 1,Brick_Wall_Red
RobinEgg,Blue_Glass
RoboTHOR_Wall_Panel_Fabric_Mat,Cloth_Gray
RoseGraniteTiles,Granite_Light
SMOOTHWOODWood2,Walnut_Planks
SMOOTHWOODWood3,Walnut
SmallKitchenTiles,Ceramic_Tile_6
SmallTiles,Porcelain_Tile_4
SmallTiles 1,Porcelain_Tile_4
SubwayTiles2,Ceramic_Tile_6
SubwayTilesAO,Ceramic_Tile_6
SubwayTilesRough,Ceramic_Smooth_Fired
SubwayTilesRough 1,Ceramic_Smooth_Fired
SubwayTilesRough 2,Ceramic_Smooth_Fired
TexturesCom_BrickRound0044_1_seamless_S,Brick_Wall_Red
TexturesCom_Marble Floor Tiles 1_diffuse_S,Marble_Tile_18
TexturesCom_MarbleWhite0067_1_seamless_S,Marble
TexturesCom_WoodFine0031_1_seamless_S,Timber
TexturesCom_WoodFine0038_1_seamless_S,Walnut_Planks
TexturesCom_WoodFine0038_1_seamless_S_dark,Oak
TexturesCom_WoodFine0038_1_seamless_S_dark 1,Oak
TexturesCom_WoodFine0044_1_seamless_S,Oak
TexturesCom_WoodFine0044_1_seamless_S 1,Timber
TexturesCom_WoodFine0050_1_seamless_S,Timber
TexturesCom_WoodFine0050_1_seamless_S_pale,Walnut
TexturesCom_WoodFine0050_1_seamless_S_rich,Timber
TexturesCom_WoodFine0050_1_seamless_S_white,Walnut_Planks
TexturesCom_WoodFineWhite,WhiteMode
Tiles2,Roof_Tiles
WallDrywallGrey,Plaster
WallDrywallGreyTiled,Gypsum
WallDrywallWhite,Plaster
WallDrywallWhite2,Plaster
WallDrywallWhite3,Plaster
Walldrywall3,Gypsum
Walldrywall3Tiled,Plaster
Walldrywall4,Gypsum
Walldrywall4Tiled,Plaster
WhileMarbleTiles,Marble_Tile_18
WhileMarbleTiles 1,Marble_Tile_18
WhiteBrick,Brick_Wall_Red
WhiteCountertop,Marble
WhiteCountertop1,Ceramic_Smooth_Fired
WhiteGraniteClean,Granite_Light
WhiteMarble,Marble
WhiteMarble2,Marble
WhiteMarble3,Marble
WhiteWood,Timber
WhiteWood1,Timber
WhiteWoodClean,WhiteMode
Wicker,Carpet_Beige
Wood,Oak
Wood 1,Walnut
WoodFineDarkFloorsRedNRM,Walnut_Planks
WoodFineDarkFloorsRedNRM1,Cherry_Planks
WoodFineDarkFloorsRedNRM2,Parquet_Floor
WoodFloorsCross,Parquet_Floor
WoodFloorsCrossRED,Parquet_Floor
WoodFloorsCrossREDGlossy,Parquet_Floor
WoodGrain_Brown,Walnut_Planks
WoodGrain_Tan,Birch
WoodGrains,Walnut_Planks
WoodPlanksCleanseamlesWhitePainted,Oak_Planks
WoodSlashhatch,Timber
WornWood,Timber
YellowDrywall,Plaster
YellowDrywall 1,Plaster
YellowDrywall2,Gypsum
YellowDrywallTiled,Gypsum
YellowDrywallTiled3,Gypsum
YellowPlaster,Plaster
bathroomTilesBlue,Ceramic_Tile_6
bathroomTilesGreen1,Ceramic_Tile_6
bathroomTilesGrey,Porcelain_Tile_6
bathroomTilesGrey 1,Ceramic_Tile_6
bathroomTilesGrey 2,Ceramic_Tile_6
bathroomTilesTan,Ceramic_Tile_6
bathroomTilesTan2,Ceramic_Tile_6
bathroomTilesTan3,Ceramic_Tile_6
bathroomTilesTan4,Ceramic_Tile_12
bathroomTilesTan5,Ceramic_Tile_12
bathroomTilesTan6,Ceramic_Tile_6
marbleBase2,Marble
marbleBase3,Marble