Walnut_Planks,Base/Wood
Walnut,Base/Wood
Plywood,Base/Wood
Timber_Cladding,Base/Wood
Timber,Base/Wood
Parquet_Floor,Base/Wood
Oak_Planks,Base/Wood
Oak,Base/Wood
Mahogany_Planks,Base/Wood
Mahogany,Base/Wood
Cork,Base/Wood
Cherry_Planks,Base/Wood
Cherry,Base/Wood
Birch_Planks,Base/Wood
Birch,Base/Wood
Beadboard,Base/Wood
Bamboo_Planks,Base/Wood
Bamboo,Base/Wood
Ash_Planks,Base/Wood
Ash,Base/Wood
Plaster,Base/Wall_Board
Paper,Base/Wall_Board
MDF,Base/Wall_Board
Gypsum,Base/Wall_Board
Cardboard,Base/Wall_Board
Linen_White,Base/Textiles
Linen_Blue,Base/Textiles
Linen_Beige,Base/Textiles
Leather_Pumpkin,Base/Textiles
Leather_Brown,Base/Textiles
Leather_Black,Base/Textiles
Cloth_Gray,Base/Textiles
Cloth_Black,Base/Textiles
WhiteMode,Base/Styles
Terrazzo,Base/Stone
Terracotta,Base/Stone
Stone_Wall,Base/Stone
Slate,Base/Stone
Retaining_Block,Base/Stone
Porcelain_Tile_6_Linen,Base/Stone
Porcelain_Tile_6,Base/Stone
Porcelain_Tile_4_Linen,Base/Stone
Porcelain_Tile_4,Base/Stone
Porcelain_Smooth,Base/Stone
Pea_Gravel,Base/Stone
Marble_Tile_18,Base/Stone
Marble_Tile_12,Base/Stone
Marble_Smooth,Base/Stone
Marble,Base/Stone
Gravel_River_Rock,Base/Stone
Gravel,Base/Stone
Granite_Light,Base/Stone
Granite_Dark,Base/Stone
FieldStone,Base/Stone
Ceramic_Tile_6,Base/Stone
Ceramic_Tile_18,Base/Stone
Ceramic_Tile_12,Base/Stone
Ceramic_Smooth_Fired,Base/Stone
Adobe_Octagon_Dots,Base/Stone
Vinyl,Base/Plastics
Veneer_Z5_Maple,Base/Plastics
Veneer_UX_Walnut_Cherry,Base/Plastics
Veneer_OU_Walnut,Base/Plastics
Rubber_Textured,Base/Plastics
Rubber_Smooth,Base/Plastics
Plastic_Clear,Base/Plastics
Plastic_Acrylic,Base/Plastics
Plastic_ABS,Base/Plastics
Plastic,Base/Plastics
Water_Opaque,Base/Natural
Water,Base/Natural
Soil_Rocky,Base/Natural
Sand,Base/Natural
Mulch_Brown,Base/Natural
Leaves,Base/Natural
Grass_Winter,Base/Natural
Grass_Cut,Base/Natural
Grass_Countryside,Base/Natural
Dirt,Base/Natural
Asphalt,Base/Natural
Paint_Satin_Finish,Base/Miscellaneous
Paint_Satin,Base/Miscellaneous
Paint_Matte_Finish,Base/Miscellaneous
Paint_Matte,Base/Miscellaneous
Paint_Gloss_Finish,Base/Miscellaneous
Paint_Gloss,Base/Miscellaneous
Chain_Link_Fence,Base/Miscellaneous
Steel_Stainless,Base/Metals
Steel_Cast,Base/Metals
Steel_Carbon,Base/Metals
Steel_Blued,Base/Metals
Silver,Base/Metals
RustedMetal,Base/Metals
Metal_Seamed_Roof,Base/Metals
Metal_Door,Base/Metals
Iron,Base/Metals
Gold,Base/Metals
CorrugatedMetal,Base/Metals
Copper,Base/Metals
Chrome,Base/Metals
Cast_Metal_Silver_Vein,Base/Metals
Brushed_Antique_Copper,Base/Metals
Bronze,Base/Metals
Brass,Base/Metals
Aluminum_Cast,Base/Metals
Aluminum_Anodized_red,Base/Metals
Aluminum_anodized_Charcoal,Base/Metals
Aluminum_Anodized_Blue,Base/Metals
Aluminum_Anodized_Black,Base/Metals
Aluminum_Anodized,Base/Metals
Stucco,Base/Masonry
Concrete_Smooth,Base/Masonry
Concrete_Rough,Base/Masonry
Concrete_Polished,Base/Masonry
Concrete_Formed,Base/Masonry
Concrete_Block,Base/Masonry
Brick_Wall_Red,Base/Masonry
Brick_Wall_Brown,Base/Masonry
Brick_Pavers,Base/Masonry
Adobe_Brick,Base/Masonry
Tinted_Glass_R98,Base/Glass
Tinted_Glass_R85,Base/Glass
Tinted_Glass_R75,Base/Glass
Tinted_Glass_R50,Base/Glass
Tinted_Glass_R25,Base/Glass
Tinted_Glass_R02,Base/Glass
Tinted_Glass,Base/Glass
Red_Glass,Base/Glass
Mirror,Base/Glass
Green_Glass,Base/Glass
Glazed_Glass,Base/Glass
Frosted_Glass,Base/Glass
Dull_Glass,Base/Glass
Clear_Glass,Base/Glass
Blue_Glass,Base/Glass
Light_7000K,Base/Emissives
Light_6000K,Base/Emissives
Light_5500K,Base/Emissives
Light_5000K,Base/Emissives
Light_2900K,Base/Emissives
Light_2600K,Base/Emissives
Light_1900K,Base/Emissives
Light_12000K,Base/Emissives
Carpet_Pattern_Squares_Multi,Base/Carpet
Carpet_Pattern_Loop,Base/Carpet
Carpet_Pattern_Leaf_Squares_Tan,Base/Carpet
Carpet_Gray,Base/Carpet
Carpet_Forest,Base/Carpet
Carpet_Diamond_Yellow,Base/Carpet
Carpet_Diamond_Olive,Base/Carpet
Carpet_Cream,Base/Carpet
Carpet_Charcoal,Base/Carpet
Carpet_Berber_Multi,Base/Carpet
Carpet_Berber_Gray,Base/Carpet
Carpet_Beige,Base/Carpet
Shingles_01,Base/Architecture
Roof_Tiles,Base/Architecture
Ceiling_Tiles,Base/Architecture
