acetone,"{""type"": ""fluid"", ""particle_contact_offset"": 0.012, ""particle_density"": 784.0, ""is_viscous"": false, ""material_mtl_name"": ""DeepWater"", ""customize_material_kwargs"": {""specular_transmission_color"": [1.0, 1.0, 1.0]}}"
adhesive_material,"{""type"": ""macro_visual_particle"", ""relative_particle_scaling"": true}"
alga,"{""type"": ""macro_visual_particle"", ""relative_particle_scaling"": false}"
allspice,"{""type"": ""granular"", ""particle_density"": 405.0}"
almond,"{""type"": ""macro_physical_particle"", ""particle_density"": 615.0}"
ammonia_water,"{""type"": ""fluid"", ""particle_contact_offset"": 0.012, ""particle_density"": 880.0, ""is_viscous"": false, ""material_mtl_name"": ""DeepWater"", ""customize_material_kwargs"": {""specular_transmission_color"": [1.0, 1.0, 1.0]}}"
apple_juice,"{""type"": ""fluid"", ""particle_contact_offset"": 0.012, ""particle_density"": 1330.0, ""is_viscous"": false, ""material_mtl_name"": ""DeepWater"", ""customize_material_kwargs"": {""specular_transmission_color"": [0.92, 0.7, 0.29]}}"
applesauce,"{""type"": ""fluid"", ""particle_contact_offset"": 0.017, ""particle_density"": 1077.0, ""is_viscous"": true, ""material_mtl_name"": ""Jade"", ""customize_material_kwargs"": {""specular_transmission_weight"": 0.07, ""specular_transmission_color"": [0.52, 0.39, 0.0], ""diffuse_reflection_color"": [0.71, 0.52, 0.13]}}"
ash,"{""type"": ""granular"", ""particle_density"": 950.0}"
baby_oil,"{""type"": ""fluid"", ""particle_contact_offset"": 0.012, ""particle_density"": 830.0, ""is_viscous"": true, ""material_mtl_name"": ""DeepWater"", ""customize_material_kwargs"": {""specular_transmission_color"": [1.0, 1.0, 1.0], ""specular_reflection_ior_preset"": 18}}"
baking_powder,"{""type"": ""granular"", ""particle_density"": 1000.0}"
barbecue_sauce,"{""type"": ""fluid"", ""particle_contact_offset"": 0.015, ""particle_density"": 1208.0, ""is_viscous"": true, ""material_mtl_name"": ""Jade"", ""customize_material_kwargs"": {""specular_transmission_weight"": 0.0, ""specular_transmission_color"": [0.33, 0.13, 0.03], ""diffuse_reflection_color"": [0.33, 0.13, 0.03]}}"
beaten_egg,"{""type"": ""fluid"", ""particle_contact_offset"": 0.02, ""particle_density"": 1027.0, ""is_viscous"": false, ""material_mtl_name"": ""WholeMilk"", ""customize_material_kwargs"": {""diffuse_reflection_color"": [1.0, 0.92, 0.71], ""enable_diffuse_transmission"": false}}"
beef_broth,"{""type"": ""fluid"", ""particle_contact_offset"": 0.012, ""particle_density"": 1052.0, ""is_viscous"": false, ""material_mtl_name"": ""DeepWater"", ""customize_material_kwargs"": {""specular_transmission_weight"": 0.3, ""specular_transmission_color"": [0.32, 0.2, 0.01]}}"
beef_stew,"{""type"": ""fluid"", ""particle_contact_offset"": 0.012, ""particle_density"": 1220.0, ""is_viscous"": true, ""material_mtl_name"": ""WholeMilk"", ""customize_material_kwargs"": {""diffuse_reflection_color"": [0.33, 0.1, 0.01], ""enable_diffuse_transmission"": false}}"
beer,"{""type"": ""fluid"", ""particle_contact_offset"": 0.012, ""particle_density"": 1000.0, ""is_viscous"": false, ""material_mtl_name"": ""DeepWater"", ""customize_material_kwargs"": {""specular_transmission_color"": [0.24, 0.16, 0.04], ""specular_transmission_scattering_color"": [0.6, 0.32, 0.02]}}"
bird_feed,"{""type"": ""granular"", ""particle_density"": 1000.0}"
black_bean,"{""type"": ""macro_physical_particle"", ""particle_density"": 728.0}"
black_pepper,"{""type"": ""granular"", ""particle_density"": 570.0}"
bleaching_agent,"{""type"": ""fluid"", ""particle_contact_offset"": 0.012, ""particle_density"": 1110.0, ""is_viscous"": false, ""material_mtl_name"": ""DeepWater"", ""customize_material_kwargs"": {""specular_transmission_color"": [1.0, 1.0, 1.0], ""specular_transmission_scattering_color"": [1.0, 1.0, 1.0]}}"
blueberry,"{""type"": ""macro_physical_particle"", ""particle_density"": 626.0}"
blueberry_mousse,"{""type"": ""fluid"", ""particle_contact_offset"": 0.025, ""particle_density"": 1000.0, ""is_viscous"": true, ""material_mtl_name"": ""Jade"", ""customize_material_kwargs"": {""specular_transmission_weight"": 0.0, ""specular_transmission_color"": [0.83, 0.58, 0.89], ""diffuse_reflection_color"": [0.83, 0.58, 0.89]}}"
borax,"{""type"": ""granular"", ""particle_density"": 1730.0}"
bourbon,"{""type"": ""fluid"", ""particle_contact_offset"": 0.012, ""particle_density"": 940.0, ""is_viscous"": false, ""material_mtl_name"": ""DeepWater"", ""customize_material_kwargs"": {""specular_transmission_scattering_depth"": 0.0, ""specular_transmission_color"": [1.0, 0.5, 0.0], ""specular_transmission_scattering_color"": [1.0, 0.5, 0.0]}}"
breadcrumb,"{""type"": ""granular"", ""particle_density"": 250.0}"
brown_rice,"{""type"": ""granular"", ""particle_density"": 1452.0}"
brown_sugar,"{""type"": ""granular"", ""particle_density"": 1500.0}"
bunchgrass,"{""type"": ""macro_visual_particle"", ""relative_particle_scaling"": false}"
cafe_au_lait,"{""type"": ""fluid"", ""particle_contact_offset"": 0.012, ""particle_density"": 1107.0, ""is_viscous"": false, ""material_mtl_name"": ""WholeMilk"", ""customize_material_kwargs"": {""diffuse_reflection_color"": [0.39, 0.27, 0.16], ""enable_diffuse_transmission"": false}}"
cake_mix,"{""type"": ""granular"", ""particle_density"": 622.0}"
calcium_carbonate,"{""type"": ""granular"", ""particle_density"": 2710.0}"
cane_sugar,"{""type"": ""granular"", ""particle_density"": 812.0}"
cappuccino,"{""type"": ""fluid"", ""particle_contact_offset"": 0.012, ""particle_density"": 1000.0, ""is_viscous"": false, ""material_mtl_name"": ""DeepWater"", ""customize_material_kwargs"": {""specular_transmission_weight"": 0.5, ""specular_transmission_scattering_depth"": 0.0, ""specular_transmission_color"": [0.24, 0.16, 0.09], ""specular_transmission_scattering_color"": [0.24, 0.16, 0.09]}}"
carrot_juice,"{""type"": ""fluid"", ""particle_contact_offset"": 0.012, ""particle_density"": 1030.0, ""is_viscous"": false, ""material_mtl_name"": ""Jade"", ""customize_material_kwargs"": {""specular_transmission_weight"": 0.0, ""specular_transmission_color"": [0.92, 0.39, 0.0], ""diffuse_reflection_color"": [0.92, 0.39, 0.0]}}"
cat_food,"{""type"": ""macro_physical_particle"", ""particle_density"": 350.0}"
catsup,"{""type"": ""fluid"", ""particle_contact_offset"": 0.015, ""particle_density"": 383.0, ""is_viscous"": true, ""material_mtl_name"": ""Jade"", ""customize_material_kwargs"": {""specular_transmission_weight"": 0.0, ""specular_transmission_color"": [0.64, 0.15, 0.08], ""diffuse_reflection_color"": [0.64, 0.15, 0.08]}}"
cayenne,"{""type"": ""granular"", ""particle_density"": 358.0}"
champagne,"{""type"": ""fluid"", ""particle_contact_offset"": 0.012, ""particle_density"": 1000.0, ""is_viscous"": false, ""material_mtl_name"": ""DeepWater"", ""customize_material_kwargs"": {""specular_transmission_color"": [0.98, 0.85, 0.71], ""specular_transmission_scattering_color"": [1.0, 0.5, 0.0]}}"
cheese_pastry_filling,"{""type"": ""fluid"", ""particle_contact_offset"": 0.012, ""particle_density"": 1000.0, ""is_viscous"": true, ""material_mtl_name"": ""WholeMilk"", ""customize_material_kwargs"": {""diffuse_reflection_color"": [0.88, 0.84, 0.82], ""enable_diffuse_transmission"": false}}"
cheese_sauce,"{""type"": ""fluid"", ""particle_contact_offset"": 0.012, ""particle_density"": 1000.0, ""is_viscous"": true, ""material_mtl_name"": ""WholeMilk"", ""customize_material_kwargs"": {""diffuse_reflection_color"": [0.88, 0.84, 0.82], ""enable_diffuse_transmission"": false}}"
cherry_filling,"{""type"": ""fluid"", ""particle_contact_offset"": 0.025, ""particle_density"": 1076.0, ""is_viscous"": true, ""material_mtl_name"": ""Jade"", ""customize_material_kwargs"": {""specular_transmission_weight"": 0.0, ""specular_transmission_color"": [0.73, 0.0, 0.0], ""diffuse_reflection_color"": [0.73, 0.0, 0.0]}}"
chia_seed,"{""type"": ""granular"", ""particle_density"": 1014.0}"
chicken_broth,"{""type"": ""fluid"", ""particle_contact_offset"": 0.012, ""particle_density"": 1052.0, ""is_viscous"": false, ""material_mtl_name"": ""DeepWater"", ""customize_material_kwargs"": {""specular_transmission_color"": [0.92, 0.82, 0.37], ""specular_transmission_scattering_color"": [0.61, 0.46, 0.07]}}"
chicken_curry,"{""type"": ""fluid"", ""particle_contact_offset"": 0.02, ""particle_density"": 998.0, ""is_viscous"": true, ""material_mtl_name"": ""WholeMilk"", ""customize_material_kwargs"": {""diffuse_reflection_color"": [0.82, 0.73, 0.41], ""enable_diffuse_transmission"": false}}"
chicken_soup,"{""type"": ""fluid"", ""particle_contact_offset"": 0.012, ""particle_density"": 1035.0, ""is_viscous"": false, ""material_mtl_name"": ""DeepWater"", ""customize_material_kwargs"": {""specular_transmission_color"": [0.92, 0.82, 0.37], ""specular_transmission_scattering_color"": [0.61, 0.46, 0.07]}}"
chickpea,"{""type"": ""macro_physical_particle"", ""particle_density"": 1370.0}"
chlorine,"{""type"": ""fluid"", ""particle_contact_offset"": 0.012, ""particle_density"": 1035.0, ""is_viscous"": false, ""material_mtl_name"": ""ClearWater"", ""customize_material_kwargs"": {}}"
chocolate_kiss,"{""type"": ""macro_physical_particle"", ""particle_density"": 1894.0}"
chocolate_milk,"{""type"": ""fluid"", ""particle_contact_offset"": 0.012, ""particle_density"": 1250.0, ""is_viscous"": false, ""material_mtl_name"": ""WholeMilk"", ""customize_material_kwargs"": {""diffuse_reflection_color"": [0.4, 0.28, 0.25], ""enable_diffuse_transmission"": false}}"
chocolate_sauce,"{""type"": ""fluid"", ""particle_contact_offset"": 0.017, ""particle_density"": 1325.0, ""is_viscous"": true, ""material_mtl_name"": ""WholeMilk"", ""customize_material_kwargs"": {""diffuse_reflection_color"": [0.11, 0.04, 0.02], ""enable_diffuse_transmission"": false}}"
chowder,"{""type"": ""fluid"", ""particle_contact_offset"": 0.02, ""particle_density"": 1065.0, ""is_viscous"": true, ""material_mtl_name"": ""WholeMilk"", ""customize_material_kwargs"": {""diffuse_reflection_color"": [0.96, 0.92, 0.86], ""enable_diffuse_transmission"": false}}"
cinnamon,"{""type"": ""granular"", ""particle_density"": 528.0}"
cinnamon_sugar,"{""type"": ""granular"", ""particle_density"": 812.0}"
clove,"{""type"": ""granular"", ""particle_density"": 1050.0}"
coal,"{""type"": ""granular"", ""particle_density"": 1500.0}"
coca_cola,"{""type"": ""fluid"", ""particle_contact_offset"": 0.012, ""particle_density"": 610.0, ""is_viscous"": false, ""material_mtl_name"": ""ClearWater"", ""customize_material_kwargs"": {""specular_transmission_weight"": 0.5, ""specular_transmission_color"": [0.3, 0.22, 0.11], ""specular_transmission_scattering_color"": [0.3, 0.22, 0.11]}}"
cocoa,"{""type"": ""fluid"", ""particle_contact_offset"": 0.012, ""particle_density"": 1057.0, ""is_viscous"": false, ""material_mtl_name"": ""WholeMilk"", ""customize_material_kwargs"": {""diffuse_reflection_color"": [0.33, 0.18, 0.11], ""enable_diffuse_transmission"": false}}"
cocoa_powder,"{""type"": ""granular"", ""particle_density"": 364.0}"
coconut,"{""type"": ""macro_physical_particle"", ""particle_density"": 1000.0}"
coconut_milk,"{""type"": ""fluid"", ""particle_contact_offset"": 0.012, ""particle_density"": 1030.0, ""is_viscous"": false, ""material_mtl_name"": ""WholeMilk"", ""customize_material_kwargs"": {""enable_diffuse_transmission"": false}}"
coconut_oil,"{""type"": ""fluid"", ""particle_contact_offset"": 0.012, ""particle_density"": 915.0, ""is_viscous"": true, ""material_mtl_name"": ""DeepWater"", ""customize_material_kwargs"": {""specular_transmission_color"": [1.0, 1.0, 1.0], ""specular_transmission_scattering_color"": [1.0, 1.0, 1.0], ""specular_reflection_ior_preset"": 18}}"
coffee_bean,"{""type"": ""macro_physical_particle"", ""particle_density"": 650.0}"
coffee_grounds,"{""type"": ""macro_visual_particle"", ""relative_particle_scaling"": false}"
conditioner,"{""type"": ""fluid"", ""particle_contact_offset"": 0.012, ""particle_density"": 1000.0, ""is_viscous"": true, ""material_mtl_name"": ""DeepWater"", ""customize_material_kwargs"": {""specular_transmission_color"": [1.0, 1.0, 1.0], ""specular_transmission_scattering_color"": [1.0, 1.0, 1.0], ""specular_reflection_ior_preset"": 18}}"
cooking_oil,"{""type"": ""fluid"", ""particle_contact_offset"": 0.012, ""particle_density"": 920.0, ""is_viscous"": true, ""material_mtl_name"": ""DeepWater"", ""customize_material_kwargs"": {""specular_transmission_color"": [0.94, 0.88, 0.6], ""specular_transmission_scattering_color"": [0.78, 0.57, 0.0], ""specular_reflection_ior_preset"": 18}}"
coriander,"{""type"": ""granular"", ""particle_density"": 406.0}"
cornstarch,"{""type"": ""granular"", ""particle_density"": 541.0}"
cream_cheese,"{""type"": ""fluid"", ""particle_contact_offset"": 0.025, ""particle_density"": 1082.0, ""is_viscous"": true, ""material_mtl_name"": ""WholeMilk"", ""customize_material_kwargs"": {""diffuse_reflection_color"": [1.0, 1.0, 1.0], ""enable_diffuse_transmission"": false}}"
cream_of_tartar,"{""type"": ""granular"", ""particle_density"": 1298.0}"
cream_soda,"{""type"": ""fluid"", ""particle_contact_offset"": 0.012, ""particle_density"": 1047.0, ""is_viscous"": false, ""material_mtl_name"": ""DeepWater"", ""customize_material_kwargs"": {""specular_transmission_scattering_depth"": 0.0, ""specular_transmission_color"": [0.73, 0.51, 0.19], ""specular_transmission_scattering_color"": [0.73, 0.51, 0.19]}}"
crouton,"{""type"": ""macro_physical_particle"", ""particle_density"": 127.0}"
cumin,"{""type"": ""granular"", ""particle_density"": 406.0}"
curry_powder,"{""type"": ""granular"", ""particle_density"": 426.0}"
debris,"{""type"": ""macro_visual_particle"", ""relative_particle_scaling"": true}"
detergent,"{""type"": ""fluid"", ""particle_contact_offset"": 0.012, ""particle_density"": 1060.0, ""is_viscous"": true, ""material_mtl_name"": ""DeepWater"", ""customize_material_kwargs"": {""specular_transmission_scattering_depth"": 0.0, ""specular_transmission_weight"": 0.5, ""specular_transmission_color"": [0.2, 0.21, 0.72], ""specular_transmission_scattering_color"": [0.08, 0.0, 0.78]}}"
diced__apple,"{""type"": ""macro_physical_particle"", ""particle_density"": 465.0}"
diced__avocado,"{""type"": ""macro_physical_particle"", ""particle_density"": 634.0}"
diced__beefsteak_tomato,"{""type"": ""macro_physical_particle"", ""particle_density"": 630.0}"
diced__beet,"{""type"": ""macro_physical_particle"", ""particle_density"": 575.0}"
diced__bell_pepper,"{""type"": ""macro_physical_particle"", ""particle_density"": 630.0}"
diced__broccoli,"{""type"": ""macro_physical_particle"", ""particle_density"": 372.0}"
diced__carne_asada,"{""type"": ""macro_physical_particle"", ""particle_density"": 1037.0}"
diced__carrot,"{""type"": ""macro_physical_particle"", ""particle_density"": 465.0}"
diced__chard,"{""type"": ""macro_physical_particle"", ""particle_density"": 152.0}"
diced__cheddar,"{""type"": ""macro_physical_particle"", ""particle_density"": 947.0}"
diced__chicken,"{""type"": ""macro_physical_particle"", ""particle_density"": 866.0}"
diced__chili,"{""type"": ""macro_physical_particle"", ""particle_density"": 634.0}"
diced__chorizo,"{""type"": ""macro_physical_particle"", ""particle_density"": 592.0}"
diced__clove,"{""type"": ""macro_physical_particle"", ""particle_density"": 575.0}"
diced__cucumber,"{""type"": ""macro_physical_particle"", ""particle_density"": 562.0}"
diced__feta,"{""type"": ""macro_physical_particle"", ""particle_density"": 473.0}"
diced__green_onion,"{""type"": ""macro_physical_particle"", ""particle_density"": 423.0}"
diced__head_cabbage,"{""type"": ""macro_physical_particle"", ""particle_density"": 376.0}"
diced__kiwi,"{""type"": ""macro_physical_particle"", ""particle_density"": 748.0}"
diced__lemon,"{""type"": ""macro_physical_particle"", ""particle_density"": 761.0}"
diced__lettuce,"{""type"": ""macro_physical_particle"", ""particle_density"": 148.0}"
diced__mango,"{""type"": ""macro_physical_particle"", ""particle_density"": 697.0}"
diced__pineapple,"{""type"": ""macro_physical_particle"", ""particle_density"": 732.0}"
diced__potato,"{""type"": ""macro_physical_particle"", ""particle_density"": 562.0}"
diced__spinach,"{""type"": ""macro_physical_particle"", ""particle_density"": 127.0}"
diced__steak,"{""type"": ""macro_physical_particle"", ""particle_density"": 1037.0}"
diced__turkey,"{""type"": ""macro_physical_particle"", ""particle_density"": 793.0}"
diced__vidalia_onion,"{""type"": ""macro_physical_particle"", ""particle_density"": 676.0}"
diced__virginia_ham,"{""type"": ""macro_physical_particle"", ""particle_density"": 592.0}"
diced__watermelon,"{""type"": ""macro_physical_particle"", ""particle_density"": 642.0}"
diced__zucchini,"{""type"": ""macro_physical_particle"", ""particle_density"": 524.0}"
diced__baguet,"{""type"": ""macro_physical_particle"", ""particle_density"": 190.0}"
diced__cod,"{""type"": ""macro_physical_particle"", ""particle_density"": 1038.0}"
diced__bay_leaf,"{""type"": ""macro_physical_particle"", ""particle_density"": 122.0}"
diced__chocolate_cookie_dough,"{""type"": ""macro_physical_particle"", ""particle_density"": 1353.0}"
diced__banana,"{""type"": ""macro_physical_particle"", ""particle_density"": 1082.0}"
diced__onion,"{""type"": ""macro_physical_particle"", ""particle_density"": 1079.0}"
diced__meatball,"{""type"": ""macro_physical_particle"", ""particle_density"": 993.0}"
diced__butter_cookie,"{""type"": ""macro_physical_particle"", ""particle_density"": 634.0}"
diced__marigold,"{""type"": ""macro_physical_particle"", ""particle_density"": 150.0}"
diced__melon,"{""type"": ""macro_physical_particle"", ""particle_density"": 748.0}"
diced__cantaloup,"{""type"": ""macro_physical_particle"", ""particle_density"": 659.0}"
diced__chorizo,"{""type"": ""macro_physical_particle"", ""particle_density"": 592.0}"
diced__pieplant,"{""type"": ""macro_physical_particle"", ""particle_density"": 516.0}"
diced__turkey_leg,"{""type"": ""macro_physical_particle"", ""particle_density"": 592.0}"
diced__toast,"{""type"": ""macro_physical_particle"", ""particle_density"": 190.0}"
diced__ramen,"{""type"": ""macro_physical_particle"", ""particle_density"": 271.0}"
diced__white_turnip,"{""type"": ""macro_physical_particle"", ""particle_density"": 719.0}"
diced__kale,"{""type"": ""macro_physical_particle"", ""particle_density"": 89.0}"
diced__potato_pancake,"{""type"": ""macro_physical_particle"", ""particle_density"": 774.0}"
diced__sirloin,"{""type"": ""macro_physical_particle"", ""particle_density"": 1037.0}"
diced__rutabaga,"{""type"": ""macro_physical_particle"", ""particle_density"": 719.0}"
diced__rib,"{""type"": ""macro_physical_particle"", ""particle_density"": 812.0}"
diced__sprout,"{""type"": ""macro_physical_particle"", ""particle_density"": 359.0}"
diced__banana_bread,"{""type"": ""macro_physical_particle"", ""particle_density"": 500.0}"
diced__cupcake,"{""type"": ""macro_physical_particle"", ""particle_density"": 305.0}"
diced__agave,"{""type"": ""macro_physical_particle"", ""particle_density"": 400.0}"
diced__omelet,"{""type"": ""macro_physical_particle"", ""particle_density"": 799.0}"
diced__gingerbread,"{""type"": ""macro_physical_particle"", ""particle_density"": 1014.0}"
diced__peppermint,"{""type"": ""macro_physical_particle"", ""particle_density"": 710.0}"
diced__hemp,"{""type"": ""macro_physical_particle"", ""particle_density"": 676.0}"
diced__biscuit_dough,"{""type"": ""macro_physical_particle"", ""particle_density"": 500.0}"
diced__swiss_cheese,"{""type"": ""macro_physical_particle"", ""particle_density"": 915.0}"
diced__carne_asada,"{""type"": ""macro_physical_particle"", ""particle_density"": 1037.0}"
diced__cheese_tart,"{""type"": ""macro_physical_particle"", ""particle_density"": 750.0}"
diced__coconut,"{""type"": ""macro_physical_particle"", ""particle_density"": 352.0}"
diced__huitre,"{""type"": ""macro_physical_particle"", ""particle_density"": 849.0}"
diced__pepperoni,"{""type"": ""macro_physical_particle"", ""particle_density"": 583.0}"
diced__grouper,"{""type"": ""macro_physical_particle"", ""particle_density"": 1038.0}"
diced__meat_loaf,"{""type"": ""macro_physical_particle"", ""particle_density"": 592.0}"
diced__hamburger,"{""type"": ""macro_physical_particle"", ""particle_density"": 955.0}"
diced__pizza,"{""type"": ""macro_physical_particle"", ""particle_density"": 503.0}"
diced__scallop,"{""type"": ""macro_physical_particle"", ""particle_density"": 521.0}"
diced__halibut,"{""type"": ""macro_physical_particle"", ""particle_density"": 1038.0}"
diced__chives,"{""type"": ""macro_physical_particle"", ""particle_density"": 203.0}"
diced__bleu,"{""type"": ""macro_physical_particle"", ""particle_density"": 947.0}"
diced__danish,"{""type"": ""macro_physical_particle"", ""particle_density"": 397.0}"
diced__auricularia,"{""type"": ""macro_physical_particle"", ""particle_density"": 150.0}"
diced__burrito,"{""type"": ""macro_physical_particle"", ""particle_density"": 740.0}"
diced__leek,"{""type"": ""macro_physical_particle"", ""particle_density"": 376.0}"
diced__cherry,"{""type"": ""macro_physical_particle"", ""particle_density"": 789.0}"
diced__marshmallow,"{""type"": ""macro_physical_particle"", ""particle_density"": 406.0}"
diced__lemon_peel,"{""type"": ""macro_physical_particle"", ""particle_density"": 406.0}"
diced__cinnamon_roll,"{""type"": ""macro_physical_particle"", ""particle_density"": 397.0}"
diced__tortilla_chip,"{""type"": ""macro_physical_particle"", ""particle_density"": 110.0}"
diced__turkey,"{""type"": ""macro_physical_particle"", ""particle_density"": 592.0}"
diced__gelatin,"{""type"": ""macro_physical_particle"", ""particle_density"": 1141.0}"
diced__frank,"{""type"": ""macro_physical_particle"", ""particle_density"": 638.0}"
diced__whole_garlic,"{""type"": ""macro_physical_particle"", ""particle_density"": 575.0}"
diced__chanterelle,"{""type"": ""macro_physical_particle"", ""particle_density"": 228.0}"
diced__nectarine,"{""type"": ""macro_physical_particle"", ""particle_density"": 604.0}"
diced__pear,"{""type"": ""macro_physical_particle"", ""particle_density"": 592.0}"
diced__chicken_wing,"{""type"": ""macro_physical_particle"", ""particle_density"": 866.0}"
diced__fillet,"{""type"": ""macro_physical_particle"", ""particle_density"": 866.0}"
diced__chicken_leg,"{""type"": ""macro_physical_particle"", ""particle_density"": 866.0}"
diced__date,"{""type"": ""macro_physical_particle"", ""particle_density"": 676.0}"
diced__pomegranate,"{""type"": ""macro_physical_particle"", ""particle_density"": 789.0}"
diced__arepa,"{""type"": ""macro_physical_particle"", ""particle_density"": 501.0}"
diced__hard-boiled_egg,"{""type"": ""macro_physical_particle"", ""particle_density"": 1027.0}"
diced__mussel,"{""type"": ""macro_physical_particle"", ""particle_density"": 478.0}"
diced__butter,"{""type"": ""macro_physical_particle"", ""particle_density"": 959.0}"
diced__ginger,"{""type"": ""macro_physical_particle"", ""particle_density"": 406.0}"
diced__butternut_squash,"{""type"": ""macro_physical_particle"", ""particle_density"": 1409.0}"
diced__clam,"{""type"": ""macro_physical_particle"", ""particle_density"": 959.0}"
diced__sushi,"{""type"": ""macro_physical_particle"", ""particle_density"": 1048.0}"
diced__broccoli_rabe,"{""type"": ""macro_physical_particle"", ""particle_density"": 351.0}"
diced__pie_crust,"{""type"": ""macro_physical_particle"", ""particle_density"": 545.0}"
diced__hamburger_bun,"{""type"": ""macro_physical_particle"", ""particle_density"": 300.0}"
diced__papaya,"{""type"": ""macro_physical_particle"", ""particle_density"": 592.0}"
diced__sugar_cookie,"{""type"": ""macro_physical_particle"", ""particle_density"": 862.0}"
diced__salmon,"{""type"": ""macro_physical_particle"", ""particle_density"": 1065.0}"
diced__muffin,"{""type"": ""macro_physical_particle"", ""particle_density"": 433.0}"
diced__bagel_dough,"{""type"": ""macro_physical_particle"", ""particle_density"": 592.0}"
diced__brisket,"{""type"": ""macro_physical_particle"", ""particle_density"": 1037.0}"
diced__olive,"{""type"": ""macro_physical_particle"", ""particle_density"": 568.0}"
diced__crab,"{""type"": ""macro_physical_particle"", ""particle_density"": 964.0}"
diced__blackberry,"{""type"": ""macro_physical_particle"", ""particle_density"": 664.0}"
diced__duck,"{""type"": ""macro_physical_particle"", ""particle_density"": 592.0}"
diced__crescent_roll,"{""type"": ""macro_physical_particle"", ""particle_density"": 400.0}"
diced__pickle,"{""type"": ""macro_physical_particle"", ""particle_density"": 655.0}"
diced__kielbasa,"{""type"": ""macro_physical_particle"", ""particle_density"": 782.0}"
diced__squid,"{""type"": ""macro_physical_particle"", ""particle_density"": 930.0}"
diced__tomato,"{""type"": ""macro_physical_particle"", ""particle_density"": 930.0}"
diced__chestnut,"{""type"": ""macro_physical_particle"", ""particle_density"": 613.0}"
diced__chocolate_chip_cookie,"{""type"": ""macro_physical_particle"", ""particle_density"": 862.0}"
diced__plum,"{""type"": ""macro_physical_particle"", ""particle_density"": 571.0}"
diced__sunflower,"{""type"": ""macro_physical_particle"", ""particle_density"": 300.0}"
diced__tofu,"{""type"": ""macro_physical_particle"", ""particle_density"": 1065.0}"
diced__pretzel,"{""type"": ""macro_physical_particle"", ""particle_density"": 381.0}"
diced__parsnip,"{""type"": ""macro_physical_particle"", ""particle_density"": 562.0}"
diced__crayfish,"{""type"": ""macro_physical_particle"", ""particle_density"": 592.0}"
diced__chicken_tender,"{""type"": ""macro_physical_particle"", ""particle_density"": 592.0}"
diced__cauliflower,"{""type"": ""macro_physical_particle"", ""particle_density"": 452.0}"
diced__lobster,"{""type"": ""macro_physical_particle"", ""particle_density"": 613.0}"
diced__mushroom,"{""type"": ""macro_physical_particle"", ""particle_density"": 296.0}"
diced__tiramisu,"{""type"": ""macro_physical_particle"", ""particle_density"": 604.0}"
diced__arugula,"{""type"": ""macro_physical_particle"", ""particle_density"": 180.0}"
diced__spice_cookie,"{""type"": ""macro_physical_particle"", ""particle_density"": 862.0}"
diced__antipasto,"{""type"": ""macro_physical_particle"", ""particle_density"": 634.0}"
diced__pizza_dough,"{""type"": ""macro_physical_particle"", ""particle_density"": 1037.0}"
diced__waffle,"{""type"": ""macro_physical_particle"", ""particle_density"": 507.0}"
diced__yam,"{""type"": ""macro_physical_particle"", ""particle_density"": 634.0}"
diced__cheesecake,"{""type"": ""macro_physical_particle"", ""particle_density"": 930.0}"
diced__eggplant,"{""type"": ""macro_physical_particle"", ""particle_density"": 347.0}"
diced__bacon,"{""type"": ""macro_physical_particle"", ""particle_density"": 609.0}"
diced__trout,"{""type"": ""macro_physical_particle"", ""particle_density"": 1037.0}"
diced__apricot,"{""type"": ""macro_physical_particle"", ""particle_density"": 655.0}"
diced__shiitake,"{""type"": ""macro_physical_particle"", ""particle_density"": 613.0}"
diced__spice_cookie_dough,"{""type"": ""macro_physical_particle"", ""particle_density"": 1353.0}"
diced__tuna,"{""type"": ""macro_physical_particle"", ""particle_density"": 976.0}"
diced__peach,"{""type"": ""macro_physical_particle"", ""particle_density"": 651.0}"
diced__granola_bar,"{""type"": ""macro_physical_particle"", ""particle_density"": 516.0}"
diced__ivy,"{""type"": ""macro_physical_particle"", ""particle_density"": 200.0}"
diced__garlic_bread,"{""type"": ""macro_physical_particle"", ""particle_density"": 262.0}"
diced__quiche,"{""type"": ""macro_physical_particle"", ""particle_density"": 676.0}"
diced__vanilla,"{""type"": ""macro_physical_particle"", ""particle_density"": 879.0}"
diced__pork,"{""type"": ""macro_physical_particle"", ""particle_density"": 571.0}"
diced__lamb,"{""type"": ""macro_physical_particle"", ""particle_density"": 1037.0}"
diced__radish,"{""type"": ""macro_physical_particle"", ""particle_density"": 647.0}"
diced__french_fries,"{""type"": ""macro_physical_particle"", ""particle_density"": 241.0}"
diced__oxtail,"{""type"": ""macro_physical_particle"", ""particle_density"": 566.0}"
diced__artichoke,"{""type"": ""macro_physical_particle"", ""particle_density"": 634.0}"
diced__sour_bread,"{""type"": ""macro_physical_particle"", ""particle_density"": 262.0}"
diced__cherry_tomato,"{""type"": ""macro_physical_particle"", ""particle_density"": 655.0}"
diced__venison,"{""type"": ""macro_physical_particle"", ""particle_density"": 1098.0}"
diced__scone,"{""type"": ""macro_physical_particle"", ""particle_density"": 555.0}"
diced__cold_cuts,"{""type"": ""macro_physical_particle"", ""particle_density"": 1014.0}"
diced__trunk,"{""type"": ""macro_physical_particle"", ""particle_density"": 500.0}"
diced__tortilla,"{""type"": ""macro_physical_particle"", ""particle_density"": 469.0}"
diced__bouquet,"{""type"": ""macro_physical_particle"", ""particle_density"": 300.0}"
diced__quail,"{""type"": ""macro_physical_particle"", ""particle_density"": 1037.0}"
diced__bagel,"{""type"": ""macro_physical_particle"", ""particle_density"": 812.0}"
diced__mustard,"{""type"": ""macro_physical_particle"", ""particle_density"": 1052.0}"
diced__dumpling,"{""type"": ""macro_physical_particle"", ""particle_density"": 1014.0}"
diced__veal,"{""type"": ""macro_physical_particle"", ""particle_density"": 1037.0}"
diced__buttermilk_pancake,"{""type"": ""macro_physical_particle"", ""particle_density"": 660.0}"
diced__brussels_sprouts,"{""type"": ""macro_physical_particle"", ""particle_density"": 372.0}"
diced__brownie,"{""type"": ""macro_physical_particle"", ""particle_density"": 724.0}"
diced__frankfurter_bun,"{""type"": ""macro_physical_particle"", ""particle_density"": 300.0}"
diced__tulip,"{""type"": ""macro_physical_particle"", ""particle_density"": 200.0}"
diced__pastry,"{""type"": ""macro_physical_particle"", ""particle_density"": 1442.0}"
diced__branch,"{""type"": ""macro_physical_particle"", ""particle_density"": 750.0}"
diced__bok_choy,"{""type"": ""macro_physical_particle"", ""particle_density"": 359.0}"
diced__cactus,"{""type"": ""macro_physical_particle"", ""particle_density"": 600.0}"
diced__enchilada,"{""type"": ""macro_physical_particle"", ""particle_density"": 800.0}"
diced__roast_beef,"{""type"": ""macro_physical_particle"", ""particle_density"": 1040.0}"
diced__taco,"{""type"": ""macro_physical_particle"", ""particle_density"": 516.0}"
diced__sweet_corn,"{""type"": ""macro_physical_particle"", ""particle_density"": 1057.0}"
diced__club_sandwich,"{""type"": ""macro_physical_particle"", ""particle_density"": 600.0}"
diced__snapper,"{""type"": ""macro_physical_particle"", ""particle_density"": 1037.0}"
diced__chocolate_cake,"{""type"": ""macro_physical_particle"", ""particle_density"": 1100.0}"
diced__prosciutto,"{""type"": ""macro_physical_particle"", ""particle_density"": 237.0}"
diced__asparagus,"{""type"": ""macro_physical_particle"", ""particle_density"": 566.0}"
diced__bamboo,"{""type"": ""macro_physical_particle"", ""particle_density"": 642.0}"
diced__fruitcake,"{""type"": ""macro_physical_particle"", ""particle_density"": 1100.0}"
diced__doughnut,"{""type"": ""macro_physical_particle"", ""particle_density"": 279.0}"
diced__dried_apricot,"{""type"": ""macro_physical_particle"", ""particle_density"": 558.0}"
diced__flower,"{""type"": ""macro_physical_particle"", ""particle_density"": 200.0}"
diced__hazelnut,"{""type"": ""macro_physical_particle"", ""particle_density"": 486.0}"
diced__wafer,"{""type"": ""macro_physical_particle"", ""particle_density"": 338.0}"
diced__prawn,"{""type"": ""macro_physical_particle"", ""particle_density"": 719.0}"
diced__hip,"{""type"": ""macro_physical_particle"", ""particle_density"": 1037.0}"
diced__green_bean,"{""type"": ""macro_physical_particle"", ""particle_density"": 479.0}"
diced__kabob,"{""type"": ""macro_physical_particle"", ""particle_density"": 651.0}"
diced__porkchop,"{""type"": ""macro_physical_particle"", ""particle_density"": 1037.0}"
diced__fennel,"{""type"": ""macro_physical_particle"", ""particle_density"": 368.0}"
diced__lime,"{""type"": ""macro_physical_particle"", ""particle_density"": 972.0}"
diced__pita,"{""type"": ""macro_physical_particle"", ""particle_density"": 254.0}"
diced__grapefruit,"{""type"": ""macro_physical_particle"", ""particle_density"": 972.0}"
diced__mozzarella,"{""type"": ""macro_physical_particle"", ""particle_density"": 473.0}"
diced__ham_hock,"{""type"": ""macro_physical_particle"", ""particle_density"": 592.0}"
diced__durian,"{""type"": ""macro_physical_particle"", ""particle_density"": 1027.0}"
diced__tenderloin,"{""type"": ""macro_physical_particle"", ""particle_density"": 1037.0}"
diced__pomelo,"{""type"": ""macro_physical_particle"", ""particle_density"": 972.0}"
diced__macaroon,"{""type"": ""macro_physical_particle"", ""particle_density"": 338.0}"
diced__entire_leaf,"{""type"": ""macro_physical_particle"", ""particle_density"": 200.0}"
diced__gourd,"{""type"": ""macro_physical_particle"", ""particle_density"": 490.0}"
diced__gooseberry,"{""type"": ""macro_physical_particle"", ""particle_density"": 462.0}"
diced__pumpkin,"{""type"": ""macro_physical_particle"", ""particle_density"": 490.0}"
diced__garden_plant,"{""type"": ""macro_physical_particle"", ""particle_density"": 500.0}"
diced__walnut,"{""type"": ""macro_physical_particle"", ""particle_density"": 495.0}"
diced__hotdog,"{""type"": ""macro_physical_particle"", ""particle_density"": 1015.0}"
diced__broccolini,"{""type"": ""macro_physical_particle"", ""particle_density"": 211.0}"
diced__parsley,"{""type"": ""macro_physical_particle"", ""particle_density"": 257.0}"
diced__edible_cookie_dough,"{""type"": ""macro_physical_particle"", ""particle_density"": 1353.0}"
diced__bean_curd,"{""type"": ""macro_physical_particle"", ""particle_density"": 338.0}"
diced__french_toast,"{""type"": ""macro_physical_particle"", ""particle_density"": 325.0}"
diced__sugar_cookie_dough,"{""type"": ""macro_physical_particle"", ""particle_density"": 1353.0}"
diced__chocolate_biscuit,"{""type"": ""macro_physical_particle"", ""particle_density"": 500.0}"
cooked__diced__baguet,"{""type"": ""macro_physical_particle"", ""particle_density"": 190.0}"
cooked__diced__cod,"{""type"": ""macro_physical_particle"", ""particle_density"": 1038.0}"
cooked__diced__bay_leaf,"{""type"": ""macro_physical_particle"", ""particle_density"": 122.0}"
cooked__diced__chocolate_cookie_dough,"{""type"": ""macro_physical_particle"", ""particle_density"": 1353.0}"
cooked__diced__banana,"{""type"": ""macro_physical_particle"", ""particle_density"": 1082.0}"
cooked__diced__onion,"{""type"": ""macro_physical_particle"", ""particle_density"": 1079.0}"
cooked__diced__meatball,"{""type"": ""macro_physical_particle"", ""particle_density"": 993.0}"
cooked__diced__butter_cookie,"{""type"": ""macro_physical_particle"", ""particle_density"": 634.0}"
cooked__diced__marigold,"{""type"": ""macro_physical_particle"", ""particle_density"": 150.0}"
cooked__diced__melon,"{""type"": ""macro_physical_particle"", ""particle_density"": 748.0}"
cooked__diced__cantaloup,"{""type"": ""macro_physical_particle"", ""particle_density"": 659.0}"
cooked__diced__chorizo,"{""type"": ""macro_physical_particle"", ""particle_density"": 592.0}"
cooked__diced__pieplant,"{""type"": ""macro_physical_particle"", ""particle_density"": 516.0}"
cooked__diced__turkey_leg,"{""type"": ""macro_physical_particle"", ""particle_density"": 592.0}"
cooked__diced__toast,"{""type"": ""macro_physical_particle"", ""particle_density"": 190.0}"
cooked__diced__ramen,"{""type"": ""macro_physical_particle"", ""particle_density"": 271.0}"
cooked__diced__white_turnip,"{""type"": ""macro_physical_particle"", ""particle_density"": 719.0}"
cooked__diced__kale,"{""type"": ""macro_physical_particle"", ""particle_density"": 89.0}"
cooked__diced__potato_pancake,"{""type"": ""macro_physical_particle"", ""particle_density"": 774.0}"
cooked__diced__sirloin,"{""type"": ""macro_physical_particle"", ""particle_density"": 1037.0}"
cooked__diced__rutabaga,"{""type"": ""macro_physical_particle"", ""particle_density"": 719.0}"
cooked__diced__rib,"{""type"": ""macro_physical_particle"", ""particle_density"": 812.0}"
cooked__diced__sprout,"{""type"": ""macro_physical_particle"", ""particle_density"": 359.0}"
cooked__diced__banana_bread,"{""type"": ""macro_physical_particle"", ""particle_density"": 500.0}"
cooked__diced__omelet,"{""type"": ""macro_physical_particle"", ""particle_density"": 799.0}"
cooked__diced__gingerbread,"{""type"": ""macro_physical_particle"", ""particle_density"": 1014.0}"
cooked__diced__peppermint,"{""type"": ""macro_physical_particle"", ""particle_density"": 710.0}"
cooked__diced__hemp,"{""type"": ""macro_physical_particle"", ""particle_density"": 676.0}"
cooked__diced__biscuit_dough,"{""type"": ""macro_physical_particle"", ""particle_density"": 500.0}"
cooked__diced__swiss_cheese,"{""type"": ""macro_physical_particle"", ""particle_density"": 915.0}"
cooked__diced__carne_asada,"{""type"": ""macro_physical_particle"", ""particle_density"": 1037.0}"
cooked__diced__cheese_tart,"{""type"": ""macro_physical_particle"", ""particle_density"": 750.0}"
cooked__diced__coconut,"{""type"": ""macro_physical_particle"", ""particle_density"": 352.0}"
cooked__diced__huitre,"{""type"": ""macro_physical_particle"", ""particle_density"": 849.0}"
cooked__diced__pepperoni,"{""type"": ""macro_physical_particle"", ""particle_density"": 583.0}"
cooked__diced__grouper,"{""type"": ""macro_physical_particle"", ""particle_density"": 1038.0}"
cooked__diced__meat_loaf,"{""type"": ""macro_physical_particle"", ""particle_density"": 592.0}"
cooked__diced__hamburger,"{""type"": ""macro_physical_particle"", ""particle_density"": 955.0}"
cooked__diced__pizza,"{""type"": ""macro_physical_particle"", ""particle_density"": 503.0}"
cooked__diced__scallop,"{""type"": ""macro_physical_particle"", ""particle_density"": 521.0}"
cooked__diced__halibut,"{""type"": ""macro_physical_particle"", ""particle_density"": 1038.0}"
cooked__diced__chives,"{""type"": ""macro_physical_particle"", ""particle_density"": 203.0}"
cooked__diced__bleu,"{""type"": ""macro_physical_particle"", ""particle_density"": 947.0}"
cooked__diced__danish,"{""type"": ""macro_physical_particle"", ""particle_density"": 397.0}"
cooked__diced__auricularia,"{""type"": ""macro_physical_particle"", ""particle_density"": 150.0}"
cooked__diced__burrito,"{""type"": ""macro_physical_particle"", ""particle_density"": 740.0}"
cooked__diced__leek,"{""type"": ""macro_physical_particle"", ""particle_density"": 376.0}"
cooked__diced__cherry,"{""type"": ""macro_physical_particle"", ""particle_density"": 789.0}"
cooked__diced__marshmallow,"{""type"": ""macro_physical_particle"", ""particle_density"": 406.0}"
cooked__diced__lemon_peel,"{""type"": ""macro_physical_particle"", ""particle_density"": 406.0}"
cooked__diced__cinnamon_roll,"{""type"": ""macro_physical_particle"", ""particle_density"": 397.0}"
cooked__diced__tortilla_chip,"{""type"": ""macro_physical_particle"", ""particle_density"": 110.0}"
cooked__diced__turkey,"{""type"": ""macro_physical_particle"", ""particle_density"": 592.0}"
cooked__diced__gelatin,"{""type"": ""macro_physical_particle"", ""particle_density"": 1141.0}"
cooked__diced__frank,"{""type"": ""macro_physical_particle"", ""particle_density"": 638.0}"
cooked__diced__whole_garlic,"{""type"": ""macro_physical_particle"", ""particle_density"": 575.0}"
cooked__diced__chanterelle,"{""type"": ""macro_physical_particle"", ""particle_density"": 228.0}"
cooked__diced__nectarine,"{""type"": ""macro_physical_particle"", ""particle_density"": 604.0}"
cooked__diced__pear,"{""type"": ""macro_physical_particle"", ""particle_density"": 592.0}"
cooked__diced__chicken_wing,"{""type"": ""macro_physical_particle"", ""particle_density"": 866.0}"
cooked__diced__fillet,"{""type"": ""macro_physical_particle"", ""particle_density"": 866.0}"
cooked__diced__chicken_leg,"{""type"": ""macro_physical_particle"", ""particle_density"": 866.0}"
cooked__diced__date,"{""type"": ""macro_physical_particle"", ""particle_density"": 676.0}"
cooked__diced__pomegranate,"{""type"": ""macro_physical_particle"", ""particle_density"": 789.0}"
cooked__diced__arepa,"{""type"": ""macro_physical_particle"", ""particle_density"": 501.0}"
cooked__diced__hard-boiled_egg,"{""type"": ""macro_physical_particle"", ""particle_density"": 1027.0}"
cooked__diced__mussel,"{""type"": ""macro_physical_particle"", ""particle_density"": 478.0}"
cooked__diced__butter,"{""type"": ""macro_physical_particle"", ""particle_density"": 959.0}"
cooked__diced__ginger,"{""type"": ""macro_physical_particle"", ""particle_density"": 406.0}"
cooked__diced__butternut_squash,"{""type"": ""macro_physical_particle"", ""particle_density"": 1409.0}"
cooked__diced__clam,"{""type"": ""macro_physical_particle"", ""particle_density"": 959.0}"
cooked__diced__sushi,"{""type"": ""macro_physical_particle"", ""particle_density"": 1048.0}"
cooked__diced__broccoli_rabe,"{""type"": ""macro_physical_particle"", ""particle_density"": 351.0}"
cooked__diced__pie_crust,"{""type"": ""macro_physical_particle"", ""particle_density"": 545.0}"
cooked__diced__hamburger_bun,"{""type"": ""macro_physical_particle"", ""particle_density"": 300.0}"
cooked__diced__papaya,"{""type"": ""macro_physical_particle"", ""particle_density"": 592.0}"
cooked__diced__sugar_cookie,"{""type"": ""macro_physical_particle"", ""particle_density"": 862.0}"
cooked__diced__salmon,"{""type"": ""macro_physical_particle"", ""particle_density"": 1065.0}"
cooked__diced__muffin,"{""type"": ""macro_physical_particle"", ""particle_density"": 433.0}"
cooked__diced__bagel_dough,"{""type"": ""macro_physical_particle"", ""particle_density"": 592.0}"
cooked__diced__brisket,"{""type"": ""macro_physical_particle"", ""particle_density"": 1037.0}"
cooked__diced__olive,"{""type"": ""macro_physical_particle"", ""particle_density"": 568.0}"
cooked__diced__crab,"{""type"": ""macro_physical_particle"", ""particle_density"": 964.0}"
cooked__diced__blackberry,"{""type"": ""macro_physical_particle"", ""particle_density"": 664.0}"
cooked__diced__duck,"{""type"": ""macro_physical_particle"", ""particle_density"": 592.0}"
cooked__diced__crescent_roll,"{""type"": ""macro_physical_particle"", ""particle_density"": 400.0}"
cooked__diced__pickle,"{""type"": ""macro_physical_particle"", ""particle_density"": 655.0}"
cooked__diced__kielbasa,"{""type"": ""macro_physical_particle"", ""particle_density"": 782.0}"
cooked__diced__squid,"{""type"": ""macro_physical_particle"", ""particle_density"": 930.0}"
cooked__diced__tomato,"{""type"": ""macro_physical_particle"", ""particle_density"": 930.0}"
cooked__diced__chestnut,"{""type"": ""macro_physical_particle"", ""particle_density"": 613.0}"
cooked__diced__chocolate_chip_cookie,"{""type"": ""macro_physical_particle"", ""particle_density"": 862.0}"
cooked__diced__plum,"{""type"": ""macro_physical_particle"", ""particle_density"": 571.0}"
cooked__diced__sunflower,"{""type"": ""macro_physical_particle"", ""particle_density"": 300.0}"
cooked__diced__tofu,"{""type"": ""macro_physical_particle"", ""particle_density"": 1065.0}"
cooked__diced__pretzel,"{""type"": ""macro_physical_particle"", ""particle_density"": 381.0}"
cooked__diced__parsnip,"{""type"": ""macro_physical_particle"", ""particle_density"": 562.0}"
cooked__diced__crayfish,"{""type"": ""macro_physical_particle"", ""particle_density"": 592.0}"
cooked__diced__chicken_tender,"{""type"": ""macro_physical_particle"", ""particle_density"": 592.0}"
cooked__diced__cauliflower,"{""type"": ""macro_physical_particle"", ""particle_density"": 452.0}"
cooked__diced__lobster,"{""type"": ""macro_physical_particle"", ""particle_density"": 613.0}"
cooked__diced__mushroom,"{""type"": ""macro_physical_particle"", ""particle_density"": 296.0}"
cooked__diced__tiramisu,"{""type"": ""macro_physical_particle"", ""particle_density"": 604.0}"
cooked__diced__arugula,"{""type"": ""macro_physical_particle"", ""particle_density"": 180.0}"
cooked__diced__spice_cookie,"{""type"": ""macro_physical_particle"", ""particle_density"": 862.0}"
cooked__diced__antipasto,"{""type"": ""macro_physical_particle"", ""particle_density"": 634.0}"
cooked__diced__pizza_dough,"{""type"": ""macro_physical_particle"", ""particle_density"": 1037.0}"
cooked__diced__waffle,"{""type"": ""macro_physical_particle"", ""particle_density"": 507.0}"
cooked__diced__yam,"{""type"": ""macro_physical_particle"", ""particle_density"": 634.0}"
cooked__diced__cheesecake,"{""type"": ""macro_physical_particle"", ""particle_density"": 930.0}"
cooked__diced__eggplant,"{""type"": ""macro_physical_particle"", ""particle_density"": 347.0}"
cooked__diced__bacon,"{""type"": ""macro_physical_particle"", ""particle_density"": 609.0}"
cooked__diced__trout,"{""type"": ""macro_physical_particle"", ""particle_density"": 1037.0}"
cooked__diced__apricot,"{""type"": ""macro_physical_particle"", ""particle_density"": 655.0}"
cooked__diced__shiitake,"{""type"": ""macro_physical_particle"", ""particle_density"": 613.0}"
cooked__diced__spice_cookie_dough,"{""type"": ""macro_physical_particle"", ""particle_density"": 1353.0}"
cooked__diced__tuna,"{""type"": ""macro_physical_particle"", ""particle_density"": 976.0}"
cooked__diced__peach,"{""type"": ""macro_physical_particle"", ""particle_density"": 651.0}"
cooked__diced__granola_bar,"{""type"": ""macro_physical_particle"", ""particle_density"": 516.0}"
cooked__diced__ivy,"{""type"": ""macro_physical_particle"", ""particle_density"": 200.0}"
cooked__diced__garlic_bread,"{""type"": ""macro_physical_particle"", ""particle_density"": 262.0}"
cooked__diced__quiche,"{""type"": ""macro_physical_particle"", ""particle_density"": 676.0}"
cooked__diced__vanilla,"{""type"": ""macro_physical_particle"", ""particle_density"": 879.0}"
cooked__diced__pork,"{""type"": ""macro_physical_particle"", ""particle_density"": 571.0}"
cooked__diced__lamb,"{""type"": ""macro_physical_particle"", ""particle_density"": 1037.0}"
cooked__diced__radish,"{""type"": ""macro_physical_particle"", ""particle_density"": 647.0}"
cooked__diced__french_fries,"{""type"": ""macro_physical_particle"", ""particle_density"": 241.0}"
cooked__diced__oxtail,"{""type"": ""macro_physical_particle"", ""particle_density"": 566.0}"
cooked__diced__artichoke,"{""type"": ""macro_physical_particle"", ""particle_density"": 634.0}"
cooked__diced__sour_bread,"{""type"": ""macro_physical_particle"", ""particle_density"": 262.0}"
cooked__diced__cherry_tomato,"{""type"": ""macro_physical_particle"", ""particle_density"": 655.0}"
cooked__diced__venison,"{""type"": ""macro_physical_particle"", ""particle_density"": 1098.0}"
cooked__diced__scone,"{""type"": ""macro_physical_particle"", ""particle_density"": 555.0}"
cooked__diced__cold_cuts,"{""type"": ""macro_physical_particle"", ""particle_density"": 1014.0}"
cooked__diced__trunk,"{""type"": ""macro_physical_particle"", ""particle_density"": 500.0}"
cooked__diced__tortilla,"{""type"": ""macro_physical_particle"", ""particle_density"": 469.0}"
cooked__diced__quail,"{""type"": ""macro_physical_particle"", ""particle_density"": 1037.0}"
cooked__diced__bagel,"{""type"": ""macro_physical_particle"", ""particle_density"": 812.0}"
cooked__diced__mustard,"{""type"": ""macro_physical_particle"", ""particle_density"": 1052.0}"
cooked__diced__dumpling,"{""type"": ""macro_physical_particle"", ""particle_density"": 1014.0}"
cooked__diced__veal,"{""type"": ""macro_physical_particle"", ""particle_density"": 1037.0}"
cooked__diced__buttermilk_pancake,"{""type"": ""macro_physical_particle"", ""particle_density"": 660.0}"
cooked__diced__brussels_sprouts,"{""type"": ""macro_physical_particle"", ""particle_density"": 372.0}"
cooked__diced__brownie,"{""type"": ""macro_physical_particle"", ""particle_density"": 724.0}"
cooked__diced__frankfurter_bun,"{""type"": ""macro_physical_particle"", ""particle_density"": 300.0}"
cooked__diced__tulip,"{""type"": ""macro_physical_particle"", ""particle_density"": 200.0}"
cooked__diced__pastry,"{""type"": ""macro_physical_particle"", ""particle_density"": 1442.0}"
cooked__diced__bok_choy,"{""type"": ""macro_physical_particle"", ""particle_density"": 359.0}"
cooked__diced__cactus,"{""type"": ""macro_physical_particle"", ""particle_density"": 600.0}"
cooked__diced__enchilada,"{""type"": ""macro_physical_particle"", ""particle_density"": 800.0}"
cooked__diced__roast_beef,"{""type"": ""macro_physical_particle"", ""particle_density"": 1040.0}"
cooked__diced__taco,"{""type"": ""macro_physical_particle"", ""particle_density"": 516.0}"
cooked__diced__sweet_corn,"{""type"": ""macro_physical_particle"", ""particle_density"": 1057.0}"
cooked__diced__club_sandwich,"{""type"": ""macro_physical_particle"", ""particle_density"": 600.0}"
cooked__diced__snapper,"{""type"": ""macro_physical_particle"", ""particle_density"": 1037.0}"
cooked__diced__chocolate_cake,"{""type"": ""macro_physical_particle"", ""particle_density"": 1100.0}"
cooked__diced__prosciutto,"{""type"": ""macro_physical_particle"", ""particle_density"": 237.0}"
cooked__diced__asparagus,"{""type"": ""macro_physical_particle"", ""particle_density"": 566.0}"
cooked__diced__fruitcake,"{""type"": ""macro_physical_particle"", ""particle_density"": 1100.0}"
cooked__diced__doughnut,"{""type"": ""macro_physical_particle"", ""particle_density"": 279.0}"
cooked__diced__dried_apricot,"{""type"": ""macro_physical_particle"", ""particle_density"": 558.0}"
cooked__diced__flower,"{""type"": ""macro_physical_particle"", ""particle_density"": 200.0}"
cooked__diced__hazelnut,"{""type"": ""macro_physical_particle"", ""particle_density"": 486.0}"
cooked__diced__wafer,"{""type"": ""macro_physical_particle"", ""particle_density"": 338.0}"
cooked__diced__prawn,"{""type"": ""macro_physical_particle"", ""particle_density"": 719.0}"
cooked__diced__hip,"{""type"": ""macro_physical_particle"", ""particle_density"": 1037.0}"
cooked__diced__green_bean,"{""type"": ""macro_physical_particle"", ""particle_density"": 479.0}"
cooked__diced__kabob,"{""type"": ""macro_physical_particle"", ""particle_density"": 651.0}"
cooked__diced__porkchop,"{""type"": ""macro_physical_particle"", ""particle_density"": 1037.0}"
cooked__diced__fennel,"{""type"": ""macro_physical_particle"", ""particle_density"": 368.0}"
cooked__diced__lime,"{""type"": ""macro_physical_particle"", ""particle_density"": 972.0}"
cooked__diced__pita,"{""type"": ""macro_physical_particle"", ""particle_density"": 254.0}"
cooked__diced__grapefruit,"{""type"": ""macro_physical_particle"", ""particle_density"": 972.0}"
cooked__diced__mozzarella,"{""type"": ""macro_physical_particle"", ""particle_density"": 473.0}"
cooked__diced__ham_hock,"{""type"": ""macro_physical_particle"", ""particle_density"": 592.0}"
cooked__diced__durian,"{""type"": ""macro_physical_particle"", ""particle_density"": 1027.0}"
cooked__diced__tenderloin,"{""type"": ""macro_physical_particle"", ""particle_density"": 1037.0}"
cooked__diced__pomelo,"{""type"": ""macro_physical_particle"", ""particle_density"": 972.0}"
cooked__diced__macaroon,"{""type"": ""macro_physical_particle"", ""particle_density"": 338.0}"
cooked__diced__gourd,"{""type"": ""macro_physical_particle"", ""particle_density"": 490.0}"
cooked__diced__gooseberry,"{""type"": ""macro_physical_particle"", ""particle_density"": 462.0}"
cooked__diced__pumpkin,"{""type"": ""macro_physical_particle"", ""particle_density"": 490.0}"
cooked__diced__walnut,"{""type"": ""macro_physical_particle"", ""particle_density"": 495.0}"
cooked__diced__hotdog,"{""type"": ""macro_physical_particle"", ""particle_density"": 1015.0}"
cooked__diced__broccolini,"{""type"": ""macro_physical_particle"", ""particle_density"": 211.0}"
cooked__diced__parsley,"{""type"": ""macro_physical_particle"", ""particle_density"": 257.0}"
cooked__diced__edible_cookie_dough,"{""type"": ""macro_physical_particle"", ""particle_density"": 1353.0}"
cooked__diced__bean_curd,"{""type"": ""macro_physical_particle"", ""particle_density"": 338.0}"
cooked__diced__french_toast,"{""type"": ""macro_physical_particle"", ""particle_density"": 325.0}"
cooked__diced__sugar_cookie_dough,"{""type"": ""macro_physical_particle"", ""particle_density"": 1353.0}"
cooked__diced__chocolate_biscuit,"{""type"": ""macro_physical_particle"", ""particle_density"": 500.0}"
dirt,"{""type"": ""macro_visual_particle"", ""relative_particle_scaling"": true}"
disinfectant,"{""type"": ""fluid"", ""particle_contact_offset"": 0.012, ""particle_density"": 1000.0, ""is_viscous"": false, ""material_mtl_name"": ""DeepWater"", ""customize_material_kwargs"": {""specular_transmission_color"": [1.0, 1.0, 1.0], ""specular_transmission_scattering_color"": [1.0, 1.0, 1.0]}}"
dog_food,"{""type"": ""macro_physical_particle"", ""particle_density"": 350.0}"
drip_coffee,"{""type"": ""fluid"", ""particle_contact_offset"": 0.012, ""particle_density"": 1002.0, ""is_viscous"": false, ""material_mtl_name"": ""DeepWater"", ""customize_material_kwargs"": {""specular_transmission_weight"": 0.4, ""specular_transmission_scattering_depth"": 0.0, ""specular_transmission_color"": [0.26, 0.12, 0.07], ""specular_transmission_scattering_color"": [0.25, 0.12, 0.01]}}"
dust,"{""type"": ""macro_visual_particle"", ""relative_particle_scaling"": false}"
eggnog,"{""type"": ""fluid"", ""particle_contact_offset"": 0.012, ""particle_density"": 1074.0, ""is_viscous"": false, ""material_mtl_name"": ""WholeMilk"", ""customize_material_kwargs"": {""diffuse_reflection_color"": [0.63, 0.57, 0.37], ""enable_diffuse_transmission"": false}}"
espresso,"{""type"": ""fluid"", ""particle_contact_offset"": 0.012, ""particle_density"": 1000.0, ""is_viscous"": false, ""material_mtl_name"": ""DeepWater"", ""customize_material_kwargs"": {""specular_transmission_weight"": 0.5, ""specular_transmission_scattering_depth"": 0.0, ""specular_transmission_color"": [0.24, 0.16, 0.09], ""specular_transmission_scattering_color"": [0.24, 0.16, 0.09]}}"
essential_oil,"{""type"": ""fluid"", ""particle_contact_offset"": 0.012, ""particle_density"": 1000.0, ""is_viscous"": true, ""material_mtl_name"": ""DeepWater"", ""customize_material_kwargs"": {""specular_transmission_color"": [1.0, 1.0, 1.0], ""specular_reflection_ior_preset"": 18}}"
fabric_softener,"{""type"": ""fluid"", ""particle_contact_offset"": 0.012, ""particle_density"": 1000.0, ""is_viscous"": true, ""material_mtl_name"": ""ClearWater"", ""customize_material_kwargs"": {}}"
fecal_matter,"{""type"": ""macro_visual_particle"", ""relative_particle_scaling"": false}"
fertilizer,"{""type"": ""fluid"", ""particle_contact_offset"": 0.017, ""particle_density"": 500.0, ""is_viscous"": true, ""material_mtl_name"": ""Jade"", ""customize_material_kwargs"": {""specular_transmission_weight"": 0.0, ""specular_transmission_color"": [0.14, 0.05, 0.0], ""diffuse_reflection_color"": [0.14, 0.05, 0.0]}}"
fish_stew,"{""type"": ""fluid"", ""particle_contact_offset"": 0.02, ""particle_density"": 1000.0, ""is_viscous"": true, ""material_mtl_name"": ""Jade"", ""customize_material_kwargs"": {""specular_transmission_weight"": 0.0, ""specular_transmission_color"": [0.49, 0.3, 0.18], ""diffuse_reflection_color"": [0.49, 0.3, 0.18]}}"
floor_wax,"{""type"": ""fluid"", ""particle_contact_offset"": 0.012, ""particle_density"": 998.0, ""is_viscous"": true, ""material_mtl_name"": ""Jade"", ""customize_material_kwargs"": {""specular_transmission_weight"": 0.07, ""specular_transmission_color"": [0.95, 0.92, 0.69], ""diffuse_reflection_color"": [0.95, 0.92, 0.69]}}"
flour,"{""type"": ""granular"", ""particle_density"": 600.0}"
foam,"{""type"": ""fluid"", ""particle_contact_offset"": 0.02, ""particle_density"": 100.0, ""is_viscous"": false, ""material_mtl_name"": ""Bubble"", ""customize_material_kwargs"": {""specular_transmission_color"": [0.76, 0.97, 0.95]}}"
fritter_batter,"{""type"": ""fluid"", ""particle_contact_offset"": 0.02, ""particle_density"": 1016.0, ""is_viscous"": true, ""material_mtl_name"": ""Jade"", ""customize_material_kwargs"": {""specular_transmission_weight"": 0.0, ""specular_transmission_color"": [0.84, 0.75, 0.66], ""diffuse_reflection_color"": [0.84, 0.75, 0.66]}}"
frosting,"{""type"": ""fluid"", ""particle_contact_offset"": 0.015, ""particle_density"": 1000.0, ""is_viscous"": true, ""material_mtl_name"": ""WholeMilk"", ""customize_material_kwargs"": {""diffuse_reflection_color"": [1.0, 0.95, 0.89], ""enable_diffuse_transmission"": false}}"
fruit_punch,"{""type"": ""fluid"", ""particle_contact_offset"": 0.012, ""particle_density"": 1054.0, ""is_viscous"": false, ""material_mtl_name"": ""DeepWater"", ""customize_material_kwargs"": {""specular_transmission_scattering_depth"": 0.0, ""specular_transmission_weight"": 0.5, ""specular_transmission_color"": [1.0, 0.2, 0.2], ""specular_transmission_scattering_color"": [0.63, 0.0, 0.0]}}"
gasoline,"{""type"": ""fluid"", ""particle_contact_offset"": 0.012, ""particle_density"": 742.0, ""is_viscous"": false, ""material_mtl_name"": ""DeepWater"", ""customize_material_kwargs"": {""specular_transmission_scattering_depth"": 0.0, ""specular_transmission_weight"": 0.5, ""specular_transmission_color"": [0.96, 0.68, 0.0], ""specular_transmission_scattering_color"": [0.62, 0.35, 0.0]}}"
gazpacho,"{""type"": ""fluid"", ""particle_contact_offset"": 0.015, ""particle_density"": 1042.0, ""is_viscous"": true, ""material_mtl_name"": ""WholeMilk"", ""customize_material_kwargs"": {""diffuse_reflection_color"": [0.48, 0.15, 0.06], ""enable_diffuse_transmission"": false}}"
gin,"{""type"": ""fluid"", ""particle_contact_offset"": 0.012, ""particle_density"": 940.0, ""is_viscous"": false, ""material_mtl_name"": ""DeepWater"", ""customize_material_kwargs"": {""specular_transmission_color"": [1.0, 1.0, 1.0], ""specular_transmission_scattering_color"": [1.0, 1.0, 1.0]}}"
ginger,"{""type"": ""granular"", ""particle_density"": 406.0}"
ginger_beer,"{""type"": ""fluid"", ""particle_contact_offset"": 0.012, ""particle_density"": 1031.0, ""is_viscous"": false, ""material_mtl_name"": ""DeepWater"", ""customize_material_kwargs"": {""specular_transmission_scattering_depth"": 0.0, ""specular_transmission_color"": [0.73, 0.51, 0.19], ""specular_transmission_scattering_color"": [0.73, 0.51, 0.19]}}"
glaze,"{""type"": ""fluid"", ""particle_contact_offset"": 0.012, ""particle_density"": 1000.0, ""is_viscous"": true, ""material_mtl_name"": ""WholeMilk"", ""customize_material_kwargs"": {""diffuse_reflection_color"": [0.49, 0.28, 0.14], ""enable_diffuse_transmission"": false}}"
granola,"{""type"": ""macro_physical_particle"", ""particle_density"": 467.0}"
granulated_salt,"{""type"": ""granular"", ""particle_density"": 2170.0}"
granulated_sugar,"{""type"": ""granular"", ""particle_density"": 845.0}"
grated_cheese,"{""type"": ""macro_physical_particle"", ""particle_density"": 507.0}"
gravy,"{""type"": ""fluid"", ""particle_contact_offset"": 0.012, ""particle_density"": 959.0, ""is_viscous"": true, ""material_mtl_name"": ""WholeMilk"", ""customize_material_kwargs"": {""diffuse_reflection_color"": [0.2, 0.1, 0.04], ""enable_diffuse_transmission"": false}}"
grease,"{""type"": ""macro_visual_particle"", ""relative_particle_scaling"": true}"
green_tea,"{""type"": ""macro_physical_particle"", ""particle_density"": 507.0}"
green_tea_latte,"{""type"": ""fluid"", ""particle_contact_offset"": 0.012, ""particle_density"": 1014.0, ""is_viscous"": false, ""material_mtl_name"": ""WholeMilk"", ""customize_material_kwargs"": {""diffuse_reflection_color"": [1.0, 0.96, 0.17], ""enable_diffuse_transmission"": false}}"
ground_beef,"{""type"": ""granular"", ""particle_density"": 1020.0}"
ground_coffee,"{""type"": ""granular"", ""particle_density"": 710.0}"
hair,"{""type"": ""macro_physical_particle"", ""particle_density"": 1000.0}"
hay,"{""type"": ""macro_physical_particle"", ""particle_density"": 256.0}"
heavy_cream,"{""type"": ""fluid"", ""particle_contact_offset"": 0.015, ""particle_density"": 1008.0, ""is_viscous"": false, ""material_mtl_name"": ""WholeMilk"", ""customize_material_kwargs"": {""enable_diffuse_transmission"": false}}"
herbicide,"{""type"": ""fluid"", ""particle_contact_offset"": 0.012, ""particle_density"": 1000.0, ""is_viscous"": false, ""material_mtl_name"": ""DeepWater"", ""customize_material_kwargs"": {""specular_transmission_scattering_depth"": 0.0, ""specular_transmission_color"": [0.16, 0.37, 0.99], ""specular_transmission_scattering_color"": [0.06, 0.1, 0.84]}}"
honey,"{""type"": ""fluid"", ""particle_contact_offset"": 0.012, ""particle_density"": 1410.0, ""is_viscous"": true, ""material_mtl_name"": ""Honey"", ""customize_material_kwargs"": {}}"
hot_sauce,"{""type"": ""fluid"", ""particle_contact_offset"": 0.012, ""particle_density"": 910.0, ""is_viscous"": false, ""material_mtl_name"": ""WholeMilk"", ""customize_material_kwargs"": {""diffuse_reflection_color"": [0.34, 0.0, 0.0], ""enable_diffuse_transmission"": false}}"
house_paint,"{""type"": ""macro_visual_particle"", ""relative_particle_scaling"": false}"
hummus,"{""type"": ""fluid"", ""particle_contact_offset"": 0.015, ""particle_density"": 1040.0, ""is_viscous"": true, ""material_mtl_name"": ""Jade"", ""customize_material_kwargs"": {""specular_transmission_weight"": 0.0, ""specular_transmission_color"": [0.81, 0.54, 0.39], ""diffuse_reflection_color"": [0.81, 0.54, 0.39]}}"
hydrogen_peroxide,"{""type"": ""fluid"", ""particle_contact_offset"": 0.012, ""particle_density"": 1450.0, ""is_viscous"": false, ""material_mtl_name"": ""DeepWater"", ""customize_material_kwargs"": {""specular_transmission_color"": [1.0, 1.0, 1.0], ""specular_transmission_scattering_color"": [1.0, 1.0, 1.0]}}"
iced_cappuccino,"{""type"": ""fluid"", ""particle_contact_offset"": 0.012, ""particle_density"": 1120.0, ""is_viscous"": false, ""material_mtl_name"": ""WholeMilk"", ""customize_material_kwargs"": {""diffuse_reflection_color"": [0.61, 0.5, 0.41], ""enable_diffuse_transmission"": false}}"
iced_chocolate,"{""type"": ""fluid"", ""particle_contact_offset"": 0.012, ""particle_density"": 1000.0, ""is_viscous"": false, ""material_mtl_name"": ""WholeMilk"", ""customize_material_kwargs"": {""diffuse_reflection_color"": [0.4, 0.34, 0.28], ""enable_diffuse_transmission"": false}}"
incision,"{""type"": ""macro_visual_particle"", ""relative_particle_scaling"": true}"
ink,"{""type"": ""fluid"", ""particle_contact_offset"": 0.012, ""particle_density"": 1000.0, ""is_viscous"": false, ""material_mtl_name"": ""WholeMilk"", ""customize_material_kwargs"": {""diffuse_reflection_color"": [0.0, 0.0, 0.0], ""enable_diffuse_transmission"": false}}"
insectifuge,"{""type"": ""macro_visual_particle"", ""relative_particle_scaling"": true}"
instant_coffee,"{""type"": ""granular"", ""particle_density"": 308.0}"
jelly,"{""type"": ""fluid"", ""particle_contact_offset"": 0.017, ""particle_density"": 1352.0, ""is_viscous"": true, ""material_mtl_name"": ""DeepWater"", ""customize_material_kwargs"": {""specular_transmission_scattering_depth"": 0.0, ""specular_transmission_weight"": 0.2, ""specular_transmission_color"": [0.44, 0.15, 0.78], ""specular_transmission_scattering_color"": [0.25, 0.0, 0.56]}}"
jelly_bean,"{""type"": ""macro_physical_particle"", ""particle_density"": 1000.0}"
jerk_seasoning,"{""type"": ""granular"", ""particle_density"": 1217.0}"
jimmies,"{""type"": ""granular"", ""particle_density"": 814.0}"
kidney_bean,"{""type"": ""macro_physical_particle"", ""particle_density"": 748.0}"
lemon_pepper_seasoning,"{""type"": ""granular"", ""particle_density"": 406.0}"
lemon_juice,"{""type"": ""fluid"", ""particle_contact_offset"": 0.012, ""particle_density"": 1040.0, ""is_viscous"": false, ""material_mtl_name"": ""ClearWater"", ""customize_material_kwargs"": {""specular_transmission_color"": [0.98, 1.0, 0.68]}}"
lemon_stain_remover,"{""type"": ""fluid"", ""particle_contact_offset"": 0.012, ""particle_density"": 1000.0, ""is_viscous"": false, ""material_mtl_name"": ""ClearWater"", ""customize_material_kwargs"": {}}"
lemon_water,"{""type"": ""fluid"", ""particle_contact_offset"": 0.012, ""particle_density"": 1000.0, ""is_viscous"": false, ""material_mtl_name"": ""DeepWater"", ""customize_material_kwargs"": {""specular_transmission_color"": [1.0, 1.0, 1.0], ""specular_transmission_scattering_color"": [1.0, 0.99, 0.64]}}"
lemonade,"{""type"": ""fluid"", ""particle_contact_offset"": 0.012, ""particle_density"": 1000.0, ""is_viscous"": false, ""material_mtl_name"": ""DeepWater"", ""customize_material_kwargs"": {""specular_transmission_scattering_depth"": 0.0, ""specular_transmission_color"": [0.98, 1.0, 0.56], ""specular_transmission_scattering_color"": [0.85, 0.67, 0.11]}}"
lime_juice,"{""type"": ""fluid"", ""particle_contact_offset"": 0.012, ""particle_density"": 1000.0, ""is_viscous"": false, ""material_mtl_name"": ""ClearWater"", ""customize_material_kwargs"": {""specular_transmission_color"": [0.98, 1.0, 0.68]}}"
limeade,"{""type"": ""fluid"", ""particle_contact_offset"": 0.012, ""particle_density"": 1000.0, ""is_viscous"": false, ""material_mtl_name"": ""DeepWater"", ""customize_material_kwargs"": {""specular_transmission_color"": [0.99, 0.99, 0.85], ""specular_transmission_scattering_color"": [0.57, 0.83, 0.0]}}"
linseed_oil,"{""type"": ""fluid"", ""particle_contact_offset"": 0.012, ""particle_density"": 902.0, ""is_viscous"": true, ""material_mtl_name"": ""DeepWater"", ""customize_material_kwargs"": {""specular_transmission_color"": [1.0, 1.0, 1.0], ""specular_transmission_scattering_color"": [1.0, 0.99, 0.64], ""specular_reflection_ior_preset"": 18}}"
lint,"{""type"": ""macro_visual_particle"", ""relative_particle_scaling"": false}"
liquid_soap,"{""type"": ""fluid"", ""particle_contact_offset"": 0.012, ""particle_density"": 1055.0, ""is_viscous"": true, ""material_mtl_name"": ""DeepWater"", ""customize_material_kwargs"": {""specular_transmission_scattering_depth"": 0.0, ""specular_transmission_color"": [0.0, 0.91, 1.0], ""specular_transmission_scattering_color"": [0.08, 0.0, 0.83]}}"
lotion,"{""type"": ""fluid"", ""particle_contact_offset"": 0.015, ""particle_density"": 970.0, ""is_viscous"": true, ""material_mtl_name"": ""WholeMilk"", ""customize_material_kwargs"": {""diffuse_reflection_color"": [1.0, 1.0, 1.0], ""enable_diffuse_transmission"": false}}"
low_fat_milk,"{""type"": ""fluid"", ""particle_contact_offset"": 0.012, ""particle_density"": 1036.0, ""is_viscous"": false, ""material_mtl_name"": ""SkimMilk"", ""customize_material_kwargs"": {""enable_diffuse_transmission"": false}}"
lubricant,"{""type"": ""fluid"", ""particle_contact_offset"": 0.012, ""particle_density"": 825.0, ""is_viscous"": true, ""material_mtl_name"": ""DeepWater"", ""customize_material_kwargs"": {""specular_transmission_color"": [1.0, 1.0, 1.0], ""specular_transmission_scattering_color"": [1.0, 1.0, 1.0]}}"
maple_syrup,"{""type"": ""fluid"", ""particle_contact_offset"": 0.012, ""particle_density"": 1370.0, ""is_viscous"": true, ""material_mtl_name"": ""MapleSyrup"", ""customize_material_kwargs"": {}}"
margarine,"{""type"": ""fluid"", ""particle_contact_offset"": 0.012, ""particle_density"": 959.0, ""is_viscous"": false, ""material_mtl_name"": ""WholeMilk"", ""customize_material_kwargs"": {""diffuse_reflection_color"": [1.0, 0.94, 0.6], ""enable_diffuse_transmission"": false}}"
marinade,"{""type"": ""fluid"", ""particle_contact_offset"": 0.012, ""particle_density"": 1000.0, ""is_viscous"": false, ""material_mtl_name"": ""WholeMilk"", ""customize_material_kwargs"": {""diffuse_reflection_color"": [0.27, 0.13, 0.01], ""enable_diffuse_transmission"": false}}"
marinara,"{""type"": ""fluid"", ""particle_contact_offset"": 0.017, ""particle_density"": 1054.0, ""is_viscous"": true, ""material_mtl_name"": ""Jade"", ""customize_material_kwargs"": {""specular_transmission_weight"": 0.0, ""specular_transmission_color"": [0.54, 0.0, 0.0], ""diffuse_reflection_color"": [0.54, 0.0, 0.0]}}"
marjoram,"{""type"": ""granular"", ""particle_density"": 115.0}"
martini,"{""type"": ""fluid"", ""particle_contact_offset"": 0.012, ""particle_density"": 1014.0, ""is_viscous"": false, ""material_mtl_name"": ""DeepWater"", ""customize_material_kwargs"": {""specular_transmission_color"": [1.0, 1.0, 1.0], ""specular_transmission_scattering_color"": [1.0, 1.0, 1.0]}}"
mashed_potato,"{""type"": ""fluid"", ""particle_contact_offset"": 0.025, ""particle_density"": 888.0, ""is_viscous"": true, ""material_mtl_name"": ""Jade"", ""customize_material_kwargs"": {""specular_transmission_weight"": 0.0, ""specular_transmission_color"": [0.94, 0.88, 0.6], ""diffuse_reflection_color"": [0.94, 0.88, 0.6]}}"
mayonnaise,"{""type"": ""fluid"", ""particle_contact_offset"": 0.012, ""particle_density"": 910.0, ""is_viscous"": true, ""material_mtl_name"": ""WholeMilk"", ""customize_material_kwargs"": {""diffuse_reflection_color"": [1.0, 0.9, 0.81], ""enable_diffuse_transmission"": false}}"
melted__butter,"{""type"": ""fluid"", ""particle_contact_offset"": 0.012, ""particle_density"": 1014.0, ""is_viscous"": true, ""material_mtl_name"": ""WholeMilk"", ""customize_material_kwargs"": {""diffuse_reflection_color"": [0.88, 0.84, 0.82], ""enable_diffuse_transmission"": false}}"
melted__grated_cheese,"{""type"": ""fluid"", ""particle_contact_offset"": 0.012, ""particle_density"": 1031.0, ""is_viscous"": true, ""material_mtl_name"": ""WholeMilk"", ""customize_material_kwargs"": {""diffuse_reflection_color"": [0.88, 0.84, 0.82], ""enable_diffuse_transmission"": false}}"
melted__white_chocolate,"{""type"": ""fluid"", ""particle_contact_offset"": 0.012, ""particle_density"": 947.0, ""is_viscous"": true, ""material_mtl_name"": ""WholeMilk"", ""customize_material_kwargs"": {""diffuse_reflection_color"": [0.88, 0.84, 0.82], ""enable_diffuse_transmission"": false}}"
mildew,"{""type"": ""macro_visual_particle"", ""relative_particle_scaling"": true}"
milkshake,"{""type"": ""fluid"", ""particle_contact_offset"": 0.012, ""particle_density"": 1200.0, ""is_viscous"": true, ""material_mtl_name"": ""WholeMilk"", ""customize_material_kwargs"": {""diffuse_reflection_color"": [0.84, 0.74, 0.64], ""enable_diffuse_transmission"": false}}"
mold,"{""type"": ""macro_visual_particle"", ""relative_particle_scaling"": true}"
mud,"{""type"": ""macro_visual_particle"", ""relative_particle_scaling"": false}"
muffin_batter,"{""type"": ""fluid"", ""particle_contact_offset"": 0.02, ""particle_density"": 1016.0, ""is_viscous"": true, ""material_mtl_name"": ""Jade"", ""customize_material_kwargs"": {""specular_transmission_weight"": 0.0, ""specular_transmission_color"": [0.84, 0.75, 0.66], ""diffuse_reflection_color"": [0.84, 0.75, 0.66]}}"
mulch,"{""type"": ""macro_physical_particle"", ""particle_density"": 380.0}"
mustard,"{""type"": ""fluid"", ""particle_contact_offset"": 0.012, ""particle_density"": 1014.0, ""is_viscous"": true, ""material_mtl_name"": ""WholeMilk"", ""customize_material_kwargs"": {""diffuse_reflection_color"": [1.0, 0.83, 0.0], ""enable_diffuse_transmission"": false}}"
mustard_seasoning,"{""type"": ""granular"", ""particle_density"": 676.0}"
mustard_seed,"{""type"": ""macro_physical_particle"", ""particle_density"": 430.0}"
noodle,"{""type"": ""macro_physical_particle"", ""particle_density"": 161.0}"
nutmeg,"{""type"": ""granular"", ""particle_density"": 473.0}"
oat,"{""type"": ""granular"", ""particle_density"": 338.0}"
oatmeal,"{""type"": ""fluid"", ""particle_contact_offset"": 0.012, ""particle_density"": 1010.0, ""is_viscous"": true, ""material_mtl_name"": ""WholeMilk"", ""customize_material_kwargs"": {""diffuse_reflection_color"": [0.67, 0.66, 0.59], ""enable_diffuse_transmission"": false}}"
olive_oil,"{""type"": ""fluid"", ""particle_contact_offset"": 0.012, ""particle_density"": 916.0, ""is_viscous"": true, ""material_mtl_name"": ""ClearWater"", ""customize_material_kwargs"": {""specular_transmission_color"": [0.66, 0.8, 0.25], ""specular_reflection_ior_preset"": 18}}"
onion_powder,"{""type"": ""granular"", ""particle_density"": 467.0}"
onion_ring_batter,"{""type"": ""fluid"", ""particle_contact_offset"": 0.02, ""particle_density"": 1016.0, ""is_viscous"": true, ""material_mtl_name"": ""Jade"", ""customize_material_kwargs"": {""specular_transmission_weight"": 0.0, ""specular_transmission_color"": [0.84, 0.75, 0.66], ""diffuse_reflection_color"": [0.84, 0.75, 0.66]}}"
orange_juice,"{""type"": ""fluid"", ""particle_contact_offset"": 0.012, ""particle_density"": 1050.0, ""is_viscous"": false, ""material_mtl_name"": ""OrangeJuice"", ""customize_material_kwargs"": {""enable_diffuse_transmission"": false}}"
orzo,"{""type"": ""macro_physical_particle"", ""particle_density"": 710.0}"
pancake_batter,"{""type"": ""fluid"", ""particle_contact_offset"": 0.02, ""particle_density"": 1016.0, ""is_viscous"": true, ""material_mtl_name"": ""Jade"", ""customize_material_kwargs"": {""specular_transmission_weight"": 0.0, ""specular_transmission_color"": [0.84, 0.75, 0.66], ""diffuse_reflection_color"": [0.84, 0.75, 0.66]}}"
paprika,"{""type"": ""granular"", ""particle_density"": 460.0}"
parmesan,"{""type"": ""granular"", ""particle_density"": 628.0}"
patina,"{""type"": ""macro_visual_particle"", ""relative_particle_scaling"": false}"
pea,"{""type"": ""macro_physical_particle"", ""particle_density"": 676.0}"
peanut_butter,"{""type"": ""fluid"", ""particle_contact_offset"": 0.015, ""particle_density"": 1091.0, ""is_viscous"": true, ""material_mtl_name"": ""PeanutButter"", ""customize_material_kwargs"": {}}"
pecan,"{""type"": ""macro_physical_particle"", ""particle_density"": 481.0}"
pellet_food,"{""type"": ""macro_physical_particle"", ""particle_density"": 750.0}"
penne,"{""type"": ""macro_physical_particle"", ""particle_density"": 402.0}"
perfume,"{""type"": ""fluid"", ""particle_contact_offset"": 0.012, ""particle_density"": 900.0, ""is_viscous"": false, ""material_mtl_name"": ""DeepWater"", ""customize_material_kwargs"": {""specular_transmission_color"": [1.0, 1.0, 1.0], ""specular_transmission_scattering_color"": [0.0, 0.97, 0.96]}}"
pesticide,"{""type"": ""fluid"", ""particle_contact_offset"": 0.012, ""particle_density"": 1000.0, ""is_viscous"": false, ""material_mtl_name"": ""DeepWater"", ""customize_material_kwargs"": {""specular_transmission_color"": [1.0, 1.0, 1.0], ""specular_transmission_scattering_color"": [1.0, 1.0, 1.0]}}"
pesto,"{""type"": ""fluid"", ""particle_contact_offset"": 0.017, ""particle_density"": 1014.0, ""is_viscous"": true, ""material_mtl_name"": ""Jade"", ""customize_material_kwargs"": {""specular_transmission_weight"": 0.0, ""specular_transmission_color"": [0.17, 0.27, 0.05], ""diffuse_reflection_color"": [0.17, 0.27, 0.05]}}"
pill,"{""type"": ""macro_physical_particle"", ""particle_density"": 1000.0}"
pineapple_juice,"{""type"": ""fluid"", ""particle_contact_offset"": 0.012, ""particle_density"": 1057.0, ""is_viscous"": false, ""material_mtl_name"": ""OrangeJuice"", ""customize_material_kwargs"": {""diffuse_reflection_color"": [0.95, 0.8, 0.36], ""specular_transmission_color"": [0.9, 0.81, 0.39], ""specular_transmission_scattering_color"": [0.89, 0.78, 0.2], ""enable_diffuse_transmission"": false}}"
polish,"{""type"": ""fluid"", ""particle_contact_offset"": 0.012, ""particle_density"": 1000.0, ""is_viscous"": true, ""material_mtl_name"": ""DeepWater"", ""customize_material_kwargs"": {""specular_transmission_color"": [1.0, 1.0, 1.0], ""specular_transmission_scattering_color"": [1.0, 1.0, 1.0]}}"
popcorn,"{""type"": ""macro_physical_particle"", ""particle_density"": 46.5}"
pumpkin_pie_spice,"{""type"": ""granular"", ""particle_density"": 379.0}"
pumpkin_seed,"{""type"": ""granular"", ""particle_density"": 755.0}"
quinoa,"{""type"": ""granular"", ""particle_density"": 1058.0}"
raisin,"{""type"": ""macro_physical_particle"", ""particle_density"": 1400.0}"
red_meat_sauce,"{""type"": ""fluid"", ""particle_contact_offset"": 0.015, ""particle_density"": 1000.0, ""is_viscous"": true, ""material_mtl_name"": ""WholeMilk"", ""customize_material_kwargs"": {""diffuse_reflection_color"": [0.17, 0.05, 0.01], ""enable_diffuse_transmission"": false}}"
red_wine,"{""type"": ""fluid"", ""particle_contact_offset"": 0.012, ""particle_density"": 990.0, ""is_viscous"": false, ""material_mtl_name"": ""DeepWater"", ""customize_material_kwargs"": {""specular_transmission_scattering_depth"": 0.0, ""specular_transmission_color"": [0.42, 0.04, 0.19], ""specular_transmission_scattering_color"": [0.31, 0.0, 0.04]}}"
refried_beans,"{""type"": ""fluid"", ""particle_contact_offset"": 0.02, ""particle_density"": 1023.0, ""is_viscous"": true, ""material_mtl_name"": ""WholeMilk"", ""customize_material_kwargs"": {""diffuse_reflection_color"": [0.49, 0.36, 0.31], ""enable_diffuse_transmission"": false}}"
rosemary,"{""type"": ""macro_physical_particle"", ""particle_density"": 115.0}"
rubbing_alcohol,"{""type"": ""fluid"", ""particle_contact_offset"": 0.012, ""particle_density"": 786.0, ""is_viscous"": false, ""material_mtl_name"": ""DeepWater"", ""customize_material_kwargs"": {""specular_transmission_color"": [1.0, 1.0, 1.0], ""specular_transmission_scattering_color"": [1.0, 1.0, 1.0]}}"
rum,"{""type"": ""fluid"", ""particle_contact_offset"": 0.012, ""particle_density"": 940.0, ""is_viscous"": false, ""material_mtl_name"": ""DeepWater"", ""customize_material_kwargs"": {""specular_transmission_scattering_depth"": 0.0, ""specular_transmission_color"": [0.93, 0.75, 0.49], ""specular_transmission_scattering_color"": [0.3, 0.21, 0.09]}}"
rust,"{""type"": ""macro_visual_particle"", ""relative_particle_scaling"": true}"
saddle_soap,"{""type"": ""fluid"", ""particle_contact_offset"": 0.012, ""particle_density"": 1000.0, ""is_viscous"": false, ""material_mtl_name"": ""DeepWater"", ""customize_material_kwargs"": {""specular_transmission_scattering_depth"": 0.0, ""specular_transmission_weight"": 0.7, ""specular_transmission_color"": [0.85, 0.72, 0.12], ""specular_transmission_scattering_color"": [0.38, 0.34, 0.0]}}"
saffron,"{""type"": ""granular"", ""particle_density"": 142.0}"
sage,"{""type"": ""granular"", ""particle_density"": 135.0}"
salsa,"{""type"": ""fluid"", ""particle_contact_offset"": 0.017, ""particle_density"": 1099.0, ""is_viscous"": true, ""material_mtl_name"": ""Jade"", ""customize_material_kwargs"": {""specular_transmission_weight"": 0.0, ""specular_transmission_color"": [0.4, 0.08, 0.05], ""diffuse_reflection_color"": [0.4, 0.08, 0.05]}}"
salt,"{""type"": ""granular"", ""particle_density"": 2160.0}"
sand,"{""type"": ""macro_visual_particle"", ""relative_particle_scaling"": false}"
scotch,"{""type"": ""fluid"", ""particle_contact_offset"": 0.012, ""particle_density"": 1060.0, ""is_viscous"": false, ""material_mtl_name"": ""DeepWater"", ""customize_material_kwargs"": {""specular_transmission_scattering_depth"": 0.0, ""specular_transmission_color"": [0.96, 0.57, 0.25], ""specular_transmission_scattering_color"": [0.52, 0.25, 0.05]}}"
sealant,"{""type"": ""fluid"", ""particle_contact_offset"": 0.015, ""particle_density"": 1600.0, ""is_viscous"": true, ""material_mtl_name"": ""WholeMilk"", ""customize_material_kwargs"": {""diffuse_reflection_color"": [1.0, 0.95, 0.93], ""enable_diffuse_transmission"": false}}"
seawater,"{""type"": ""fluid"", ""particle_contact_offset"": 0.012, ""particle_density"": 1025.0, ""is_viscous"": false, ""material_mtl_name"": ""DeepWater"", ""customize_material_kwargs"": {}}"
sesame_oil,"{""type"": ""fluid"", ""particle_contact_offset"": 0.012, ""particle_density"": 919.0, ""is_viscous"": true, ""material_mtl_name"": ""DeepWater"", ""customize_material_kwargs"": {""specular_transmission_scattering_depth"": 0.0, ""specular_transmission_color"": [0.42, 0.29, 0.12], ""specular_transmission_scattering_color"": [0.3, 0.21, 0.09], ""specular_reflection_ior_preset"": 18}}"
sesame_seed,"{""type"": ""granular"", ""particle_density"": 609.0}"
shampoo,"{""type"": ""fluid"", ""particle_contact_offset"": 0.012, ""particle_density"": 1000.0, ""is_viscous"": true, ""material_mtl_name"": ""DeepWater"", ""customize_material_kwargs"": {""specular_transmission_color"": [1.0, 1.0, 1.0], ""specular_transmission_scattering_color"": [1.0, 1.0, 1.0]}}"
shortening,"{""type"": ""fluid"", ""particle_contact_offset"": 0.017, ""particle_density"": 866.0, ""is_viscous"": true, ""material_mtl_name"": ""Jade"", ""customize_material_kwargs"": {""specular_transmission_weight"": 0.0, ""specular_transmission_color"": [0.93, 0.9, 0.83], ""diffuse_reflection_color"": [0.93, 0.9, 0.83]}}"
smoothie,"{""type"": ""fluid"", ""particle_contact_offset"": 0.017, ""particle_density"": 1162.0, ""is_viscous"": true, ""material_mtl_name"": ""WholeMilk"", ""customize_material_kwargs"": {""diffuse_reflection_color"": [0.96, 0.74, 0.93], ""enable_diffuse_transmission"": false}}"
snow,"{""type"": ""macro_visual_particle"", ""relative_particle_scaling"": true}"
soda_water,"{""type"": ""fluid"", ""particle_contact_offset"": 0.012, ""particle_density"": 1014.0, ""is_viscous"": false, ""material_mtl_name"": ""DeepWater"", ""customize_material_kwargs"": {""specular_transmission_color"": [1.0, 1.0, 1.0], ""specular_transmission_scattering_color"": [1.0, 1.0, 1.0]}}"
sodium_carbonate,"{""type"": ""granular"", ""particle_density"": 2540.0}"
soil,"{""type"": ""granular"", ""particle_density"": 1500.0}"
soy_sauce,"{""type"": ""fluid"", ""particle_contact_offset"": 0.012, ""particle_density"": 1078.0, ""is_viscous"": false, ""material_mtl_name"": ""DeepWater"", ""customize_material_kwargs"": {""specular_transmission_weight"": 0.2, ""specular_transmission_scattering_depth"": 0.0, ""specular_transmission_color"": [0.29, 0.17, 0.01], ""specular_transmission_scattering_color"": [0.18, 0.11, 0.02]}}"
soya_milk,"{""type"": ""fluid"", ""particle_contact_offset"": 0.012, ""particle_density"": 1030.0, ""is_viscous"": false, ""material_mtl_name"": ""WholeMilk"", ""customize_material_kwargs"": {""enable_diffuse_transmission"": false}}"
spray_paint,"{""type"": ""macro_visual_particle"", ""relative_particle_scaling"": false}"
stain,"{""type"": ""macro_visual_particle"", ""relative_particle_scaling"": true}"
stucco,"{""type"": ""macro_visual_particle"", ""relative_particle_scaling"": true}"
sugar_coffee_scrub,"{""type"": ""macro_visual_particle"", ""relative_particle_scaling"": false}"
sugar_syrup,"{""type"": ""fluid"", ""particle_contact_offset"": 0.012, ""particle_density"": 1420.0, ""is_viscous"": true, ""material_mtl_name"": ""DeepWater"", ""customize_material_kwargs"": {""specular_transmission_weight"": 0.7, ""specular_transmission_scattering_depth"": 0.0, ""specular_transmission_color"": [1.0, 0.98, 0.92], ""specular_transmission_scattering_color"": [0.57, 0.57, 0.57]}}"
sunflower_seed,"{""type"": ""granular"", ""particle_density"": 894.0}"
tarnish,"{""type"": ""macro_visual_particle"", ""relative_particle_scaling"": true}"
tea,"{""type"": ""fluid"", ""particle_contact_offset"": 0.012, ""particle_density"": 1000.0, ""is_viscous"": false, ""material_mtl_name"": ""DeepWater"", ""customize_material_kwargs"": {""specular_transmission_scattering_depth"": 0.0, ""specular_transmission_color"": [0.4, 0.35, 0.27], ""specular_transmission_scattering_color"": [0.38, 0.2, 0.01]}}"
thyme,"{""type"": ""granular"", ""particle_density"": 291.0}"
tomato_juice,"{""type"": ""fluid"", ""particle_contact_offset"": 0.012, ""particle_density"": 1027.0, ""is_viscous"": false, ""material_mtl_name"": ""OrangeJuice"", ""customize_material_kwargs"": {""diffuse_reflection_color"": [0.59, 0.05, 0.05], ""specular_transmission_color"": [0.94, 0.16, 0.16], ""specular_transmission_scattering_color"": [0.57, 0.04, 0.04], ""enable_diffuse_transmission"": false}}"
toilet_soap,"{""type"": ""fluid"", ""particle_contact_offset"": 0.012, ""particle_density"": 932.0, ""is_viscous"": true, ""material_mtl_name"": ""DeepWater"", ""customize_material_kwargs"": {""specular_transmission_weight"": 0.5, ""specular_transmission_scattering_depth"": 0.0, ""specular_transmission_color"": [0.45, 0.94, 0.0], ""specular_transmission_scattering_color"": [0.08, 0.34, 0.0]}}"
tomato_paste,"{""type"": ""fluid"", ""particle_contact_offset"": 0.02, ""particle_density"": 1262.0, ""is_viscous"": true, ""material_mtl_name"": ""WholeMilk"", ""customize_material_kwargs"": {""diffuse_reflection_color"": [0.35, 0.0, 0.0], ""enable_diffuse_transmission"": false}}"
tomato_rice,"{""type"": ""granular"", ""particle_density"": 566.0}"
tomato_sauce,"{""type"": ""fluid"", ""particle_contact_offset"": 0.015, ""particle_density"": 1031.0, ""is_viscous"": true, ""material_mtl_name"": ""WholeMilk"", ""customize_material_kwargs"": {""diffuse_reflection_color"": [0.35, 0.0, 0.0], ""enable_diffuse_transmission"": false}}"
tonic,"{""type"": ""fluid"", ""particle_contact_offset"": 0.012, ""particle_density"": 1000.0, ""is_viscous"": false, ""material_mtl_name"": ""ClearWater"", ""customize_material_kwargs"": {}}"
toothpaste,"{""type"": ""fluid"", ""particle_contact_offset"": 0.015, ""particle_density"": 1000.0, ""is_viscous"": false, ""material_mtl_name"": ""WholeMilk"", ""customize_material_kwargs"": {""diffuse_reflection_color"": [1.0, 1.0, 1.0], ""enable_diffuse_transmission"": false}}"
vanilla,"{""type"": ""fluid"", ""particle_contact_offset"": 0.012, ""particle_density"": 879.0, ""is_viscous"": false, ""material_mtl_name"": ""DeepWater"", ""customize_material_kwargs"": {""specular_transmission_weight"": 0.4, ""specular_transmission_scattering_depth"": 0.0, ""specular_transmission_color"": [0.26, 0.12, 0.07], ""specular_transmission_scattering_color"": [0.25, 0.12, 0.01]}}"
vinegar,"{""type"": ""fluid"", ""particle_contact_offset"": 0.012, ""particle_density"": 1006.0, ""is_viscous"": false, ""material_mtl_name"": ""DeepWater"", ""customize_material_kwargs"": {""specular_transmission_color"": [1.0, 1.0, 1.0], ""specular_transmission_scattering_color"": [1.0, 1.0, 1.0]}}"
vinegar_cleaning_solution,"{""type"": ""fluid"", ""particle_contact_offset"": 0.012, ""particle_density"": 1006.0, ""is_viscous"": false, ""material_mtl_name"": ""DeepWater"", ""customize_material_kwargs"": {""specular_transmission_color"": [1.0, 1.0, 1.0], ""specular_transmission_scattering_color"": [1.0, 1.0, 1.0]}}"
vodka,"{""type"": ""fluid"", ""particle_contact_offset"": 0.012, ""particle_density"": 970.0, ""is_viscous"": false, ""material_mtl_name"": ""DeepWater"", ""customize_material_kwargs"": {""specular_transmission_color"": [1.0, 1.0, 1.0], ""specular_transmission_scattering_color"": [1.0, 1.0, 1.0]}}"
waffle_batter,"{""type"": ""fluid"", ""particle_contact_offset"": 0.02, ""particle_density"": 1016.0, ""is_viscous"": true, ""material_mtl_name"": ""Jade"", ""customize_material_kwargs"": {""specular_transmission_weight"": 0.0, ""specular_transmission_color"": [0.84, 0.75, 0.66], ""diffuse_reflection_color"": [0.84, 0.75, 0.66]}}"
water,"{""type"": ""fluid"", ""particle_contact_offset"": 0.012, ""particle_density"": 1000.0, ""is_viscous"": false, ""material_mtl_name"": ""ClearWater"", ""customize_material_kwargs"": {}}"
wax_remnant,"{""type"": ""macro_visual_particle"", ""relative_particle_scaling"": true}"
whipped_cream,"{""type"": ""fluid"", ""particle_contact_offset"": 0.025, ""particle_density"": 490.0, ""is_viscous"": true, ""material_mtl_name"": ""WholeMilk"", ""customize_material_kwargs"": {""diffuse_reflection_color"": [1.0, 1.0, 1.0], ""enable_diffuse_transmission"": false}}"
white_rice,"{""type"": ""granular"", ""particle_density"": 1452.0}"
white_wine,"{""type"": ""fluid"", ""particle_contact_offset"": 0.012, ""particle_density"": 991.0, ""is_viscous"": false, ""material_mtl_name"": ""DeepWater"", ""customize_material_kwargs"": {""specular_transmission_scattering_depth"": 0.0, ""specular_transmission_color"": [0.97, 0.98, 0.81], ""specular_transmission_scattering_color"": [0.85, 0.8, 0.04]}}"
whole_milk,"{""type"": ""fluid"", ""particle_contact_offset"": 0.012, ""particle_density"": 1030.0, ""is_viscous"": false, ""material_mtl_name"": ""WholeMilk"", ""customize_material_kwargs"": {""enable_diffuse_transmission"": false}}"
wine_sauce,"{""type"": ""fluid"", ""particle_contact_offset"": 0.012, ""particle_density"": 1057.0, ""is_viscous"": false, ""material_mtl_name"": ""OrangeJuice"", ""customize_material_kwargs"": {""diffuse_reflection_color"": [0.93, 0.84, 0.59], ""specular_transmission_color"": [0.96, 0.73, 0.3], ""specular_transmission_scattering_color"": [0.57, 0.04, 0.04], ""enable_diffuse_transmission"": false}}"
wrinkle,"{""type"": ""macro_visual_particle"", ""relative_particle_scaling"": false}"
yeast,"{""type"": ""granular"", ""particle_density"": 254.0}"
yogurt,"{""type"": ""fluid"", ""particle_contact_offset"": 0.017, ""particle_density"": 1036.0, ""is_viscous"": true, ""material_mtl_name"": ""WholeMilk"", ""customize_material_kwargs"": {""diffuse_reflection_color"": [1.0, 1.0, 1.0], ""enable_diffuse_transmission"": false}}"
