id,category,human readable category,synset,is_b200,mass_estimate,mass,hasAvgSpec?,approved,description,approval comments
0,ceilings,ceilings,ceiling.n.01,1,,,,1,,
1,walls,walls,wall.n.01,1,,,,1,,
2,floors,floors,floor.n.01,1,,,1,1,,
3,armchair,armchair,armchair.n.01,1,21.13,21.13,1,1,,
4,basket,basket,basket.n.01,1,1.09,1.09,1,1,,
5,bathtub,bathtub,bathtub.n.01,1,57.61,57.61,1,1,,
6,bed,bed,bed.n.01,1,57.13,57.13,1,1,,
7,bench,bench,bench.n.01,1,13.90,13.90,1,1,,
8,bottom_cabinet,bottom cabinet,cabinet.n.01,1,22.44,27.54,1,1,,
9,bottom_cabinet_no_top,bottom cabinet no top,cabinet.n.01,1,22.44,27.54,1,1,,
10,breakfast_table,breakfast table,breakfast_table.n.01,1,18.14,18.14,1,1,,
11,burner,burner,burner.n.02,1,16.78,16.78,1,1,,
12,carpet,carpet,rug.n.01,1,2.40,2.40,1,1,,
13,chaise_longue,chaise longue,chaise_longue.n.01,1,9.07,9.07,1,1,,
14,chest,chest,chest.n.02,1,7.26,7.26,1,1,,
15,coffee_maker,coffee maker,coffee_maker.n.01,1,3.54,3.54,1,1,,
16,coffee_table,coffee table,coffee_table.n.01,1,11.62,11.62,1,1,,
17,console_table,console table,console_table.n.01,1,11.79,11.79,1,1,,
18,countertop,countertop,countertop.n.01,1,221.13,221.13,1,1,,
19,crib,crib,crib.n.01,1,20.64,20.64,1,1,,
20,desk,desk,desk.n.01,1,18.14,18.14,1,1,,
21,dishwasher,dishwasher,dishwasher.n.01,1,30.39,30.39,1,1,,
22,door,door,door.n.01,1,26.31,26.31,1,1,,
23,dryer,dryer,dryer.n.01,1,70.52,70.52,1,1,,
24,floor_lamp,floor lamp,floor_lamp.n.01,1,4.30,4.30,1,1,,
25,folding_chair,folding chair,folding_chair.n.01,1,9.07,9.07,1,1,,
26,fridge,fridge,electric_refrigerator.n.01,1,92.99,92.99,1,1,,
27,gaming_table,gaming table,gaming_table.n.01,1,18.14,18.14,1,1,,
28,grandfather_clock,grandfather clock,grandfather_clock.n.01,1,21.32,21.32,1,1,,
29,guitar,guitar,guitar.n.01,1,1.75,1.75,1,1,,
30,heater,heater,heater.n.01,1,3.97,3.97,1,1,,
31,highchair,highchair,highchair.n.01,1,9.07,9.07,1,1,,
32,laptop,laptop,laptop.n.01,1,1.71,1.71,1,1,,
33,loudspeaker,loudspeaker,loudspeaker.n.01,1,6.53,0.54,1,1,,
34,microwave,microwave,microwave.n.02,1,12.03,12.03,1,1,,
35,mirror,mirror,mirror.n.01,1,4.51,4.51,1,1,,
36,monitor,monitor,monitor.n.04,1,3.26,3.26,1,1,,
37,oven,oven,oven.n.01,1,63.50,63.50,1,1,,
38,pedestal_table,pedestal table,pedestal_table.n.01,1,18.14,18.14,1,1,,
39,piano,piano,piano.n.01,1,228.16,228.16,1,1,,
40,picture,picture,photograph.n.01,1,0.47,0.47,1,1,,
41,pillow,pillow,pillow.n.01,1,1.13,1.13,1,1,,
42,pool_table,pool table,pool_table.n.01,1,74.73,74.73,1,1,,
43,pot_plant,pot plant,pot_plant.n.01,1,4.54,4.54,1,1,,
44,rail_fence,rail fence,rail_fence.n.01,1,4.80,4.80,1,1,,
45,range_hood,range hood,range_hood.n.01,1,13.50,13.50,1,1,,
46,rocking_chair,rocking chair,rocking_chair.n.01,1,9.07,9.07,1,1,,
47,shelf,shelf,shelf.n.01,1,11.09,11.09,1,1,,
48,shower,shower,shower.n.01,1,236.32,236.32,1,1,,
49,sink,sink,sink.n.01,1,9.46,9.46,1,1,,
50,sofa,sofa,sofa.n.01,1,41.60,41.60,1,1,,
51,speaker_system,speaker system,loudspeaker.n.01,1,6.53,12.52,1,1,,
52,stand,stand,stand.n.04,1,18.14,18.14,1,1,,
53,standing_tv,standing tv,television_receiver.n.01,1,17.55,17.55,1,1,,
54,stool,stool,stool.n.01,1,6.17,6.17,1,1,,
55,stove,stove,stove.n.01,1,77.56,77.56,1,1,,
56,straight_chair,straight chair,straight_chair.n.01,1,9.07,9.07,1,1,,
57,swivel_chair,swivel chair,swivel_chair.n.01,1,12.52,12.52,1,1,,
58,table_lamp,table lamp,table_lamp.n.01,1,0.81,0.81,1,1,,
59,toilet,toilet,toilet.n.02,1,33.82,33.82,1,1,,
60,top_cabinet,top cabinet,cabinet.n.01,1,22.44,12.25,1,1,,
61,towel_rack,towel rack,towel_rack.n.01,1,0.91,0.91,1,1,,
62,trash_can,trash can,ashcan.n.01,1,3.18,3.18,1,1,,
63,treadmill,treadmill,treadmill.n.01,1,73.48,73.48,1,1,,
64,wall_clock,wall clock,wall_clock.n.01,1,0.57,0.57,1,1,,
65,wall_mounted_tv,wall mounted tv,television_receiver.n.01,1,17.55,17.55,1,1,,
66,washer,washer,washer.n.03,1,73.00,73.00,1,1,,
67,window,window,window.n.01,1,29.26,29.26,1,1,,
68,apple,apple,apple.n.01,1,0.07,0.09,1,1,,
69,apricot,apricot,apricot.n.02,1,0.07,0.09,1,1,,
70,artichoke,artichoke,artichoke.n.02,1,0.01,0.01,1,1,,
71,banana,banana,banana.n.02,1,0.12,0.12,1,1,,
72,bean,bean,bean.n.01,1,0.00,0.00,1,1,,
73,beet,beet,beet.n.02,1,0.10,0.10,1,1,,
74,bell_pepper,bell pepper,bell_pepper.n.02,1,0.25,0.25,1,1,,
75,bowl,bowl,bowl.n.01,1,0.10,0.10,1,1,,
76,broccoli,broccoli,broccoli.n.02,1,0.01,0.01,1,1,,
77,bucket,bucket,bucket.n.01,1,3.00,3.00,1,1,,
78,bulldog_clip,bulldog clip,bulldog_clip.n.01,1,0.02,0.02,1,1,,
79,bulletin_board,bulletin board,bulletin_board.n.02,1,5.00,5.00,1,1,,
80,butter,butter,butter.n.01,1,0.47,0.47,1,1,,
81,caliper,caliper,caliper.n.01,1,0.20,0.20,1,1,,
82,canned_food,canned food,canned_food.n.01,1,0.80,0.80,1,1,,
83,cantaloup,cantaloup,cantaloup.n.02,1,2.00,2.00,1,1,,
84,carafe,carafe,carafe.n.01,1,0.50,0.50,1,1,,
85,carrot,carrot,carrot.n.03,1,0.06,0.06,1,1,,
86,carving_knife,carving knife,carving_knife.n.01,1,0.31,0.31,1,1,,
87,casserole,casserole,casserole.n.02,1,1.79,1.79,1,1,,
88,catsup,catsup,catsup.n.01,1,0.35,0.35,1,1,,
89,cherry,cherry,cherry.n.03,1,0.02,0.02,1,1,,
90,chestnut,chestnut,chestnut.n.03,1,0.01,0.01,1,1,,
91,chip,chip,chip.n.04,1,0.23,0.23,1,1,,
92,chives,chives,chives.n.01,1,0.02,0.02,1,1,,
93,chopping_board,chopping board,chopping_board.n.01,1,1.45,1.45,1,1,,
94,clove,clove,clove.n.03,1,0.02,0.02,1,1,,
95,coatrack,coatrack,coatrack.n.01,1,3.87,3.87,1,1,,
96,coconut,coconut,coconut.n.01,1,0.52,0.70,1,1,,
97,colander,colander,colander.n.01,1,0.77,0.77,1,1,,
98,cream,cream,cream.n.02,1,0.55,0.55,1,1,,
99,cream_pitcher,cream pitcher,cream_pitcher.n.01,1,1.50,1.50,1,1,,
100,cruet,cruet,cruet.n.01,1,0.20,0.20,1,1,,
101,cucumber,cucumber,cucumber.n.02,1,0.39,0.39,1,1,,
102,digital_scale,digital scale,scale.n.07,1,1.68,1.75,1,1,,
103,dinner_napkin,dinner napkin,dinner_napkin.n.01,1,0.30,0.30,1,1,,
104,dipper,dipper,dipper.n.01,1,0.15,0.15,1,1,,
105,dish_rack,dish rack,dish_rack.n.01,1,4.00,4.00,1,1,,
106,egg,egg,egg.n.02,1,0.77,0.77,1,1,,
107,eggplant,eggplant,eggplant.n.01,1,0.45,0.45,1,1,,
108,eraser,eraser,eraser.n.01,1,0.03,0.03,1,1,,
109,flour,flour,flour.n.01,1,0.50,0.50,1,1,,
110,foot_rule,foot rule,foot_rule.n.01,1,0.01,0.01,1,1,,
111,frying_pan,frying pan,frying_pan.n.01,1,2.00,2.00,1,1,,
112,glass,glass,glass.n.02,1,0.24,0.24,1,1,,
113,gooseberry,gooseberry,gooseberry.n.01,1,0.00,0.00,1,1,,
114,grape,grape,grape.n.01,1,0.15,0.15,1,1,,
115,grater,grater,grater.n.01,1,0.25,0.25,1,1,,
116,griddle,griddle,griddle.n.01,1,2.95,2.95,1,1,,
117,half_apple,half apple,apple.n.01,1,0.07,0.05,1,1,,
118,half_apricot,half apricot,apricot.n.02,1,0.07,0.05,1,1,,
119,half_chestnut,half chestnut,chestnut.n.03,1,0.01,0.01,1,1,,
120,half_coconut,half coconut,coconut.n.01,1,0.52,0.35,1,1,,
121,half_kiwi,half kiwi,kiwi.n.03,1,0.06,0.04,1,1,,
122,half_lemon,half lemon,lemon.n.01,1,0.05,0.04,1,1,,
123,half_mushroom,half mushroom,mushroom.n.05,1,0.03,0.03,1,1,,
124,half_orange,half orange,orange.n.01,1,0.06,0.04,1,1,,
125,half_peach,half peach,peach.n.03,1,0.07,0.05,1,1,,
126,half_pear,half pear,pear.n.01,1,0.14,0.10,1,1,,
127,half_pineapple,half pineapple,pineapple.n.02,1,0.75,0.50,1,1,,
128,half_plum,half plum,plum.n.02,1,0.05,0.03,1,1,,
129,half_pomegranate,half pomegranate,pomegranate.n.02,1,0.19,0.13,1,1,,
130,half_pomelo,half pomelo,pomelo.n.02,1,0.14,0.10,1,1,,
131,half_strawberry,half strawberry,strawberry.n.01,1,0.01,0.01,1,1,,
132,half_tomato,half tomato,tomato.n.01,1,0.08,0.05,1,1,,
133,half_vidalia_onion,half vidalia onion,vidalia_onion.n.01,1,0.13,0.13,1,1,,
134,head_cabbage,head cabbage,head_cabbage.n.02,1,1.09,1.09,1,1,,
135,highlighter,highlighter,highlighter.n.02,1,0.06,0.06,1,1,,
136,honing_steel,honing steel,steel.n.03,1,0.30,0.30,1,1,,
137,jar,jar,jar.n.01,1,8.00,8.00,1,1,,
138,kettle,kettle,kettle.n.01,1,1.20,1.20,1,1,,
139,kitchen_analog_scale,kitchen analog scale,scale.n.07,1,1.68,1.60,1,1,,
140,kiwi,kiwi,kiwi.n.03,1,0.06,0.08,1,1,,
141,lemon,lemon,lemon.n.01,1,0.05,0.07,1,1,,
142,lettuce,lettuce,lettuce.n.03,1,0.03,0.03,1,1,,
143,lid,lid,lid.n.02,1,0.65,0.65,1,1,,
144,mat,mat,mat.n.07,1,0.36,0.36,1,1,,
145,mug,mug,mug.n.04,1,0.40,0.40,1,1,,
146,mushroom,mushroom,mushroom.n.05,1,0.03,0.03,1,1,,
147,oatmeal,oatmeal,oatmeal.n.01,1,0.35,0.35,1,1,,
148,olive,olive,olive.n.04,1,0.40,0.40,1,1,,
149,olive_oil,olive oil,olive_oil.n.01,1,0.15,0.15,1,1,,
150,orange,orange,orange.n.01,1,0.06,0.08,1,1,,
151,paper_clip,paper clip,paper_clip.n.01,1,0.00,0.00,1,1,,
152,paper_towel,paper towel,paper_towel.n.01,1,0.73,0.73,1,1,,
153,paper_towel_holder,paper towel holder,holder.n.01,1,0.45,0.45,1,1,,
154,parsley,parsley,parsley.n.02,1,0.01,0.01,1,1,,
155,pea,pea,pea.n.01,1,0.01,0.01,1,1,,
156,peach,peach,peach.n.03,1,0.07,0.09,1,1,,
157,pear,pear,pear.n.01,1,0.14,0.19,1,1,,
158,pen,pen,pen.n.01,1,0.02,0.02,1,1,,
159,pencil,pencil,pencil.n.01,1,0.01,0.01,1,1,,
160,pencil_box,pencil box,pencil_box.n.01,1,0.08,0.08,1,1,,
161,pepper_grinder,pepper grinder,pepper_mill.n.01,1,0.23,0.23,1,1,,
162,pineapple,pineapple,pineapple.n.02,1,0.75,1.00,1,1,,
163,pistachio,pistachio,pistachio.n.02,1,0.00,0.00,1,1,,
164,plum,plum,plum.n.02,1,0.05,0.06,1,1,,
165,pomegranate,pomegranate,pomegranate.n.02,1,0.19,0.26,1,1,,
166,pomelo,pomelo,pomelo.n.02,1,0.14,0.19,1,1,,
167,pop,pop,pop.n.02,1,2.52,0.40,1,1,,
168,pop_case,pop case,pop.n.02,1,2.52,4.64,1,1,,
169,potato,potato,potato.n.01,1,0.68,0.68,1,1,,
170,pumpkin,pumpkin,pumpkin.n.02,1,2.00,2.00,1,1,,
171,radish,radish,radish.n.01,1,0.45,0.45,1,1,,
172,raspberry,raspberry,raspberry.n.02,1,0.00,0.00,1,1,,
173,rosehip,rosehip,hip.n.05,1,0.03,0.03,1,1,,
174,saucepan,saucepan,saucepan.n.01,1,1.50,1.50,1,1,,
175,soup_ladle,soup ladle,soup_ladle.n.01,1,0.20,0.20,1,1,,
176,spaghetti_sauce,spaghetti sauce,spaghetti_sauce.n.01,1,0.51,0.51,1,1,,
177,spatula,spatula,spatula.n.01,1,0.08,0.08,1,1,,
178,spinach,spinach,spinach.n.02,1,0.09,0.09,1,1,,
179,spoon,spoon,spoon.n.01,1,0.06,0.06,1,1,,
180,sticky_note,sticky note,pad.n.01,1,0.10,0.10,1,1,,
181,straight_pin,straight pin,straight_pin.n.01,1,0.00,0.00,1,1,,
182,strawberry,strawberry,strawberry.n.01,1,0.01,0.01,1,1,,
183,sweet_corn,sweet corn,sweet_corn.n.02,1,0.60,0.60,1,1,,
184,table_knife,table knife,table_knife.n.01,1,0.06,0.06,1,1,,
185,tablefork,tablefork,tablefork.n.01,1,0.05,0.05,1,1,,
186,tape,tape,tape.n.01,1,0.80,0.80,1,1,,
187,teapot,teapot,teapot.n.01,1,3.30,3.30,1,1,,
188,thumbtack,thumbtack,thumbtack.n.01,1,0.00,0.00,1,1,,
189,toasting_fork,toasting fork,toasting_fork.n.01,1,0.05,0.05,1,1,,
190,tomato,tomato,tomato.n.01,1,0.08,0.10,1,1,,
191,tongs,tongs,tongs.n.01,1,0.26,0.26,1,1,,
192,turnip,turnip,turnip.n.02,1,0.45,0.45,1,1,,
193,vidalia_onion,vidalia onion,vidalia_onion.n.01,1,0.13,0.13,1,1,,
194,walnut,walnut,walnut.n.01,1,0.02,0.02,1,1,,
195,watermelon,watermelon,watermelon.n.02,1,8.00,8.00,1,1,,
196,whiteboard,whiteboard,display_panel.n.01,1,7.00,7.00,1,1,,
197,wine_bottle,wine bottle,wine_bottle.n.01,1,1.20,1.20,1,1,,
198,yogurt,yogurt,yogurt.n.01,1,0.15,0.15,1,1,,
199,zucchini,zucchini,zucchini.n.02,1,0.50,0.50,1,1,,
200,gym_shoe,gym shoe,gym_shoe.n.01,1,0.34,0.34,1,1,,
201,video_game,video game,computer_game.n.01,1,0.40,0.40,1,1,,
202,board_game,board game,board_game.n.01,1,0.68,0.68,1,1,,
203,walker,walker,walker.n.04,1,0.40,0.40,1,1,,
204,medicine,medicine,medicine.n.02,1,0.16,0.09,1,1,,supersynset of powder.n.03
205,sandal,sandal,sandal.n.01,1,0.18,0.18,1,1,,
206,hat,hat,hat.n.01,1,0.11,0.11,1,1,,
207,protein_powder,protein powder,protein.n.01,1,0.92,0.92,1,1,,
208,ink_cartridge,ink cartridge,ink_cartridge.n.01,1,0.05,0.05,1,1,,
209,cpu_board,cpu board,cpu_board.n.01,1,1.31,1.31,1,1,,
210,router,router,router.n.02,1,0.50,0.50,1,1,,
211,keyboard,keyboard,keyboard.n.01,1,0.85,0.85,1,1,,
212,headset,headset,headset.n.01,1,0.28,0.28,1,1,,
213,mouse,mouse,mouse.n.04,1,0.10,0.10,1,1,,
214,hard_drive,hard drive,disk_drive.n.01,1,0.23,0.23,1,1,,
215,hammer,hammer,hammer.n.02,1,0.70,0.70,1,1,,
216,glove,glove,glove.n.02,1,0.14,0.14,1,1,,
217,bath_towel,bath towel,bath_towel.n.01,1,0.71,0.71,1,1,,
218,dishtowel,dishtowel,dishtowel.n.01,1,0.14,0.14,1,1,,
219,hand_towel,hand towel,hand_towel.n.01,1,0.20,0.20,1,1,,
220,toy,toy,plaything.n.01,1,0.25,0.25,1,1,,
221,envelope,envelope,envelope.n.01,1,0.01,0.01,1,1,,
222,chocolate_box,chocolate box,chocolate.n.02,1,0.80,0.80,1,1,,
223,ribbon,ribbon,ribbon.n.01,1,0.10,0.10,1,1,,
224,lotion,lotion,lotion.n.01,1,0.47,0.47,1,1,,
225,soap,soap,soap.n.01,1,0.13,0.13,1,1,,
226,cracker_box,cracker box,cracker.n.01,1,0.25,0.20,1,1,,supersynset of pretzel
227,ball,ball,ball.n.01,1,0.07,0.07,1,1,,
228,t-shirt,t-shirt,jersey.n.03,1,0.30,0.30,1,1,,
229,candy_cane,candy cane,candy_cane.n.01,1,0.03,0.03,1,1,,
230,shampoo,shampoo,shampoo.n.01,1,0.96,0.96,1,1,,
231,conditioner,conditioner,conditioner.n.03,1,0.88,0.88,1,1,,
232,candle,candle,candle.n.01,1,0.40,0.40,1,1,,
233,water,water,water.n.06,1,0.48,0.48,1,1,,
234,folderal,folderal,folderal.n.01,1,0.13,0.13,1,1,,
235,light_bulb,light bulb,light_bulb.n.01,1,0.20,0.20,1,1,,
236,wall_socket,wall socket,wall_socket.n.01,1,0.08,0.08,1,1,,
237,cord,cord,cord.n.01,1,0.41,1.00,1,1,,"supersynset of tinsel, dental_floss"
238,bell,bell,bell.n.01,1,0.08,0.08,1,1,,
239,baseboard,baseboard,baseboard.n.01,1,0.40,0.40,1,1,,
240,plywood,plywood,plywood.n.01,1,0.48,0.48,1,1,,
241,tile,tile,tile.n.01,1,2.20,2.20,1,1,,
242,clout_nail,clout nail,clout_nail.n.01,1,0.00,0.00,1,1,,
243,hinge,hinge,hinge.n.01,1,0.40,0.40,1,1,,
244,screwdriver,screwdriver,screwdriver.n.01,1,0.15,0.15,1,1,,
246,rag,rag,rag.n.01,1,0.35,0.35,1,1,,
247,package,package,package.n.02,1,1.00,1.00,1,1,,
248,pocketknife,pocketknife,pocketknife.n.01,1,0.13,0.13,1,1,,
249,scissors,scissors,scissors.n.01,1,0.11,0.11,1,1,,
250,hardback,hardback,hardback.n.01,1,0.45,0.45,1,1,,
251,notebook,notebook,notebook.n.01,1,0.42,0.42,1,1,,
252,hairbrush,hairbrush,hairbrush.n.01,1,0.15,0.15,1,1,,
253,sausage,sausage,sausage.n.01,1,0.08,0.08,1,1,,
254,chili,chili,chili.n.02,1,0.03,0.03,1,1,,
255,hamburger,hamburger,hamburger.n.01,1,0.20,0.20,1,1,,
256,tray,tray,tray.n.01,1,1.80,1.80,1,1,,
257,toothpick,toothpick,toothpick.n.01,1,0.00,0.00,1,1,,
258,plate,plate,plate.n.04,1,0.40,0.40,1,1,,
259,dart,dart,dart.n.01,1,0.02,0.02,1,1,,
260,dartboard,dartboard,dartboard.n.01,1,4.00,4.00,1,1,,
261,blender,blender,blender.n.01,1,2.70,2.70,1,1,,
262,straw,straw,straw.n.04,1,0.04,0.04,1,1,,
263,container_date,container date,date.n.08,1,0.70,0.70,1,1,,
264,folder,folder,folder.n.02,1,0.34,0.34,1,1,,
265,calculator,calculator,calculator.n.02,1,0.12,0.12,1,1,,
266,necklace,necklace,necklace.n.01,1,0.00,0.00,1,1,,
267,jewel,jewel,jewel.n.01,1,0.00,0.00,1,1,,
268,bracelet,bracelet,bracelet.n.02,1,0.02,0.02,1,1,,
269,ring,ring,ring.n.08,1,0.00,0.00,1,1,,
270,cup,cup,cup.n.01,1,0.45,0.45,1,1,,
271,platter,platter,platter.n.01,1,1.65,1.65,1,1,,
272,cauldron,cauldron,caldron.n.01,1,2.00,2.00,1,1,,
273,coffee_pouch,coffee pouch,coffee.n.01,1,0.45,,1,1,,
274,coffee_cup,coffee cup,coffee.n.01,1,0.45,0.45,1,1,,
275,crumb,crumb,crumb.n.03,1,0.00,0.00,1,1,,
276,cookie,cookie,cookie.n.01,1,0.05,0.05,1,1,,
277,wrapped_gift,wrapped gift,wrapping.n.01,1,2.50,2.50,1,1,,
278,bow,bow,bow.n.08,1,0.12,0.12,1,1,,
279,wreath,wreath,wreath.n.01,1,0.15,0.15,1,1,,
280,martini,martini,martini.n.01,1,0.24,0.24,1,1,,
281,chopstick,chopstick,chopstick.n.01,1,0.08,0.08,1,1,,
282,sushi,sushi,sushi.n.01,1,0.09,0.09,1,1,,
283,container_cranberry,container cranberry,cranberry.n.02,1,0.30,0.30,1,1,,
284,salad,salad,salad.n.01,1,0.60,0.60,1,1,,
285,soup,soup,soup.n.01,1,0.80,0.80,1,1,,
286,sheet,sheet,sheet.n.03,1,0.80,0.80,1,1,,
287,atomizer,atomizer,atomizer.n.01,1,0.40,0.40,1,1,,
288,broom,broom,broom.n.01,1,0.58,0.58,1,1,,
289,carpet_sweeper,carpet sweeper,carpet_sweeper.n.01,1,1.43,1.43,1,1,,
290,coat,coat,coat.n.01,1,1.70,1.70,1,1,,
291,detergent,detergent,detergent.n.02,1,1.50,1.50,1,1,,
292,jeans,jeans,jean.n.01,1,0.40,0.40,1,1,,
293,paint,paint,paint.n.01,1,4.50,4.50,1,1,,
294,paintbrush,paintbrush,paintbrush.n.01,1,0.22,0.22,1,1,,
295,pajamas,pajamas,pajama.n.02,1,0.20,0.20,1,1,,
296,pegboard,pegboard,pegboard.n.01,1,1.10,1.10,1,1,,
297,roller,roller,roller.n.04,1,1.20,1.20,1,1,,
298,scrub_brush,scrub brush,scrub_brush.n.01,1,0.08,0.08,1,1,,
299,sock,sock,sock.n.01,1,0.08,0.08,1,1,,
300,sweater,sweater,sweater.n.01,1,0.47,0.47,1,1,,
301,trowel,trowel,trowel.n.01,1,0.15,0.15,1,1,,
302,underwear,underwear,underwear.n.01,1,0.05,0.05,1,1,,
303,vacuum,vacuum,vacuum.n.04,1,5.44,5.44,1,1,,
304,umbrella,umbrella,umbrella.n.01,1,0.41,0.41,1,1,,
305,sunglass,sunglass,sunglass.n.01,1,0.02,0.02,1,1,,
306,toaster,toaster,toaster.n.02,1,1.54,1.54,1,1,,
307,iron,iron,iron.n.04,1,1.37,1.37,1,1,,
308,hook,hook,hook.n.05,1,1.80,1.80,1,1,,
309,salt,salt,salt.n.02,1,0.80,0.80,1,1,,
310,beer,beer,beer.n.01,1,0.70,0.70,1,1,,
311,juice,juice,juice.n.01,1,2.02,2.02,1,1,,
312,car,car,car.n.01,1,1204.00,1204.00,1,1,,
313,drill,drill,drill.n.01,1,1.81,1.81,1,1,,
314,dustpan,dustpan,dustpan.n.02,1,0.40,0.40,1,1,,
315,lawn_mower,lawn mower,lawn_mower.n.01,1,17.01,17.01,1,1,,
316,painting,painting,painting.n.01,1,0.60,0.60,1,1,,
317,powder_bottle,powder bottle,powder.n.03,1,0.23,0.23,1,1,,
318,rake,rake,rake.n.03,1,1.16,1.16,1,1,,
319,scarf,scarf,scarf.n.01,1,0.12,0.12,1,1,,
320,scraper,scraper,scraper.n.01,1,0.15,0.15,1,1,,
321,ladder,ladder,ladder.n.01,1,7.71,7.71,1,1,,
322,toothbrush,toothbrush,toothbrush.n.01,1,0.02,0.02,1,1,,
323,beef,beef,beef.n.02,1,0.80,0.80,1,1,,
324,chicken,chicken,chicken.n.01,1,1.36,1.36,1,1,,
325,dress,dress,dress.n.01,1,0.29,0.29,1,1,,
326,hanger,hanger,hanger.n.02,1,0.10,0.10,1,1,,
327,perfume,perfume,perfume.n.02,1,0.40,0.40,1,1,,supersynset of cologne
328,pork,pork,pork.n.01,1,0.45,0.45,1,1,,
329,rib,rib,rib.n.03,1,0.40,0.40,1,1,,
330,steak,steak,steak.n.01,1,0.23,0.23,1,1,,
331,sugar_jar,sugar jar,sugar.n.01,1,0.45,0.45,1,1,,
332,crab,crab,crab.n.05,1,0.75,0.75,1,1,,
333,fillet,fillet,fillet.n.02,1,0.49,0.49,1,1,,
334,fish,fish,fish.n.02,1,0.70,0.70,1,1,,
335,magazine,magazine,magazine.n.02,1,0.24,0.24,1,1,,
336,newspaper,newspaper,newspaper.n.03,1,0.02,0.02,1,1,,
337,pool,pool,pool.n.01,1,17.37,17.37,1,1,,
338,tart,tart,tart.n.02,1,0.50,0.50,1,1,,
339,muffin,muffin,muffin.n.01,1,0.12,0.12,1,1,,
340,ice_cube,ice cube,ice_cube.n.01,1,0.01,0.01,1,1,,
341,cinnamon,cinnamon,cinnamon.n.03,1,0.11,0.11,1,1,,
342,lime,lime,lime.n.06,1,0.09,0.09,1,1,,
343,ginger,ginger,ginger.n.02,1,0.18,0.18,1,1,,
344,cereal,cereal,cereal.n.03,1,0.56,0.56,1,1,,
345,cheese,cheese,cheese.n.01,1,0.25,0.25,1,1,,
346,milk,milk,milk.n.01,1,3.90,3.90,1,1,,
347,pasta,pasta,pasta.n.02,1,0.45,0.45,1,1,,
348,almond,almond,almond.n.02,1,0.04,0.04,1,1,,
349,grill,grill,grill.n.02,1,10.70,10.70,1,1,,
350,hose,hose,hose.n.03,1,7.00,7.00,1,1,,
351,jam,jam,jam.n.01,1,0.35,0.35,1,1,,
352,puree,puree,puree.n.01,1,0.17,0.17,1,1,,
353,bagel,bagel,bagel.n.01,1,0.11,0.11,1,1,,
354,baguette,baguette,baguet.n.01,1,0.44,0.44,1,1,,
355,basil,basil,basil.n.03,1,0.03,0.03,1,1,,
356,celery,celery,celery.n.02,1,0.25,0.25,1,1,,
357,cupcake,cupcake,cupcake.n.01,1,0.08,0.08,1,1,,
358,green_onion,green onion,green_onion.n.01,1,0.08,0.09,1,1,,
359,green_onion_chopped,green onion chopped,green_onion.n.01,1,0.08,0.07,1,1,,
360,guacamole,guacamole,guacamole.n.01,1,0.40,0.40,1,1,,
361,lasagna,lasagna,lasagna.n.01,1,0.30,0.30,1,1,,
362,mayonnaise,mayonnaise,mayonnaise.n.01,1,0.59,0.59,1,1,,
363,mousetrap,mousetrap,mousetrap.n.01,1,0.12,0.12,1,1,,
364,pretzel,pretzel,pretzel.n.01,1,0.30,0.30,1,1,,
365,prosciutto,prosciutto,prosciutto.n.01,1,0.80,0.80,1,1,,
366,razor,razor,razor.n.01,1,0.03,0.03,1,1,,
367,sunscreen,sunscreen,sunscreen.n.01,1,0.24,0.24,1,1,,
368,tinsel,tinsel,tinsel.n.02,1,0.20,0.20,1,1,,
369,christmas_tree,christmas tree,christmas_tree.n.05,1,18.30,18.00,1,1,,
370,christmas_tree_decorated,christmas tree decorated,christmas_tree.n.05,1,18.30,18.60,1,1,,
371,vinegar,vinegar,vinegar.n.01,1,1.60,1.60,1,1,,
372,alarm,alarm,smoke_alarm.n.01,0,0.25,0.25,1,1,,
373,cologne,cologne,cologne.n.02,1,0.40,0.40,1,1,,
374,comb,comb,comb.n.01,1,0.01,0.01,1,1,,
375,dental_floss,dental floss,dental_floss.n.01,1,0.02,0.02,1,1,,
376,document,document,document.n.01,1,0.20,0.20,1,1,,
377,duffel_bag,duffel bag,duffel_bag.n.01,1,0.53,0.53,1,1,,
378,facsimile,facsimile,facsimile.n.02,1,2.39,2.39,1,1,,
379,gingerbread,gingerbread,gingerbread.n.01,1,0.05,0.05,1,1,,
380,lipstick,lipstick,lipstick.n.01,1,0.02,0.02,1,1,,
381,lollipop,lollipop,lollipop.n.02,1,0.03,0.03,1,1,,
382,modem,modem,modem.n.01,1,0.64,0.64,1,1,,
383,printer,printer,printer.n.02,1,9.00,9.00,1,1,,
384,saw,saw,saw.n.02,1,1.00,1.00,1,1,,
385,scanner,scanner,scanner.n.02,1,1.52,1.52,1,1,,
386,stocking,stocking,stocking.n.01,1,0.13,0.13,1,1,,
387,toothpaste,toothpaste,toothpaste.n.01,1,0.37,0.37,1,1,,
388,watch,watch,watch.n.01,1,0.05,0.05,1,1,,
389,carton,carton,carton.n.02,1,1.00,1.00,1,1,,
390,briefcase,briefcase,briefcase.n.01,1,1.50,1.50,1,1,,
391,tea_bag,tea bag,tea_bag.n.01,1,0.02,0.02,1,1,,
392,shoulder_bag,shoulder bag,shoulder_bag.n.01,1,1.00,1.00,1,1,,
393,paper_bag,paper bag,sack.n.01,1,0.05,0.05,1,1,,
394,backpack,backpack,backpack.n.01,1,1.50,1.50,1,1,,
395,eames_chair,eames chair,eames_chair.n.01,1,11.29,11.29,,1,,
396,shower_stall,shower stall,shower_stall.n.01,0,10.04,10.04,,1,,
397,soap_dispenser,soap dispenser,soap_dispenser.n.01,1,0.40,0.40,,1,,
398,toilet_paper,toilet paper,toilet_tissue.n.01,0,0.10,0.10,,1,,
399,room_light,room light,room_light.n.01,1,0.30,0.30,,1,Light that's hanging on a cable from the ceiling,
400,architectural_plan,architectural plan,plan.n.03,0,0.47,0.47,,1,,
401,urinal,urinal,urinal.n.01,0,93.20,93.20,,1,,
402,bicycle,bicycle,bicycle.n.01,0,1204.00,20.00,,1,,
403,square_light,square light,room_light.n.01,1,0.30,0.30,,1,Square light panels attached to the ceiling,
404,downlight,downlight,room_light.n.01,1,0.30,0.30,,1,"Round spot lights, possibly recessed, in the ceiling",
405,toilet_paper_dispenser,toilet paper dispenser,dispenser.n.01,1,0.40,0.40,,1,More public restroom kind of toilet paper dispenser,
406,vending_machine,vending machine,vending_machine.n.01,0,2.76,7.00,,1,,
407,desktop_computer,desktop computer,desktop_computer.n.01,0,1.71,10.00,,1,,
408,magazine_rack,magazine rack,magazine_rack.n.01,1,5.60,2.00,,1,,
409,motorcycle,motorcycle,motorcycle.n.01,0,1204.00,185.00,,1,,
410,handrail,handrail,bannister.n.02,0,15.55,9.00,,1,,
411,locker,locker,cabinet.n.03,0,10.04,15.00,,1,,
412,photocopier,photocopier,photocopier.n.01,0,2.39,8.00,,1,,
413,shredder,shredder,shredder.n.01,0,8.49,18.00,,1,,
414,sign,sign,sign.n.02,1,0.20,0.20,,1,,
415,conference_table,conference table,conference_table.n.01,0,23.61,25.00,,1,,
416,cart,cart,handcart.n.01,1,1204.00,33.00,,1,,
417,electric_mixer,electric mixer,mixer.n.04,1,2.70,10.00,,1,,
418,paper_towel_dispenser,paper towel dispenser,dispenser.n.01,1,0.40,0.50,,1,,
419,cooking_oil,cooking oil,cooking_oil.n.01,1,0.15,0.50,,1,,
420,wall_mounted_shelf,wall mounted shelf,shelf.n.01,1,11.09,7.00,,1,,
421,pot_lid,pot lid,lid.n.02,1,0.65,0.50,,0,,duplicate of lid
422,jug,jug,pitcher.n.02,1,1.50,0.50,,1,,
423,commercial_kitchen_sink,commercial kitchen sink,sink.n.01,1,9.46,9.46,,1,,
424,commercial_kitchen_table,commercial kitchen table,kitchen_table.n.01,0,23.61,23.61,,1,,
425,room_ventilator,room ventilator,ventilator.n.01,0,8.49,8.49,,1,,
426,deep_fryer,deep fryer,electric_frying_pan.n.01,0,2.00,3.00,,1,,
427,waist_height_drawers,waist height drawers,drawer.n.01,0,24.24,24.24,,0,,"? drawer.n.01 is a drawer unit, wrong synset, unclear category"
428,metal_bottom_cabinet,metal bottom cabinet,cabinet.n.01,1,22.44,22.44,,1,,
429,gravy_boat,gravy boat,gravy_boat.n.01,1,1.79,1.00,,1,,
430,ramekin,ramekin,ramekin.n.01,0,0.38,1.38,,1,,
431,croissant,croissant,crescent_roll.n.01,1,0.11,0.11,,1,,
432,flower,flower,flower.n.02,0,0.38,0.38,,1,S: (n) flower (a plant cultivated for its blooms or blossoms),
433,electric_switch,electric switch,switch.n.01,1,8.49,0.49,,1,,
434,pillar,pillar,column.n.07,0,5.60,15.00,,1,"S: (n) column, pillar ((architecture) a tall vertical cylindrical structure standing upright and used to support a structure)",
435,chess_set,chess set,chess_set.n.01,0,0.15,3.00,,1,S: (n) chess set (checkerboard and a set of 32 pieces used to play chess),
436,cloche,cloche,cloche.n.01,0,0.41,1.00,,1,https://en.wikipedia.org/wiki/Cloche_(tableware) covers plates and keeps them warm,
437,wall_mounted_soap_dispenser,wall mounted soap dispenser,soap_dispenser.n.01,1,0.40,1.00,,1,,
438,ladle,ladle,ladle.n.01,1,0.18,0.18,,0,,"supersynset of dipper, soup_ladle"
439,cleaver,cleaver,cleaver.n.01,0,0.16,1.16,,1,,
440,spice,spice,spice.n.02,1,0.14,0.50,,0,,"supersynset of cinnamon, ginger"
441,mason_jar,mason jar,mason_jar.n.01,0,8.00,1.00,,0,,subsynet of jar
442,tomato_sauce,tomato sauce,tomato_sauce.n.01,0,0.51,2.00,,0,,subsynet of spaghetti_sauce
443,canned_corn,canned corn,sweet_corn.n.02,1,0.60,1.00,,1,,
444,booth,booth,booth.n.01,0,23.61,40.00,,1,S: (n) booth (a table (in a restaurant or bar) surrounded by two high-backed benches),
445,boiler,boiler,kettle.n.02,0,0.25,2.00,,1,,
446,food_slicer,food slicer,slicer.n.02,0,2.76,2.00,,1,,a machine for cutting; usually with a revolving blade?
447,eggbeater,eggbeater,eggbeater.n.02,0,1.94,2.00,,0,a whisking machine,
448,broiler,broiler,broiler.n.01,0,63.50,10.00,,0,or oven used for baking or broiling,subsynet of oven
449,fire_extinguisher,fire extinguisher,fire_extinguisher.n.01,0,8.49,3.00,,1,,
450,metal_bottom_cabinet_no_top,metal bottom cabinet no top,cabinet.n.01,1,22.44,22.44,,1,,
451,mustard,mustard,mustard.n.02,1,0.64,0.64,,1,"S: (n) mustard, table mustard (pungent powder or paste prepared from ground mustard seeds)",
452,jukebox,jukebox,jukebox.n.01,0,2.76,2.76,,1,"S: (n) jukebox, nickelodeon (a cabinet containing an automatic record player; records are played by inserting a coin)",
453,pay_phone,pay phone,pay-phone.n.01,0,9.25,9.25,,1,"S: (n) pay-phone, pay-station (a coin-operated telephone)",
454,menu,menu,menu.n.01,1,0.20,0.20,,1,"S: (n) menu, bill of fare, card, carte du jour, carte (a list of dishes available at a restaurant) ""the menu was in French""",
455,pepper_shaker,pepper shaker,pepper_shaker.n.01,0,38.43,0.20,,1,"S: (n) pepper shaker, pepper box, pepper pot (a shaker with a perforated top for sprinkling ground pepper)",
456,salt_shaker,salt shaker,saltshaker.n.01,1,38.43,0.20,,1,"S: (n) saltshaker, salt shaker (a shaker with a perforated top for sprinkling salt)",
457,bar,bar,bar.n.02,1,23.61,8.00,,1,"S: (n) bar (a counter where you can obtain food or drink) ""he bought a hot dog and a coke at the bar""",
458,chandelier,chandelier,chandelier.n.01,1,93.20,10.00,,1,,
459,floor_hanger,floor hanger,hanger.n.02,1,0.10,8.00,,1,"Not in the WordNet, but it's basically used to hang clothes like coats but it is stall and stands on the ground.",
460,popcorn_machine,popcorn machine,popper.n.03,0,1.86,10.00,,1,S: (n) popcorn (small kernels of corn exploded by heat),
461,beer_tap,beer tap,water_faucet.n.01,0,50.84,2.00,,1,,
462,ceiling_ac,ceiling ac,air_conditioner.n.01,1,8.49,8.49,,1,centralized AC system attached to the ceiling,
463,phonograph_record,phonograph record,phonograph_record.n.01,0,8.49,8.49,,1,"S: (n) phonograph record, phonograph recording, record, disk, disc, platter (sound recording consisting of a disk with a continuous groove; used to reproduce music by rotating while a phonograph needle tracks in the groove)",
464,hanging_plant,hanging plant,pot_plant.n.01,1,4.54,4.54,,1,,
465,room_divider,room divider,partition.n.01,1,10.04,10.04,,1,,approved by cem
466,lantern,lantern,lantern.n.01,0,0.30,0.30,,1,,
467,cake_stand,cake stand,base.n.08,0,5.60,5.60,,1,,
468,skeletal_frame,skeletal frame,skeletal_frame.n.01,0,9.75,10.00,,1,"(the internal supporting structure that gives an artifact its shape) ""the building has a steel skeleton""",
469,ottoman,ottoman,ottoman.n.04,1,6.17,6.17,,1,(a low seat or a stool to rest the feet of a seated person),
470,counter,counter,counter.n.01,1,23.61,10.00,,1,,I think the correct class should be countertop
471,key_chain,key chain,key.n.01,1,8.49,0.30,,1,,
472,arched_window,arched window,window.n.01,1,29.26,,,1,,
473,curtain,curtain,curtain.n.01,1,9.48,10.00,,1,,
474,big_shower_stall,big shower stall,shower_stall.n.01,0,10.04,,,0,bigger bathroom stall to acconmodate disability,use shower_stall.
475,handle,handle,handle.n.01,0,2.38,2.00,,1,,
476,l_shaped_handle,l shaped handle,handle.n.01,0,2.38,2.00,,1,"corner handle, can be used vertically too",
477,orange_heap,orange heap,orange.n.01,1,0.06,,,0,group of oranges as one object,replace heap with individual objects using new script
478,pear_heap,pear heap,pear.n.01,1,0.14,,,0,group of pairs as one object,replace heap with individual objects using new script
479,apple_heap,apple heap,apple.n.01,1,0.07,,,0,group of apples as one object,replace heap with individual objects using new script
480,wall_mounted_light,wall mounted light,room_light.n.01,1,0.30,0.30,,1,,
481,pasta_server,pasta server,server.n.04,0,1.78,1.78,,1,,
482,handset,handset,handset.n.01,0,9.25,0.70,,1,,
483,potato_masher,potato masher,masher.n.02,0,1.78,1.78,,1,,
484,skimmer,skimmer,skimmer.n.02,0,1.86,1.86,,1,,
485,whisk,whisk,whisk.n.01,1,2.70,1.50,,1,,
486,bunch_of_bananas,bunch of bananas,banana.n.02,1,0.12,1.00,,1,,
487,wok,wok,wok.n.01,0,1.75,2.00,,1,,
488,fig,fig,fig.n.04,0,0.44,0.44,,1,,
489,ceiling_rack,ceiling rack,rack.n.01,1,2.93,2.93,,1,ceiling rack to hang kitchware,
490,arbor,arbor,arbor.n.03,0,9.75,1.00,,1,,
491,box_of_raspberries,box of raspberries,raspberry.n.02,1,0.00,1.00,,1,,
492,box_of_noodles,box of noodles,noodle.n.01,1,0.45,1.00,,1,,
493,bag_of_oranges,bag of oranges,orange.n.01,1,0.06,5.00,,1,,
494,barbecue_sauce,barbecue sauce,barbecue_sauce.n.01,0,0.55,1.00,,1,,
495,binder,binder,binder.n.03,0,0.41,0.41,,1,"S: (n) binder, ring-binder (holds loose papers or magazines)",
496,popsicle,popsicle,popsicle.n.01,0,0.30,0.30,,1,"S: (n) ice lolly, lolly, lollipop, popsicle (ice cream or water ice on a small wooden stick) ""in England a popsicle is called an ice lolly""",
497,freezer,freezer,freezer.n.01,0,92.99,92.99,,1,"S: (n) deep-freeze, Deepfreeze, deep freezer, freezer (electric refrigerator (trade name Deepfreeze) in which food is frozen and stored for long periods of time)",
498,canister,canister,canister.n.02,0,38.43,0.50,,1,"S: (n) canister, cannister, tin (metal container for storing dry foods such as tea or flour)",
499,canister_lid,canister lid,lid.n.02,1,0.65,,,0,,
500,bag_of_ice_cream,bag of ice cream,ice_cream.n.01,0,0.30,1.00,,1,,
501,box_of_ice_cream,box of ice cream,ice_cream.n.01,0,0.30,1.00,,1,,
502,shopping_basket,shopping basket,shopping_basket.n.01,0,1.09,1.09,,1,S: (n) shopping basket (a handbasket used to carry goods while shopping),
503,kebab,kebab,kabob.n.01,0,0.38,0.50,,1,"S: (n) kabob, kebab, shish kebab (cubes of meat marinated and cooked on a skewer usually with vegetables)",
504,can_of_icetea,can of icetea,ice_tea.n.01,0,1.72,0.70,,1,"S: (n) ice tea, iced tea (strong tea served over ice)",
505,cane_sugar,cane sugar,cane_sugar.n.01,1,0.54,what is the size????,,1,S: (n) cane sugar (sucrose obtained from sugar cane),
506,bag_of_cocoa,bag of cocoa,cocoa.n.02,0,0.61,0.61,,1,S: (n) cocoa (powder of ground roasted cacao beans with most of the fat removed),
507,creamer,creamer,creamer.n.01,0,1.50,1.50,,1,"S: (n) cream pitcher, creamer (a small pitcher for serving cream)",
508,paper_cup,paper cup,dixie_cup.n.01,0,0.45,0.20,,1,"S: (n) Dixie cup, paper cup (a disposable cup made of paper; for holding drinks)",
509,bottle_of_milk,bottle of milk,milk.n.01,1,3.90,2.00,,1,milk synset but bottled milk,
510,carton_of_milk,carton of milk,milk.n.01,1,3.90,2.00,,1,milk synset but milk a carton container,
511,apple_juice,apple juice,apple_juice.n.01,0,1.72,2.00,,1,S: (n) apple juice (the juice of apples),
512,carton_of_orange_juice,carton of orange juice,orange_juice.n.01,0,1.72,2.00,,1,S: (n) orange juice (bottled or freshly squeezed juice of oranges),
513,bag_of_cream_cheese,bag of cream cheese,cream_cheese.n.01,0,0.25,0.50,,1,S: (n) cream cheese (soft unripened cheese made of sweet milk and cream),
514,steamer,steamer,steamer.n.02,1,1.86,1.86,,1,S: (n) steamer (a cooking utensil that can be used to cook food by steaming it),
515,box_of_granola_bar,box of granola bar,granola_bar.n.01,1,0.05,0.10,,1,,
516,rice_box,rice box,rice.n.01,1,1.00,5.00,,1,,
517,tissue_dispenser,tissue dispenser,tissue.n.02,1,0.10,0.50,,1,"S: (n) napkin, table napkin, serviette (a small piece of table linen that is used to wipe the mouth and to cover the lap in order to protect clothing)",
518,brown_sugar,brown sugar,brown_sugar.n.01,0,0.45,0.45,,1,S: (n) brown sugar (unrefined or only partly refined sugar),
519,carton_of_pineapple_juice,carton of pineapple juice,pineapple_juice.n.01,0,1.72,2.00,,1,S: (n) pineapple juice (the juice of pineapples (usually bottled or canned)),
520,bottle_of_soy_milk,bottle of soy milk,soymilk.n.01,0,0.61,2.00,,1,"S: (n) soya milk, soybean milk, soymilk (a milk substitute containing soybean flour and water; used in some infant formulas and in making tofu)",
521,fruit_punch,fruit punch,fruit_punch.n.01,0,0.24,2.00,,1,S: (n) fruit punch (a punch made of fruit juices mixed with water or soda water (with or without alcohol)),
522,bottle_of_papaya_juice,bottle of papaya juice,papaya_juice.n.01,0,2.02,2.00,,1,S: (n) papaya juice (juice from papayas),
524,coconut_water,coconut water,coconut_milk.n.01,1,0.61,1.00,,1,"S: (n) coconut milk, coconut water (clear to whitish fluid from within a fresh coconut)",
525,water_bottle,water bottle,water_bottle.n.01,1,0.63,0.63,,1,S: (n) water bottle (a bottle for holding water),
526,bottle_of_tonic,bottle of tonic,tonic.n.01,0,2.52,2.52,,1,"S: (n) tonic, tonic water, quinine water (lime- or lemon-flavored carbonated water containing quinine)",
527,carrot_juice,carrot juice,carrot_juice.n.01,0,2.02,2.00,,1,S: (n) carrot juice (usually freshly squeezed juice of carrots),
528,security_camera,security camera,security_system.n.02,0,3.66,3.66,,1,"Security camera, no subsynset matched security camera",
529,open_air_cooler,open air cooler,cooler.n.01,1,92.99,92.99,,1,"Is a type of fridge but doesn't go that low in temperature, doesn't have doors",
530,convex_mirror,convex mirror,mirror.n.01,1,4.51,2.00,,1,Round convex mirror that's used for blind spots,
531,umbrella_rack,umbrella rack,rack.n.01,1,2.93,2.93,,1,Rack that has holes in it so that one can pu their umbrella while going into a store,
532,snack_rack,snack rack,rack.n.01,1,2.93,2.93,,1,Rack that's near the cashier that miscallenous stuff like snacks are placed on,
533,oden_cooker,oden cooker,crock_pot.n.01,1,1.86,1.86,,1,,
534,crock_pot,crock pot,crock_pot.n.01,1,1.86,1.86,,1,S: (n) Crock Pot (an electric cooker that maintains a relatively low temperature),
535,greenery,greenery,greenery.n.01,0,0.38,0.38,,1,,
536,beer_box,beer box,beer.n.01,1,0.70,6.00,,1,,
537,coaster,coaster,coaster.n.03,0,0.41,0.41,,1,,
538,wineglass,wineglass,wineglass.n.01,1,0.24,0.24,,1,,
539,credit_card_terminal,credit card terminal,cash_register.n.01,0,2.78,2.78,,1,A Pos machine,
540,cash_register,cash register,cash_register.n.01,0,2.78,2.78,,1,"S: (n) cash register, register (a cashbox with an adding machine to register transactions; used in shops to add up the bill)",
541,interior_decoration,interior decoration,interior_decoration.n.01,0,3.74,,,0,,use decoration
542,bedding,bedding,bedclothes.n.01,1,1.33,1.33,,1,,
543,showerhead,showerhead,showerhead.n.01,1,14.13,11.00,,1,,
544,box_of_lemons,box of lemons,lemon.n.01,1,0.05,4.00,,1,,
545,bush,bush,shrub.n.01,1,0.00,,,1,,
546,pot_plant_rack,pot plant rack,rack.n.01,1,2.93,2.93,,1,,
547,hand_dryer,hand dryer,dryer.n.01,1,70.52,5.00,,1,,
548,orange_sauce,orange sauce,sauce.n.01,1,0.55,0.55,,1,,
549,lemon_sauce,lemon sauce,sauce.n.01,1,0.55,0.55,,1,,
550,box_of_fruit,box of fruit,fruit.n.01,1,0.38,5.00,,1,,
551,vase,vase,vase.n.01,1,8.00,3.00,,1,S: (n) vase (an open jar of glass or porcelain used as an ornament or to hold flowers),
552,window_blind,window blind,window_blind.n.01,0,0.41,1.00,,1,,
553,flat_bench,flat bench,flat_bench.n.01,0,13.90,13.90,,1,S: (n) flat bench (a bench on which a weightlifter lies to do exercises),
554,free_weight,free weight,free_weight.n.01,0,15.43,8.00,,1,"S: (n) weight, free weight, exercising weight (sports equipment used in calisthenic exercises and weightlifting; it is not attached to anything and is raised and lowered by use of the hands and arms)",
555,free_weight_rack,free weight rack,rack.n.01,1,2.93,2.93,,1,The rack that has all the free weights on it,
556,ceiling_fan,ceiling fan,fan.n.01,1,8.49,8.49,,1,,
557,bench_press,bench press,bench_press.n.01,0,0.54,11.00,,1,S: (n) bench press (a weightlift in which you lie on your back on a bench and press weights upward),
558,weight_bar,weight bar,bar.n.13,0,5.60,5.60,,1,S: (n) bar (a horizontal rod that serves as a support for gymnasts as they perform exercises),
559,inclined_bench_press,inclined bench press,bench_press.n.01,0,0.54,11.00,,1,S: (n) incline bench press (a bench press performed on an inclined bench),
560,soda_cup,soda cup,dixie_cup.n.01,0,0.45,0.20,,1,used in fast food chain,
561,exercise_bike,exercise bike,exercise_bike.n.01,0,73.48,73.48,,1,"S: (n) exercise bike, exercycle (an exercise device resembling a stationary bike)",
562,elliptical_machine,elliptical machine,exercise_bike.n.01,0,73.48,73.48,,1,Gym equipment that resembels a treadmill -- google,CHECK THIS EXACT WORD MATCH BUT NOT IN WORDNET
563,spotlight,spotlight,spotlight.n.02,1,0.30,2.00,,1,"S: (n) spotlight, spot (a lamp that produces a strong beam of light to illuminate a restricted area; used to focus attention of a stage performer)",
564,hot_tub,hot tub,hot_tub.n.01,0,57.61,57.61,,1,S: (n) hot tub (a very large tub (large enough for more than one bather) filled with hot water) jacuzzi,
565,fence,fence,fence.n.01,1,4.80,,,1,,
566,water_glass,water glass,water_glass.n.02,0,0.24,0.80,,1,,
567,dessert_stand,dessert stand,base.n.08,0,5.60,2.00,,1,,
568,turnstile,turnstile,turnstile.n.01,0,26.31,20.00,,1,turnstile (a gate consisting of a post that acts as a pivot for rotating arms; set in a passageway for controlling the persons entering),
569,checkout_counter,checkout counter,checkout_counter.n.01,0,23.61,21.00,,1,,
570,candy_box,candy box,candy.n.01,1,0.03,1.00,,1,,
571,coffee_box,coffee box,coffee.n.01,1,0.45,2.00,,1,,
572,candle_holder,candle holder,candelabrum.n.01,0,0.45,0.45,,1,,
573,whiskey_bottle,whiskey bottle,whiskey_bottle.n.01,0,0.63,1.00,,1,,
574,tea,tea,tea.n.05,1,0.02,,,0,,
575,bouquet,bouquet,bouquet.n.01,0,0.15,1.00,,1,,
576,fragrance_decanter,fragrance decanter,carafe.n.01,1,0.50,0.50,,1,,
577,massage_bed,massage bed,bed.n.01,1,57.13,15.00,,1,Not in the Wordnet but specifically the word for such beds is called massage bed/table,
578,pond,pond,pond.n.01,0,0.54,,,1,"S: (n) pond, pool (a small lake) ""the pond was too small for sailing""",
579,male_restroom_door,male restroom door,door.n.01,1,26.31,,,0,,
580,female_restroom_door,female restroom door,door.n.01,1,26.31,,,0,,
581,wine_fridge,wine fridge,electric_refrigerator.n.01,1,92.99,what size? Industrial or mini,,1,,
582,sauna_heater,sauna heater,heater.n.01,1,3.97,3.97,,1,,
583,beer_glass,beer glass,beer_mug.n.01,0,0.40,0.40,,1,,
584,jam_dispenser,jam dispenser,jam.n.01,1,0.35,0.35,,1,,
585,mix,mix,mix.n.01,0,0.61,0.61,,1,,
586,garlic_sauce,garlic sauce,aioli.n.01,0,0.55,0.55,,1,,
587,hot_sauce,hot sauce,hot_sauce.n.01,1,0.55,0.55,,1,,
588,soap_dish,soap dish,soap_dish.n.01,1,93.20,93.20,,1,S: (n) soap dish (a bathroom or kitchen fixture for holding a bar of soap),
589,tomato_paste,tomato paste,tomato_paste.n.01,1,0.42,0.42,,1,,
590,pesto,pesto,pesto.n.01,0,0.55,0.55,,1,,
591,price_tag,price tag,price_tag.n.01,0,0.20,0.20,,1,,
592,grocery_shelf,grocery shelf,shelf.n.01,1,11.09,11.09,,1,,
593,grocery_cupboard,grocery cupboard,cupboard.n.01,0,10.04,10.04,,1,,
594,sauna_bench,sauna bench,bench.n.01,1,13.90,13.90,,1,Idk what to do with this,
595,statue,statue,statue.n.01,1,0.90,3.00,,1,S: (n) statue (a sculpture representing a human or animal),
596,hammam_bench,hammam bench,bench.n.01,1,13.90,13.90,,1,Idk what to do with this,
597,rice_bag,rice bag,rice.n.01,1,1.00,5.00,,1,,
598,egg_carton,egg carton,egg.n.02,1,0.77,2.00,,1,,
599,mango,mango,mango.n.02,0,0.44,0.44,,1,,
600,microscope,microscope,microscope.n.01,1,3.19,3.19,,1,,
601,test_tube_rack,test tube rack,rack.n.01,1,2.93,1.00,,1,,
602,test_tube,test tube,test_tube.n.01,0,3.52,0.10,,1,,
603,gate,gate,gate.n.01,0,26.31,,,1,,
604,plant_stem,plant stem,stem.n.02,0,0.38,0.38,,1,,
605,garden_light,garden light,floor_lamp.n.01,1,4.30,2.00,,1,floor-mounted standing garden lamps,
606,fire_sprinkler,fire sprinkler,sprinkler.n.01,0,8.49,2.00,,1,,
607,blackboard,blackboard,blackboard.n.01,0,2.31,3.00,,1,,
608,blackboard_eraser,blackboard eraser,blackboard_eraser.n.01,0,0.03,0.03,,1,,
609,banner,banner,banner.n.01,0,3.74,3.74,,1,,
610,round_bottom_flask,round bottom flask,flask.n.01,1,0.63,0.63,,1,,
611,lime_juice,lime juice,lime_juice.n.01,0,2.02,2.00,,1,,
613,tomato_juice,tomato juice,tomato_juice.n.01,0,2.02,2.00,,1,,
614,isopropanol,isopropanol,isopropyl_alcohol.n.01,0,1.54,2.00,,1,,
615,buret,buret,buret.n.01,0,3.64,3.64,,1,,
616,candy_dispenser_shelf,candy dispenser shelf,dispenser.n.01,1,0.40,1.00,,1,,
617,dry_food_dispenser_shelf,dry food dispenser shelf,dispenser.n.01,1,0.40,1.00,,1,,
618,drinking_fountain,drinking fountain,drinking_fountain.n.01,0,10.04,10.04,,1,,
619,bag_of_auricularia,bag of auricularia,auricularia.n.01,0,0.15,1.52,,1,,
620,bag_of_shiitake,bag of shiitake,shiitake.n.01,0,1.52,1.52,,1,,
621,pop_bottle,pop bottle,pop_bottle.n.01,1,0.63,0.63,,1,,
622,soda_can,soda can,soda_can.n.01,0,38.43,1.30,,1,,
623,projector,projector,projector.n.02,1,3.19,3.19,,1,,
624,ceiling_mounted_projector,ceiling mounted projector,projector.n.02,1,3.19,3.19,,1,,
625,table_runner,table runner,runner.n.08,0,2.40,1.00,,1,,
626,durian,durian,durian.n.02,0,0.44,0.44,,1,,
627,alarm_clock,alarm clock,alarm_clock.n.01,1,10.95,2.00,,1,,
628,place_mat,place mat,place_mat.n.01,0,0.33,1.00,,1,,
629,bag_of_cookie,bag of cookie,cookie.n.01,1,0.05,1.00,,1,,
630,bidet,bidet,bidet.n.01,1,5.67,5.67,,1,,
631,wafer,wafer,wafer.n.02,0,0.05,0.50,,1,,
632,box_of_cookie,box of cookie,cookie.n.01,1,0.05,1.00,,1,,
633,chocolate_bar,chocolate bar,chocolate.n.02,1,0.80,0.80,,1,,
634,box_of_lasagna,box of lasagna,lasagna.n.01,1,0.30,1.00,,1,,
635,box_of_cane_sugar,box of cane sugar,cane_sugar.n.01,1,0.54,2.00,,1,,
636,box_of_brown_sugar,box of brown sugar,brown_sugar.n.01,0,0.45,2.00,,1,,
637,graduated_cylinder,graduated cylinder,graduated_cylinder.n.01,0,3.64,3.64,,1,,
638,box_of_corn_flake,box of corn flake,corn_flake.n.01,0,0.56,0.56,,1,,
639,box_of_oatmeal,box of oatmeal,oatmeal.n.01,1,0.35,0.56,,1,,
640,box_of_sanitary_napkin,box of sanitary napkin,sanitary_napkin.n.01,0,0.36,0.56,,1,,
641,box_of_tissue,box of tissue,tissue.n.02,1,0.10,0.50,,1,,
642,box_of_milk,box of milk,milk.n.01,1,3.90,3.90,,1,,
643,box_of_yogurt,box of yogurt,yogurt.n.01,1,0.15,,,1,,
644,display_case,display case,case.n.20,0,38.43,,,1,,
645,cigarette_pack,cigarette pack,cigarette.n.01,1,0.76,0.76,,1,,
646,desk_organizer,desk organizer,magazine_rack.n.01,1,5.60,2.00,,1,,
647,cubicle,cubicle,cubicle.n.02,0,10.04,10.04,,1,"S: (n) booth, cubicle, stall, kiosk (small area set off by walls for special use)",
648,desk_phone,desk phone,desk_phone.n.01,0,9.25,6.00,,1,S: (n) desk phone (a telephone set that sits on a desk or table),
649,erlenmeyer_flask,erlenmeyer flask,erlenmeyer_flask.n.01,0,0.63,0.63,,1,,
650,hose_cabinet,hose cabinet,cabinet.n.01,1,22.44,12.00,,1,,
651,hosepipe,hosepipe,hosepipe.n.01,0,7.00,,,,,
652,fire_extinguisher_label,fire extinguisher label,label.n.04,1,0.20,,,0,,attach onto fire extinguisher???
653,bed_screen,bed screen,screen.n.08,0,26.31,16.00,,1,screen (partition consisting of a decorative frame or panel that serves to divide a space),
654,first_aid_kit,first aid kit,first_aid.n.01,0,0.54,1.00,,1,,
655,hospital_bed,hospital bed,hospital_bed.n.01,0,57.13,70.00,,1,,
656,gym_mat,gym mat,gym_mat.n.01,0,15.43,2.00,,1,,
657,globe,globe,globe.n.03,0,7.30,2.00,,1,,
658,pedestal,pedestal,base.n.08,0,5.60,,,1,,
659,tree,tree,tree.n.01,1,0.00,,,1,,
660,ceiling_mounted_basketball_hoop,ceiling mounted basketball hoop,basketball_hoop.n.01,0,26.42,15.00,,1,,
661,pommel_horse,pommel horse,pommel_horse.n.01,0,15.43,120.00,,1,,
662,parallel_bars,parallel bars,parallel_bars.n.01,0,15.43,17.00,,1,,
663,scoreboard,scoreboard,scoreboard.n.01,0,6.63,6.63,,1,,
664,volleyball_net,volleyball net,volleyball_net.n.01,0,37.40,7.00,,1,,
665,lab_table,lab table,worktable.n.01,0,23.61,40.00,,1,,
666,display_fridge,display fridge,electric_refrigerator.n.01,1,92.99,92.99,,1,,
667,bookcase,bookcase,bookcase.n.01,1,19.19,19.19,,1,S: (n) bookcase (a piece of furniture with shelves for storing books),
668,funnel,funnel,funnel.n.02,1,1.78,1.00,,1,,
669,gooseneck_microphone,gooseneck microphone,microphone.n.01,1,4.45,4.45,,1,"S: (n) microphone, mike, mic (device for converting sound waves into electrical energy)",
670,magnetic_stirrer,magnetic stirrer,stirrer.n.02,0,1.18,1.18,,1,,
671,classroom_mock_up,classroom mock up,model.n.04,1,0.47,3.00,,1,"model, maket, simulation for learning in classroom",
672,elevator_door,elevator door,elevator.n.01,0,8.49,8.49,,1,The door of an elevator,
673,information_bulletin,information bulletin,information_bulletin.n.01,0,0.20,0.70,,1,S: (n) information bulletin (a bulletin containing the latest information),
674,bottle_cap,bottle cap,cap.n.02,1,0.65,0.30,,1,cap (a top (as for a bottle)),
675,saucepot,saucepot,saucepot.n.01,0,2.17,2.17,,1,,
676,stockpot,stockpot,stockpot.n.01,1,2.17,2.17,,1,,
677,specimen_bottle,specimen bottle,specimen_bottle.n.01,0,0.63,0.63,,1,,
678,pencil_holder,pencil holder,holder.n.01,1,0.45,0.45,,1,,
679,periodic_table,periodic table,periodic_table.n.01,0,0.15,0.15,,1,,
680,petri_dish,petri dish,petri_dish.n.01,0,1.79,1.79,,1,,
681,clipboard,clipboard,clipboard.n.01,0,221.13,1.00,,1,,
682,test_tube_holder,test tube holder,tongs.n.01,1,0.26,0.90,,1,,
683,paperback_book,paperback book,paperback_book.n.01,1,0.44,2.00,,1,,
684,paper_sheet,paper sheet,sheet.n.02,1,0.10,0.10,,1,,
685,saucer,saucer,saucer.n.02,1,1.03,1.03,,1,,
686,webcam,webcam,webcam.n.01,0,15.43,5.00,,1,,
687,spirit_lamp,spirit lamp,spirit_lamp.n.01,0,0.30,1.00,,1,,
688,buret_clamp,buret clamp,clamp.n.01,1,0.45,0.45,,1,,
689,flask_clamp,flask clamp,clamp.n.01,1,0.45,0.45,,1,,
690,test_tube_clamp,test tube clamp,clamp.n.01,1,0.45,0.45,,1,,
691,playground,playground,playground.n.02,0,11.90,,,1,,
692,sandbox,sandbox,sandbox.n.02,0,0.25,20.00,,1,,
693,toy_box,toy box,toy_box.n.01,1,7.26,7.26,,1,,
694,toilet_paper_holder,toilet paper holder,holder.n.01,1,0.45,0.45,,1,,
695,electric_fan,electric fan,electric_fan.n.01,1,8.49,8.49,,1,"S: (n) electric fan, blower (a fan run by an electric motor)",
696,terrarium,terrarium,terrarium.n.01,0,10.04,12.00,,1,,
697,trophy,trophy,trophy.n.02,1,0.20,2.00,,1,,
698,trophy_case,trophy case,trophy_case.n.01,0,38.43,38.43,,1,,
699,lab_exhaust_hood,lab exhaust hood,exhaust_hood.n.01,0,13.50,13.50,,1,,
700,water_cooler,water cooler,water_cooler.n.01,0,8.49,8.49,,1,,
701,map,map,map.n.01,0,0.47,0.47,,1,,
702,stepping_stone,stepping stone,stepping_stone.n.01,0,0.38,,,0,,
703,hedge,hedge,hedge.n.01,0,4.80,,,0,,
704,garden_plant,garden plant,garden_plant.n.01,0,1.52,1.52,,1,,
705,curb,curb,curb.n.01,0,75.41,,,0,,
706,street,street,street.n.01,0,4.92,,,0,,
707,sidewalk,sidewalk,sidewalk.n.01,0,4.92,,,0,,
708,tree_log,tree log,log.n.01,1,1.06,,,0,,
709,champagne_bottle,champagne bottle,champagne.n.01,0,0.47,0.80,,1,"S: (n) champagne, bubbly (a white sparkling wine either produced in Champagne or resembling that produced there)",
710,rum_bottle,rum bottle,rum.n.01,1,0.47,0.80,,1,S: (n) rum (liquor distilled from fermented molasses),
711,box_of_rum,box of rum,rum.n.01,1,0.47,6.00,,1,,
712,pill_bottle,pill bottle,pill_bottle.n.01,0,0.63,0.63,,1,,
713,sculpture,sculpture,sculpture.n.01,1,0.90,7.00,,1,,
714,picture_frame,picture frame,picture_frame.n.01,1,9.75,1.00,,1,"with a support, can stand on the table on its own",
715,tea_bottle,tea bottle,tea.n.01,0,1.72,1.72,,1,,
716,bench_press_machine,bench press machine,bench_press.n.01,0,0.54,11.00,,1,,
717,vegetable_juice,vegetable juice,juice.n.01,1,2.02,2.00,,1,S: (n) juice (the liquid part that can be extracted from plant or animal tissue by squeezing or cooking),
718,platform,platform,platform.n.01,1,75.41,,,0,,part of floor
719,bag_of_bread,bag of bread,bread.n.01,1,0.23,1.00,,1,,
720,pine_cone,pine cone,pinecone.n.01,1,0.38,0.38,,1,,
721,sound_system,sound system,audio_system.n.01,0,12.10,12.10,,1,the thing with the CD player and amplifier that loudspeakers are connected to,
722,camera,camera,camera.n.01,1,15.43,7.00,,1,a photo camera,
723,box_of_butter,box of butter,butter.n.01,1,0.47,0.47,,1,,
724,creamer_single,creamer single,cream.n.02,1,0.55,0.55,,1,,
725,drink_dispenser,drink dispenser,dispenser.n.01,1,0.40,2.00,,1,,
726,bun,bun,bun.n.01,1,0.11,0.11,,1,,
727,bag_of_flour,bag of flour,flour.n.01,1,0.50,1.00,,1,,
728,box_of_salt,box of salt,salt.n.02,1,0.80,0.80,,1,,
729,eyeglasses,eyeglasses,spectacles.n.01,1,3.19,1.00,,1,,
730,seashell,seashell,seashell.n.01,1,0.38,0.38,,1,,
731,structural_element,structural element,skeletal_frame.n.01,1,9.75,9.75,,1,,
732,swing,swing,swing.n.02,0,4.37,4.37,,1,,
733,crate,crate,crate.n.01,0,2.78,2.78,,1,,
734,shopping_cart,shopping cart,shopping_cart.n.01,1,1204.00,20.00,,1,,
735,bottle_of_coffee,bottle of coffee,coffee.n.01,1,0.45,0.80,,1,,
736,jar_lid,jar lid,lid.n.02,1,0.65,,,0,,
737,mushroom_sauce,mushroom sauce,mushroom_sauce.n.01,0,0.55,1.00,,1,,
738,ginger_beer,ginger beer,ginger_beer.n.01,0,1.72,1.00,,1,,
739,bottle_of_soup,bottle of soup,soup.n.01,1,0.80,2.00,,1,,
740,box_of_sake,box of sake,sake.n.02,0,0.47,5.00,,1,,
741,sake_bottle,sake bottle,sake.n.02,0,0.47,0.80,,1,,
742,motion_sensor,motion sensor,photoelectric_cell.n.01,0,6.47,0.50,,1,for lights and toilet.,
743,hair_dryer,hair dryer,hand_blower.n.01,0,39.50,7.00,,1,,
744,fireplace,fireplace,fireplace.n.01,1,10.04,,,1,,
745,rock,rock,rock.n.01,1,0.38,1.00,,1,,
746,tiramisu,tiramisu,tiramisu.n.01,1,0.30,0.70,,1,,
747,grating,grating,grating.n.01,0,15.55,,,0,,
748,armoire,armoire,armoire.n.01,0,19.19,,,0,,
749,windowsill,windowsill,windowsill.n.01,0,5.60,,,,,
750,storage_box,storage box,box.n.01,1,2.78,2.78,,1,,
751,chalice,chalice,goblet.n.01,1,0.24,2.00,,1,,
752,reagent_bottle,reagent bottle,carboy.n.01,0,0.63,0.63,,1,,
753,reagent_bottle_stopper,reagent bottle stopper,plug.n.01,1,15.55,,,0,,all lids should share category
754,marker,marker,marker.n.03,1,0.06,0.06,,1,,
755,wall_mounted_loudspeaker,wall mounted loudspeaker,loudspeaker.n.01,1,6.53,6.53,,1,,
756,tureen,tureen,tureen.n.01,0,1.79,,,,,
757,coal,coal,coal.n.02,0,0.54,,,,,
758,coal_heater,coal heater,heater.n.01,1,3.97,3.97,,1,,
759,projection_screen,projection screen,screen.n.01,0,75.41,17.00,,1,,
760,stadium_stand,stadium stand,stand.n.10,0,1.27,,,1,,
761,box_of_perfume,box of perfume,perfume.n.02,1,0.40,,,,,
762,conserve,conserve,conserve.n.01,1,0.35,,,0,"S: (n) conserve, preserve, conserves, preserves (fruit preserved by cooking with sugar)",Turklish
763,nail_polish,nail polish,nail_polish.n.01,0,2.26,,,,"S: (n) nail polish, nail enamel, nail varnish (a cosmetic lacquer that dries quickly and that is applied to the nails to color them or make them shiny)",
764,box_of_cake,box of cake,cake.n.03,1,0.06,,,1,,
765,notepad,notepad,notepad.n.01,1,0.10,,,1,,
766,stairs,stairs,stairs.n.01,0,7.71,,,,,
767,lawn,lawn,lawn.n.01,1,11.90,,,1,the grass part of exterior floors,
768,deck,deck,deck.n.04,0,10.04,,,0,,
769,outside,outside,outside.n.01,0,11.90,,,0,,
770,blanket,blanket,blanket.n.01,1,1.33,,,1,,
771,background,background,background.n.02,0,0.54,,,1,,
772,soccer_ball,soccer ball,soccer_ball.n.01,0,0.07,,,0,,use ball
773,sedan,sedan,sedan.n.01,0,1204.00,,,0,,use car
774,suv,suv,sport_utility.n.01,1,1204.00,,,0,,use car
775,hammock,hammock,hammock.n.02,1,57.13,,,1,,
776,fairy_light,fairy light,fairy_light.n.01,0,0.30,,,1,lights hanging from a cable,
777,railing,railing,railing.n.01,1,15.55,,,1,,
778,smokestack,smokestack,smokestack.n.01,0,3.52,,,,,
779,round_bathtub,round bathtub,bathtub.n.01,1,57.61,,,,,
780,cigar,cigar,cigar.n.01,0,0.76,,,1,S: (n) cigar (a roll of tobacco for smoking),
781,stapler,stapler,stapler.n.01,1,2.76,,,1,"S: (n) stapler, stapling machine (a machine that inserts staples into sheets of paper in order to fasten them together)",
782,ivy,ivy,ivy.n.01,0,0.01,,,1,"S: (n) ivy, common ivy, English ivy, Hedera helix (Old World vine with lobed evergreen leaves and black berrylike fruits)",
783,bamboo,bamboo,bamboo.n.01,0,1.06,,,1,S: (n) bamboo (woody tropical grass having hollow woody stems; mature canes used for construction and furniture),
784,garden_umbrella,garden umbrella,canopy.n.03,1,0.41,,,1,"The big umbrellas that are placed in gardens, patios, and beaches",
785,weed,weed,weed.n.01,1,0.01,,,0,S: (n) weed (any plant that crowds out cultivated plants),
786,rockery,rockery,rockery.n.01,0,11.90,,,0,"S: (n) rock garden, rockery (a garden featuring rocks; usually alpine plants)",
787,hall_tree,hall tree,wardrobe.n.01,1,19.19,,,1,a special type of wardrobe for entryways that have bottom drawers exposed coat hangers.,
788,butterfly,butterfly,butterfly.n.01,0,1.52,,,0,S: (n) butterfly (diurnal insect typically having a slender body with knobbed antennae and broad colorful wings),we should not have butterflies
789,pergola,pergola,pergola.n.01,0,9.75,,,1,"S: (n) arbor, arbour, bower, pergola (a framework that supports climbing plants) ""the arbor provided a shady resting place in the park""",
790,box_of_tea,box of tea,tea.n.05,1,0.02,,,1,,
791,candy,candy,candy.n.01,1,0.03,,,1,individually wrapped candies,
792,box_of_champagne,box of champagne,champagne.n.01,0,0.47,,,1,,
793,chocolate_milk,chocolate milk,chocolate_milk.n.01,0,3.90,,,1,,
794,rose,rose,rose.n.01,1,0.00,,,0,"S: (n) rose, rosebush (any of many shrubs of the genus Rosa that bear roses)",use flower
795,bag_of_popcorn,bag of popcorn,popcorn.n.02,0,0.60,,,1,,
796,garage_door,garage door,gate.n.01,0,26.31,,,1,,What does it even mean to have a garage object?
797,pack_of_ramen,pack of ramen,noodle.n.01,1,0.45,,,1,,
798,carton_of_soy_milk,carton of soy milk,soymilk.n.01,0,0.61,,,1,,
799,box_of_whiskey,box of whiskey,whiskey.n.01,0,0.47,,,1,,
800,box_of_wine,box of wine,wine.n.01,1,0.47,,,1,,
801,knife_block,knife block,knife_block.n.01,1,5.60,,,1,,
802,garden_chair,garden chair,lawn_chair.n.01,0,11.29,,,1,,
803,postcard,postcard,postcard.n.01,0,0.20,,,1,,
804,coffee_bean,coffee bean,coffee_bean.n.01,1,0.02,,,,,
805,coffeepot,coffeepot,coffeepot.n.01,0,2.17,,,,,
806,coffee_filter,coffee filter,coffee_filter.n.01,1,0.77,,,,,
807,colored_pencil,colored pencil,pencil.n.01,1,0.01,,,,,
808,comic_book,comic book,comic_book.n.01,1,7.61,,,,,
809,compost,compost,compost.n.01,1,1.27,,,,,
810,joystick,joystick,joystick.n.02,1,5.00,,,,,
811,cookie_cutter,cookie cutter,cookie_cutter.n.01,1,1.78,,,,,
812,bottle_of_orange_juice,bottle of orange juice,orange_juice.n.01,0,1.72,,,1,,
813,hair_spray,hair spray,hair_spray.n.01,1,0.25,,,,,
814,cooking_spray,cooking spray,cooking_oil.n.01,1,0.15,,,,,
815,corkscrew,corkscrew,corkscrew.n.01,1,0.36,,,,,
816,eyeshadow,eyeshadow,eyeshadow.n.01,1,0.02,,,,,
817,mannequin,mannequin,mannequin.n.02,1,0.47,,,,,
818,ceremonial_robe,ceremonial robe,robe.n.02,0,0.33,,,,,
819,shoe,shoe,shoe.n.01,1,0.31,,,1,,
820,cotton_ball,cotton ball,cotton.n.01,1,1.06,,,,,
821,cracker,cracker,cracker.n.01,1,0.25,,,,,
822,cranberry,cranberry,cranberry.n.02,1,0.30,,,,,
823,cranberry_juice,cranberry juice,cranberry_juice.n.01,0,1.72,,,,,
824,lobster,lobster,lobster.n.02,1,1.52,,,,,
825,crayon,crayon,crayon.n.01,1,0.01,0.01,,,,
826,crouton,crouton,crouton.n.01,1,0.23,,,,,
827,cucumber_slice,cucumber slice,cucumber.n.02,1,0.39,,,,,
828,chopped_lettuce,chopped lettuce,lettuce.n.03,1,0.03,,,,,
829,crystal,crystal,crystal.n.03,1,0.38,,,,,
830,bottle,bottle,bottle.n.01,1,0.63,,,1,this should only be used for unbranded bottles e.g. openable and empty,
831,garden_coffee_table,garden coffee table,coffee_table.n.01,1,11.62,,,1,coffee table but for garden,
832,garden_statue,garden statue,statue.n.01,1,0.90,,,1,any kind of statue/monument in the garden,
833,driveway,driveway,driveway.n.01,1,4.92,,,1,part of exterior floor where cars are parked,
834,bottle_of_lemonade,bottle of lemonade,lemonade.n.01,0,1.72,,,1,,
835,hanging_banners,hanging banners,banner.n.01,0,3.74,,,1,banners hanging on a rope,
836,bag_of_tea,bag of tea,tea.n.05,1,0.02,,,1,,
837,decoration,decoration,decoration.n.01,1,3.74,,,1,any kind of decorative object,
838,nightstand,nightstand,stand.n.04,1,18.14,,,1,,
839,suitcase,suitcase,suitcase.n.01,0,1.50,,,1,,
840,teaspoon,teaspoon,teaspoon.n.02,0,0.06,,,1,,
841,shirt,shirt,shirt.n.01,1,0.30,,,1,,
842,wardrobe,wardrobe,wardrobe.n.01,1,19.19,,,1,,
843,pestle,pestle,pestle.n.03,1,0.36,,,1,,
844,skirt,skirt,skirt.n.01,1,1.33,,,1,,
845,shawl,shawl,shawl.n.01,1,1.70,,,1,,
846,hourglass,hourglass,sandglass.n.01,1,7.31,,,1,,
847,pants,pants,pant.n.02,1,0.40,,,1,,
848,drawer_unit,drawer unit,chest_of_drawers.n.01,0,19.19,,,1,,
849,ashtray,ashtray,ashtray.n.01,1,1.10,,,1,,
850,tennis_racket,tennis racket,tennis_racket.n.01,1,1.18,,,1,,
851,poster,poster,poster.n.01,1,0.20,,,1,,
852,cumin,cumin,cumin.n.02,1,0.02,,,,,
853,curry_powder,curry powder,curry_powder.n.01,1,0.42,,,,,
854,ground_clove,ground clove,clove.n.04,1,0.14,,,,,
855,ground_mace,ground mace,mace.n.03,1,0.14,,,,,
856,mustard_seed,mustard seed,mustard_seed.n.01,1,0.42,,,,,
857,ground_nutmeg,ground nutmeg,nutmeg.n.02,1,0.14,,,,,
858,paprika,paprika,paprika.n.02,1,0.42,,,,,
859,peppercorn,peppercorn,peppercorn.n.01,1,0.42,,,,,
860,poppy_seed,poppy seed,poppy_seed.n.01,1,0.42,,,,,
861,poultry_seasoning,poultry seasoning,seasoning.n.01,0,0.42,,,,,
862,sage,sage,sage.n.02,1,0.02,,,,,
863,sesame_seed,sesame seed,sesame_seed.n.01,1,0.42,,,,,
864,tea_leaf,tea leaf,tea_leaf.n.01,0,0.02,,,,,
865,fennel,fennel,fennel.n.04,1,0.14,,,,,
866,crushed_chili_pepper,crushed chili pepper,chili_pepper.n.02,0,0.03,,,,,
867,dill_seed,dill seed,dill_seed.n.01,1,0.42,,,,,
868,bay_leaf,bay leaf,bay_leaf.n.01,1,0.02,,,,,
869,curtain_rod,curtain rod,rod.n.01,1,1.18,,,,,
870,coke_bottle,coke bottle,pop_bottle.n.01,1,0.63,,,,,
871,custard_bowl,custard bowl,custard.n.01,1,0.38,,,,,
872,mint_leaf,mint leaf,mint.n.04,1,0.02,,,,,
873,cymbal,cymbal,cymbal.n.01,1,228.16,,,,,
874,dahlia_flower,dahlia flower,dahlia.n.01,1,0.01,,,,,
875,flower_petal,flower petal,flower_petal.n.01,0,0.38,,,,,
876,degreaser,degreaser,cleansing_agent.n.01,1,0.74,,,,,
877,spray_bottle,spray bottle,spray.n.01,1,0.70,,,,,
878,deicer,deicer,deicer.n.01,0,3.97,,,,,
879,decanter,decanter,decanter.n.01,0,0.50,,,,,
880,dehumidifier,dehumidifier,dehumidifier.n.01,1,39.26,,,,,
881,denture,denture,denture.n.01,1,8.49,,,,,
882,deodorant,deodorant,deodorant.n.01,1,0.25,,,,,
883,diamond,diamond,diamond.n.01,1,0.00,,,,,
884,engagement_ring,engagement ring,engagement_ring.n.01,1,0.00,,,,,
885,diaper,diaper,diaper.n.01,1,0.51,,,,,
886,dice,dice,dice.n.01,0,0.01,,,,,
887,dish_towel,dish towel,dish_towel.n.01,0,0.14,,,,,
888,knife,knife,knife.n.01,1,0.16,,,,,
889,kiosk,kiosk,kiosk.n.01,1,10.04,,,,,
890,sanitizer,sanitizer,disinfectant.n.01,1,0.55,,,,,
891,dog_food,dog food,dog_food.n.01,1,0.60,,,,,
892,dough,dough,dough.n.01,1,0.61,,,,,
893,dowel,dowel,dowel.n.01,1,0.00,,,,,
894,dried_apricot,dried apricot,dried_apricot.n.01,1,0.44,,,,,
895,laurel_leaf,laurel leaf,herb.n.01,1,0.01,,,,,
896,drumstick,drumstick,drumstick.n.02,1,0.09,0.09,,,,
897,drumset,drumset,percussion_instrument.n.01,1,228.16,,,,,
898,duct_tape,duct tape,duct_tape.n.01,1,0.80,,,,,
899,dumpling,dumpling,dumpling.n.01,1,0.45,,,,,
900,zhenglong,zhenglong,steamer.n.02,1,1.86,,,,,
901,dutch_oven,dutch oven,Dutch_oven.n.02,0,2.17,,,,,
902,duvet,duvet,duvet.n.01,0,1.33,,,,,
903,mattress,mattress,mattress.n.01,1,0.36,,,,,
904,DVD,DVD,DVD.n.01,0,8.49,,,,,
905,easter_egg,easter egg,Easter_egg.n.01,0,0.03,,,,,
906,electric_hand_mixer,electric hand mixer,electric_mixer.n.01,1,2.70,,,,,
907,electric_kettle,electric kettle,kettle.n.01,1,1.20,,,,,
908,espresso_machine,espresso machine,espresso_maker.n.01,1,3.54,,,,,
909,essential_oil,essential oil,essential_oil.n.01,1,0.15,,,,,
910,evergreen_tree,evergreen tree,pine_tree.n.01,0,0.00,,,,,
911,fabric_softener,fabric softener,conditioner.n.03,1,0.88,,,,,
912,feather,feather,feather.n.01,1,0.72,,,,,
913,fertilizer_bag,fertilizer bag,fertilizer.n.01,1,0.70,,,,,
914,chocolate_cake_slice,chocolate cake slice,chocolate_cake.n.01,0,0.06,,,,,
915,fireplace_grate,fireplace grate,grate.n.01,1,9.75,,,,,
916,firewood,firewood,firewood.n.01,1,0.60,,,,,
917,firework,firework,firework.n.01,1,0.70,,,,,
918,fishing_rod,fishing rod,fishing_rod.n.01,1,1.18,,,,,
919,us_flag,us flag,flag.n.01,1,3.74,,,,,
920,flag_pole,flag pole,pole.n.01,1,1.18,,,,,
921,flashlight,flashlight,flashlight.n.01,1,0.20,,,,,
922,flask,flask,flask.n.01,1,0.63,,,,,
923,food_coloring,food coloring,food_coloring.n.01,0,0.61,,,,,
924,fountain,fountain,fountain.n.01,1,10.04,,,,,
925,frame,frame,framing.n.02,0,9.75,,,,,
926,frappuccino,frappuccino,iced_coffee.n.01,0,0.45,,,,,
927,fry_holder,fry holder,paper_bag.n.01,0,0.05,,,,,
928,piece_of_fries,piece of fries,french_fries.n.01,1,0.68,,,,,
929,french_toast,french toast,french_toast.n.01,1,0.38,,,,,
930,frosting_bottle,frosting bottle,frosting.n.01,1,3.74,,,,,
931,lemon_tree,lemon tree,lemon_tree.n.01,0,0.00,,,,,
932,garden_glove,garden glove,glove.n.01,0,15.43,,,,,
933,garlic_clove,garlic clove,garlic_clove.n.01,0,0.02,,,,,
934,garlic_whole,garlic whole,garlic.n.01,1,0.02,,,,,
935,gazpacho,gazpacho,gazpacho.n.01,1,0.80,,,,,
936,ukranian_flag,ukranian flag,flag.n.01,1,3.74,,,,,
937,beer_keg,beer keg,beer_keg.n.01,0,5.67,,,,,
938,coffee_grinder,coffee grinder,coffee_grinder.n.01,0,0.23,,,,,
939,geode,geode,geode.n.01,1,0.54,,,,,
940,grocery_bag,grocery bag,grocery_bag.n.01,0,0.05,,,,,
941,gift_box,gift box,box.n.01,1,2.78,,,,,
942,gin_bottle,gin bottle,gin.n.01,1,0.47,,,,,
943,granola_bar,granola bar,granola_bar.n.01,1,0.05,,,,,
944,dreidel,dreidel,dreidel.n.01,1,0.25,,,1,,
945,dried_cranberry,dried cranberry,cranberry.n.02,1,0.30,,,1,,
946,glass_cleaner,glass cleaner,cleansing_agent.n.01,1,0.74,,,1,,
947,glue,glue,glue.n.01,1,1.06,,,1,,
948,goggle,goggle,goggles.n.01,1,3.19,,,,,
949,french_press,french press,coffee_maker.n.01,1,3.54,,,1,,
950,gift_bag,gift bag,bag.n.01,1,0.69,,,1,,
951,granola_pile,granola pile,granola.n.01,1,0.56,,,,,
952,raisins_pile,raisins pile,raisin.n.01,1,0.44,,,,,
953,oatmeal_pile,oatmeal pile,oatmeal.n.01,1,0.35,,,,,
954,grapefruit,grapefruit,grapefruit.n.02,1,0.09,,,1,,
955,grass_patch,grass patch,grass.n.01,1,0.01,,,,,
956,gravel_pile,gravel pile,gravel.n.01,1,1.06,,,,,
957,green_bean,green bean,green_bean.n.01,1,0.00,,,,,
958,ground_beef,ground beef,ground_beef.n.01,1,0.80,,,1,,
959,disposable_container,disposable container,container.n.01,1,38.43,,,,,
960,grinded_coffee,grinded coffee,coffee_grounds.n.01,1,0.50,,,,,
961,portafilter,portafilter,coffee_filter.n.01,1,0.77,,,,,
962,hamster_wheel,hamster wheel,hamster_wheel.n.01,1,73.48,,,1,,
963,haystack,haystack,hay.n.01,1,0.60,,,,,
964,hazelnut,hazelnut,hazelnut.n.01,1,0.00,,,1,,
965,heatgun,heatgun,heater.n.01,1,3.97,,,,,
966,basil_leaf,basil leaf,basil.n.03,1,0.03,,,,,
967,hockey_puck,hockey puck,puck.n.02,1,5.40,,,1,,
968,hiking_boots,hiking boots,desert_boot.n.01,0,0.31,,,1,,
969,hockey_stick,hockey stick,hockey_stick.n.01,1,15.43,,,1,,
970,hoe,hoe,hoe.n.01,1,1.63,,,1,,
971,honey_jar,honey jar,jar.n.01,1,8.00,,,,,
972,hot_chocolate,hot chocolate,cocoa.n.01,1,1.72,,,1,,
973,hoodie,hoodie,sweatshirt.n.01,1,0.47,,,1,,
974,hotdog,hotdog,hotdog.n.02,1,0.20,,,,,
975,hotdog_bun,hotdog bun,bun.n.01,1,0.11,,,,,
976,hummus,hummus,hummus.n.01,1,0.64,,,1,,
977,hutch,hutch,hutch.n.01,1,10.04,,,1,,
978,ice_bucket,ice bucket,bucket.n.01,1,3.00,,,1,,
979,cone_icecream,cone icecream,cone.n.01,0,14.13,,,,,
981,ice_skates,ice skates,ice_skate.n.01,1,15.43,,,1,,
982,ink_jar,ink jar,jar.n.01,1,8.00,,,,,
983,ironing_board,ironing board,ironing_board.n.01,1,3.23,,,1,,
984,jade_roller,jade roller,roller.n.04,1,1.20,,,1,,
985,jelly_bean,jelly bean,jelly_bean.n.01,1,0.03,,,,,
986,quilt,quilt,quilt.n.01,1,1.33,,,1,,
987,jelly_jar,jelly jar,jar.n.01,1,8.00,,,,,
988,jersey,jersey,jersey.n.03,1,0.30,,,1,,
989,jigger,jigger,shot_glass.n.01,1,0.24,,,1,,
990,jewelry_cleaner,jewelry cleaner,cleansing_agent.n.01,1,0.74,,,1,,
991,kale,kale,kale.n.03,1,1.09,,,1,,
992,juicer,juicer,juicer.n.02,0,1.78,,,1,,
993,keys,keys,key.n.01,1,8.49,,,1,,
994,meringue,meringue,meringue.n.01,1,3.74,,,1,,
995,kayak,kayak,kayak.n.01,1,1204.00,,,1,,
996,paddle,paddle,paddle.n.04,1,1.18,,,,,
997,holly,holly,holly.n.01,1,0.00,,,1,,
998,jade,jade,jade.n.01,1,0.01,,,1,,
999,roast_beef_slice,roast beef slice,roast_beef.n.01,0,0.48,,,,,
1000,cooked_ham,cooked ham,ham.n.01,1,0.80,,,,,
1001,work_helmet,work helmet,helmet.n.01,1,0.41,,,,,
1002,ketchup,ketchup,catsup.n.01,1,0.35,,,1,,
1004,adhesive,adhesive,adhesive.n.01,0,1.06,,,1,,
1005,air_conditioner,air conditioner,air_conditioner.n.01,1,8.49,,,1,,
1006,alcohol,alcohol,alcohol.n.01,1,0.47,,,1,,
1007,allen_wrench,allen wrench,allen_wrench.n.01,1,0.36,,,1,,
1008,allspice,allspice,allspice.n.03,1,0.14,,,1,,
1009,almond_milk,almond milk,milk.n.01,1,3.90,,,1,,
1010,antihistamines,antihistamines,antihistamine.n.01,1,0.16,,,1,,
1011,antlers,antlers,antler.n.01,1,0.54,,,1,,
1012,apple_cider,apple cider,cider.n.01,1,1.72,,,1,,
1013,apple_pie,apple pie,apple_pie.n.01,1,0.50,,,1,,
1014,apron,apron,apron.n.01,1,0.33,,,1,,
1015,arugula,arugula,arugula.n.01,0,0.01,,,1,,
1016,asparagus,asparagus,asparagus.n.02,1,0.28,,,1,,
1017,aspirin,aspirin,aspirin.n.01,1,0.29,,,1,,
1018,avocado,avocado,avocado.n.01,1,0.20,0.20,,1,,
1019,axe,axe,ax.n.01,1,0.13,,,1,,
1020,baby_bottle,baby bottle,bottle.n.01,1,0.63,,,1,,
1021,baby_monitor,baby monitor,detector.n.01,1,8.49,,,1,,
1022,baby_oil,baby oil,baby_oil.n.01,1,0.16,,,1,,
1023,bacon,bacon,bacon.n.01,1,0.80,,,1,,
1024,bait,bait,bait.n.01,1,0.54,,,1,,
1025,baking_powder,baking powder,baking_powder.n.01,1,0.60,,,1,,
1026,baking_sheet,baking sheet,baking_tray.n.01,0,1.86,,,1,,
1027,baking_soda,baking soda,sodium_carbonate.n.01,1,0.67,,,1,,
1028,balloon,balloon,balloon.n.01,1,1204.00,,,1,,
1029,balsamic_vinegar,balsamic vinegar,vinegar.n.01,1,1.60,,,1,,
1030,bandage,bandage,bandage.n.01,1,1.33,,,1,,
1031,bandana,bandana,bandanna.n.01,1,0.43,,,1,,
1032,bar_cart,bar cart,handcart.n.01,1,1204.00,,,1,,
1033,barley,barley,barley.n.02,1,0.01,,,1,,
1034,baseball,baseball,baseball.n.02,1,7.75,,,1,,
1035,baseball_bat,baseball bat,bat.n.05,1,0.09,,,1,,
1036,baseball_cap,baseball cap,baseball_cap.n.01,1,0.11,,,1,,
1037,baseball_glove,baseball glove,baseball_glove.n.01,1,15.43,,,1,,
1038,bath_rug,bath rug,bath_mat.n.01,1,0.71,,,0,,this is possibly the wrong object for this definition
1039,bath_salt,bath salt,salt.n.01,1,0.67,,,1,,
1040,battery,battery,battery.n.01,1,0.15,,,1,,
1041,batting_gloves,batting gloves,batting_glove.n.01,1,7.78,,,1,,
1043,bay_leaves,bay leaves,bay_leaf.n.01,1,0.02,,,0,,single vs. plural?
1044,bedsheet,bedsheet,sheet.n.03,1,0.80,,,1,,
1045,beeswax,beeswax,beeswax.n.01,1,0.60,,,1,,
1046,bikini,bikini,bikini.n.02,1,0.51,,,1,,
1047,birdcage,birdcage,birdcage.n.01,1,10.04,,,1,,
1048,birdseed,birdseed,bird_feed.n.01,1,0.60,,,1,,
1049,biscuit,biscuit,biscuit.n.01,1,0.12,,,1,,
1050,black_beans,black beans,black_bean.n.01,1,0.00,,,1,,
1051,blazer,blazer,blazer.n.01,1,1.70,,,1,,
1052,blinds,blinds,blind.n.03,1,0.41,,,1,,
1053,blouse,blouse,blouse.n.01,1,0.29,,,1,,
1054,blueberry,blueberry,blueberry.n.02,1,0.08,,,,,
1055,blueberry_mousse,blueberry mousse,blueberry_mousse.n.01,1,0.30,,,1,,
1056,boat,boat,boat.n.01,1,1204.00,,,1,,
1057,bobby_pin,bobby pin,bobby_pin.n.01,1,0.00,,,,,
1058,body_scrub,body scrub,soap.n.01,1,0.13,,,1,,
1059,body_wash,body wash,liquid_soap.n.01,1,0.13,,,1,,
1060,bolt,bolt,bolt.n.06,1,0.00,,,1,,
1061,book_case,book case,bookcase.n.01,1,19.19,,,,,
1062,bookend,bookend,bookend.n.01,0,5.60,,,1,,
1063,boot,boot,boot.n.01,1,0.31,,,1,,
1065,bowling_ball,bowling ball,bowling_ball.n.01,1,0.07,,,1,,
1066,box,box,box.n.01,1,2.78,,,1,,
1067,boxing_gloves,boxing gloves,boxing_glove.n.01,1,15.43,,,1,,
1068,bra,bra,brassiere.n.01,1,0.17,,,1,,
1069,branch,branch,branch.n.02,1,0.38,,,1,,
1070,brandy,brandy,brandy.n.01,1,0.47,,,1,,
1071,bratwurst,bratwurst,bratwurst.n.01,1,0.08,,,1,,
1072,bread,bread,bread.n.01,1,0.23,,,1,,
1073,breadcrumbs,breadcrumbs,breadcrumb.n.01,1,0.00,,,1,,
1074,brisket,brisket,brisket.n.01,1,0.48,,,1,,
1075,brown_rice,brown rice,brown_rice.n.01,1,1.00,,,1,,
1076,brownie,brownie,brownie.n.03,1,0.05,,,1,,
1077,brussels_sprouts,brussels sprouts,brussels_sprouts.n.01,1,0.50,,,1,,
1078,bug_repellent,bug repellent,insect_repellent.n.01,0,0.67,,,1,,
1079,bulb,bulb,light_bulb.n.01,1,0.20,,,1,,
1080,burlap,burlap,burlap.n.01,1,0.43,,,1,,
1081,burrito,burrito,burrito.n.01,1,0.38,,,1,,
1082,buttermilk,buttermilk,buttermilk.n.01,1,3.90,,,1,,
1083,butternut_squash,butternut squash,butternut_squash.n.01,1,0.01,,,1,,
1084,cake,cake,cake.n.03,1,0.06,,,1,,
1085,candied_yam,candied yam,yam.n.01,1,0.38,,,1,,
1086,canned_beans,canned beans,bean.n.01,1,0.00,,,1,,
1087,canned_coffee,canned coffee,can.n.01,1,38.43,,,,,
1088,canned_sardines,canned sardines,can.n.01,1,38.43,,,,,
1089,canned_tomatoes,canned tomatoes,can.n.01,1,38.43,,,,,
1090,canner,canner,cooker.n.01,1,1.86,,,1,,
1091,canner_lid,canner lid,cooker.n.01,1,1.86,,,0,,this category should not exist
1092,canvas,canvas,canvas.n.01,1,0.43,,,1,,
1093,cappuccino,cappuccino,cappuccino.n.01,1,0.45,,,1,,
1094,cardigan,cardigan,cardigan.n.01,1,0.47,,,1,,
1095,cardstock,cardstock,card.n.03,1,0.20,,,1,,
1096,cat_food,cat food,cat_food.n.01,1,0.60,,,1,,
1097,cauliflower,cauliflower,cauliflower.n.01,1,0.01,,,1,,
1098,cellophane,cellophane,cellophane.n.01,1,2.50,,,1,,
1099,ceramic_tile,ceramic tile,tile.n.01,1,2.20,,,1,,
1100,chalk,chalk,chalk.n.01,1,1.06,,,1,,
1101,champagne_flute,champagne flute,champagne_flute.n.01,0,0.24,,,1,,
1102,charcoal,charcoal,charcoal.n.01,1,0.94,,,1,,
1103,charcoal_grill,charcoal grill,grill.n.02,1,10.70,,,1,,
1104,chard,chard,chard.n.01,1,0.01,,,1,,
1105,cheese_danish,cheese danish,danish.n.02,1,0.11,,,1,,
1106,cherry_tomato,cherry tomato,cherry_tomato.n.02,1,0.08,,,1,,
1107,chicken_breast,chicken breast,chicken_breast.n.01,0,1.20,,,1,,
1108,chicken_coop,chicken coop,chicken_coop.n.01,1,10.04,,,1,,
1109,chicken_leg,chicken leg,chicken_leg.n.01,1,0.49,,,1,,
1110,chicken_thigh,chicken thigh,chicken_leg.n.01,1,0.49,,,1,,
1111,chicken_wing,chicken wing,chicken.n.01,1,1.36,,,1,,
1112,chilli_pepper,chilli pepper,chili_pepper.n.02,0,0.03,,,0,,typo category
1113,china,china,china.n.02,1,1.78,,,1,,
1114,chisel,chisel,chisel.n.01,1,0.13,,,1,,
1115,chocolate_chip,chocolate chip,chocolate.n.02,1,0.80,,,1,,
1116,chocolate_syrup,chocolate syrup,chocolate_sauce.n.01,1,0.55,,,1,,
1117,chorizo,chorizo,chorizo.n.01,1,0.08,,,1,,
1118,chowder,chowder,chowder.n.01,1,0.80,,,1,,
1119,cigarette,cigarette,cigarette.n.01,1,0.76,,,1,,
1120,ciigarette,ciigarette,cigarette.n.01,1,0.76,,,0,,typo category
1121,cinnamon_stick,cinnamon stick,cinnamon_bark.n.01,1,0.38,,,1,,
1122,citrus,citrus,citrus.n.01,1,0.09,,,1,,
1123,clamp,clamp,clamp.n.01,1,0.45,,,1,,
1124,clip,clip,clip.n.03,1,0.01,,,1,,
1125,clock,clock,clock.n.01,1,10.95,,,1,,
1126,clothesline,clothesline,clothesline.n.01,1,0.41,,,1,,
1127,cloves,cloves,clove.n.01,1,0.38,,,1,,
1128,cocoa_powder,cocoa powder,cocoa_powder.n.01,1,0.80,,,1,,
1129,coconut_milk,coconut milk,coconut_milk.n.01,1,0.61,,,1,,
1130,coconut_oil,coconut oil,coconut_oil.n.01,1,0.15,,,1,,
1131,coffee,coffee,coffee.n.01,1,0.45,,,1,,
1132,compost_bin,compost bin,recycling_bin.n.01,1,3.18,,,1,,
1133,conch_shell,conch shell,conch.n.01,1,1.52,,,1,,
1134,cooler,cooler,cooler.n.01,1,92.99,,,1,,
1135,corn,corn,corn.n.01,1,0.01,,,1,,
1136,crawfish,crawfish,crayfish.n.02,1,0.75,,,1,,
1137,credit_card,credit card,credit_card.n.01,1,0.73,,,1,,
1138,crouton,crouton,crouton.n.01,1,0.23,,,1,,
1139,curtain_rod,curtain rod,rod.n.01,1,1.18,,,1,,
1140,cutting_board,cutting board,chopping_board.n.01,1,1.45,,,1,,
1142,diamond,diamond,diamond.n.01,1,0.00,,,1,,
1143,dish_soap,dish soap,soap.n.01,1,0.13,,,1,,
1144,dog_food,dog food,dog_food.n.01,1,0.60,,,1,,
1145,donut,donut,doughnut.n.02,1,0.06,,,1,,
1146,dough,dough,dough.n.01,1,0.61,,,1,,
1147,drying_rack,drying rack,rack.n.01,1,2.93,,,1,,
1148,duck,duck,duck.n.03,1,1.36,,,1,,
1149,easel,easel,easel.n.01,1,5.60,,,1,,
1150,eyeshadow,eyeshadow,eyeshadow.n.01,1,0.02,,,1,,
1151,face_cream,face cream,cold_cream.n.01,1,0.24,,,1,,
1152,firewood_grate,firewood grate,grate.n.01,1,9.75,,,1,,
1153,flask,flask,flask.n.01,1,0.63,,,1,,
1154,food_processor,food processor,food_processor.n.01,1,31.64,,,1,,
1155,fuel_can,fuel can,container.n.01,1,38.43,,,1,,
1156,goalkeeper_gloves,goalkeeper gloves,goalkeeper_gloves.n.01,1,0.14,,,1,,
1157,goblet,goblet,goblet.n.01,1,0.24,,,1,,
1158,goggles,goggles,goggles.n.01,1,3.19,,,1,,
1159,golf_club,golf club,golf_club.n.02,1,15.43,,,1,,
1160,green_tea,green tea,green_tea.n.01,1,0.02,,,1,,
1161,ground_beaf,ground beaf,ground_beef.n.01,1,0.80,,,0,,typo in name
1162,gunpowder,gunpowder,gunpowder.n.01,1,0.70,,,1,,
1163,hair_conditioner,hair conditioner,hair_spray.n.01,1,0.25,,,0,,possibly the wrong object
1164,hanging_basket,hanging basket,planter.n.03,1,38.43,,,1,,
1165,hazlenut,hazlenut,hazelnut.n.01,1,0.00,,,0,,typo in name
1166,headstone,headstone,gravestone.n.01,1,5.02,,,1,,
1167,holly,holly,holly.n.01,1,0.00,,,1,,
1168,inhaler,inhaler,inhaler.n.01,1,0.40,,,1,,
1169,instant_pot,instant pot,crock_pot.n.01,1,1.86,,,1,,
1170,jacket,jacket,jacket.n.01,1,1.70,,,1,,
1171,jewelry,jewelry,jewelry.n.01,1,0.01,,,1,,
1172,kielbasa,kielbasa,kielbasa.n.01,1,0.08,,,1,,
1173,kiosk,kiosk,booth.n.02,1,10.04,,,1,,
1174,lawnmower,lawnmower,lawn_mower.n.01,1,17.01,,,1,,
1175,letter,letter,letter.n.01,1,0.34,,,1,,
1176,life_jacket,life jacket,life_jacket.n.01,1,14.78,,,1,,
1177,lighter,lighter,lighter.n.02,1,8.49,,,1,,
1178,lighter_fluid,lighter fluid,butane.n.01,1,0.55,,,1,,
1179,lingerie,lingerie,lingerie.n.01,1,0.05,,,1,,
1180,linseed_oil,linseed oil,linseed_oil.n.01,1,0.15,,,1,,
1181,lint_roller,lint roller,roller.n.04,1,1.20,,,1,,
1182,lip_balm,lip balm,lip_balm.n.01,1,0.16,,,1,,
1183,litter_boxh,litter boxh,litter_box.n.01,1,2.78,,,0,,typo in name
1184,log,log,log.n.01,1,1.06,,,1,,
1185,longboard,longboard,skateboard.n.01,1,603.61,,,1,,
1186,loofah,loofah,loofah.n.02,1,0.01,,,1,,
1187,lubricant,lubricant,lubricant.n.01,1,0.60,,,1,,
1188,magnifying_glass,magnifying glass,hand_glass.n.02,1,3.19,,,1,,
1189,mailbox,mailbox,mailbox.n.01,1,2.78,,,1,,
1190,manure,manure,manure.n.01,1,0.70,,,1,,
1191,maple_syrup,maple syrup,maple_syrup.n.01,1,0.45,,,1,,
1192,marshmallow,marshmallow,marshmallow.n.01,1,0.03,,,1,,
1193,mask,mask,mask.n.02,1,0.54,,,1,,
1194,match,match,match.n.01,1,8.49,,,1,,
1195,match_box,match box,matchbox.n.01,1,2.78,,,1,,
1196,matcha,matcha,green_tea.n.01,1,0.02,,,1,,
1197,mattress_protector,mattress protector,mattress_cover.n.01,0,1.33,,,1,,
1198,measuring_cup,measuring cup,measuring_cup.n.01,1,38.43,,,1,,
1199,measuring_tape,measuring tape,tape_measure.n.01,0,3.64,,,1,,
1200,meat_thermometer,meat thermometer,meat_thermometer.n.01,1,3.64,,,1,,
1201,meatloaf,meatloaf,meat_loaf.n.01,1,0.31,,,1,,
1202,melon,melon,melon.n.01,1,5.00,,,1,,
1203,mesh_bag,mesh bag,bag.n.01,1,0.69,,,1,,
1204,microfiber_cloth,microfiber cloth,rag.n.01,1,0.35,,,1,,
1205,microphone,microphone,microphone.n.01,1,4.45,,,1,,
1206,milkshake,milkshake,milkshake.n.01,1,0.49,,,1,,
1207,mint,mint,mint.n.04,1,0.02,,,1,,
1208,miso,miso,miso.n.01,1,0.64,,,1,,
1209,mixing_bowl,mixing bowl,mixing_bowl.n.01,1,1.79,,,1,,
1210,moisture_wash,moisture wash,cold_cream.n.01,1,0.24,,,0,,no idea what this is
1211,molasses,molasses,molasses.n.01,1,0.45,,,1,,
1212,mortar,mortar,mortar.n.03,1,5.67,,,1,,
1213,moth_ball,moth ball,mothball.n.01,1,1.20,,,1,,
1214,mulch,mulch,mulch.n.01,1,0.41,,,1,,
1215,mussel,mussel,mussel.n.01,1,0.75,,,1,,
1216,mustard_greens,mustard greens,mustard.n.03,1,0.50,,,1,,
1217,nachos,nachos,nacho.n.01,1,0.21,,,1,,
1218,nail,nail,nail.n.02,1,0.00,,,1,,
1219,name_tag,name tag,name_tag.n.01,1,0.20,,,1,,
1220,nativity,nativity,virgin_birth.n.02,1,0.54,,,1,,
1221,necktie,necktie,necktie.n.01,1,0.51,,,1,,
1222,nectarine,nectarine,nectarine.n.02,1,0.44,,,1,,
1223,nickel,nickel,nickel.n.01,1,1.27,,,1,,
1224,noodle,noodle,noodle.n.01,1,0.45,,,1,,
1225,okra,okra,okra.n.02,1,0.01,,,1,,
1226,omelet,omelet,omelet.n.01,1,0.38,,,1,,
1227,onesie,onesie,jumpsuit.n.01,0,0.51,,,1,,
1228,onion,onion,onion.n.03,1,0.10,,,1,,
1229,onion_powder,onion powder,onion.n.01,1,0.38,,,1,,
1230,orange_juice,orange juice,orange_juice.n.01,0,1.72,,,1,,
1231,outlet,outlet,wall_socket.n.01,1,0.08,,,1,,
1232,oyster,oyster,oyster.n.01,1,1.52,,,1,,
1233,paint_remover,paint remover,solvent.n.01,1,1.27,,,1,,
1234,pallet,pallet,pallet.n.02,1,75.41,,,1,,
1235,pancake,pancake,pancake.n.01,1,0.06,,,1,,
1236,papaya,papaya,papaya.n.01,1,0.00,,,1,,
1237,paper_liners,paper liners,liner.n.02,0,0.41,,,1,,
1238,paprika,paprika,paprika.n.02,1,0.42,,,1,,
1239,paraffin_wax,paraffin wax,paraffin.n.01,1,0.15,,,1,,
1240,parchment_paper,parchment paper,wax_paper.n.01,1,0.10,,,1,,
1241,parmesan_cheese,parmesan cheese,parmesan.n.01,1,0.25,,,1,,
1242,parsnip,parsnip,parsnip.n.01,1,0.38,,,1,,
1243,pastry,pastry,pastry.n.01,1,0.61,,,1,,
1244,pastry_brush,pastry brush,kitchen_utensil.n.01,1,1.78,,,1,,
1245,pastry_cutter,pastry cutter,cutter.n.06,1,0.13,,,1,,
1246,patina,patina,patina.n.01,1,4.50,,,1,,
1247,paver,paver,paving_stone.n.01,1,0.00,,,1,,
1248,pea_pod,pea pod,pea_pod.n.01,1,0.38,,,1,,
1249,peanut,peanut,peanut.n.01,1,0.38,,,1,,
1250,peanut_butter,peanut butter,peanut_butter.n.01,1,0.64,,,1,,
1251,pearl,pearl,pearl.n.01,1,0.00,,,1,,
1252,peas,peas,pea.n.01,1,0.01,,,1,,
1253,pencil_case,pencil case,pencil_box.n.01,1,0.08,,,1,,
1254,pennant,pennant,pennant.n.02,1,0.20,,,1,,
1255,penny,penny,penny.n.02,1,0.25,,,1,,
1256,pepper,pepper,pepper.n.03,1,0.42,,,1,,
1257,peppercorn,peppercorn,pepper.n.03,1,0.42,,,1,,
1258,pesticide,pesticide,pesticide.n.01,1,0.70,,,1,,
1259,pet_bed,pet bed,pet_bed.n.01,1,57.13,,,1,,
1260,pet_food,pet food,petfood.n.01,1,0.60,,,1,,
1261,phone,phone,cellular_telephone.n.01,1,9.25,,,0,,should be cellphone
1262,pickle,pickle,pickle.n.01,1,0.40,,,1,,
1263,pickup_truck,pickup truck,pickup.n.01,1,1204.00,,,1,,
1264,pill,pill,pill.n.02,1,0.16,,,1,,
1265,pillowcase,pillowcase,pillowcase.n.01,0,0.80,,,1,,
1266,pin,pin,pin.n.09,1,0.00,,,1,,
1267,pipe_cleaner,pipe cleaner,pipe_cleaner.n.01,1,1.01,,,1,,
1268,pitcher,pitcher,pitcher.n.02,1,1.50,,,1,,
1269,pizza,pizza,pizza.n.01,1,0.38,,,1,,
1270,pizza_box,pizza box,pizza_box.n.01,1,2.78,,,1,,
1271,pizza_dough,pizza dough,dough.n.01,1,0.61,,,1,,
1272,plant_pot,plant pot,flowerpot.n.01,0,38.43,,,1,,
1273,plastic_bag,plastic bag,plastic_bag.n.01,1,0.69,,,1,,
1274,plastic_wrap,plastic wrap,plastic_wrap.n.01,1,2.50,,,1,,
1275,plier,plier,pliers.n.01,1,0.24,,,1,,
1276,plug,plug,plug.n.01,1,15.55,,,1,,
1277,plush_toy,plush toy,plaything.n.01,1,0.25,,,1,,
1278,poinsettia,poinsettia,poinsettia.n.01,1,0.00,,,1,,
1279,poker,poker,poker.n.01,1,1.18,,,1,,
1280,pole,pole,pole.n.01,1,1.18,,,1,,
1281,polo_shirt,polo shirt,polo_shirt.n.01,1,0.30,,,1,,
1282,popcorn,popcorn,popcorn.n.01,1,0.01,,,1,,
1283,pork_chop,pork chop,porkchop.n.01,1,0.48,,,1,,
1284,pork_rib,pork rib,rib.n.03,1,0.40,,,1,,
1285,pot_plan,pot plan,pot_plant.n.01,1,4.54,,,0,,typo in name
1286,power_drill,power drill,drill.n.01,1,1.81,,,1,,
1287,power_strip,power strip,outlet.n.02,0,0.08,,,1,,
1288,pressure_cooker,pressure cooker,pressure_cooker.n.01,1,5.67,,,1,,
1289,pump,pump,pump.n.01,1,8.49,,,1,,
1290,pumpkin_pie_spice,pumpkin pie spice,pumpkin_pie_spice.n.01,1,0.14,,,1,,
1291,punching_bag,punching bag,punching_bag.n.02,1,0.07,,,1,,
1292,purse,purse,purse.n.01,0,1.00,,,1,,
1293,putty_knife,putty knife,putty_knife.n.01,1,0.36,,,1,,
1294,puzzle,puzzle,puzzle.n.02,1,37.40,,,1,,
1295,puzzle_piece,puzzle piece,puzzle.n.02,1,37.40,,,0,,name for piece?
1296,pvc_pipe,pvc pipe,polyvinyl_chloride.n.01,1,0.60,,,1,,
1297,quail_breast,quail breast,quail.n.01,1,1.36,,,1,,
1298,quail_breast_raw,quail breast raw,quail.n.01,1,1.36,,,1,,
1299,quail_leg,quail leg,quail.n.01,1,1.36,,,1,,
1300,quarter,quarter,quarter.n.10,1,0.25,,,1,,
1301,quartz,quartz,quartz.n.02,1,1.06,,,1,,
1302,rack,rack,rack.n.01,1,2.93,,,1,,
1303,racket,racket,racket.n.04,1,1.18,,,1,,
1304,radio,radio,radio.n.01,1,14.94,,,1,,
1305,rainboot,rainboot,rubber_boot.n.01,1,0.31,,,1,,
1306,raincoat,raincoat,raincoat.n.01,1,1.70,,,1,,
1307,raspberries,raspberries,raspberry.n.02,1,0.00,,,1,,
1308,red_wine,red wine,red_wine.n.01,1,0.47,,,1,,
1309,retainer,retainer,retainer.n.03,1,8.49,,,1,,
1310,rhubarb,rhubarb,pieplant.n.01,1,0.28,,,1,,
1311,rice,rice,rice.n.01,1,1.00,1.00,,1,,
1312,rice_cooker,rice cooker,cooker.n.01,1,1.86,,,1,,
1313,risotto,risotto,risotto.n.01,1,0.38,,,1,,
1314,roast_beaf_slice,roast beaf slice,roast_beef.n.01,0,0.48,,,1,,typo in name
1315,roasting_pan,roasting pan,pan.n.01,1,1.75,,,1,,
1316,rolling_pin,rolling pin,rolling_pin.n.01,1,1.78,,,1,,
1317,rope,rope,rope.n.01,1,0.41,,,1,,
1318,rosemary,rosemary,rosemary.n.02,1,0.02,,,1,,
1319,rug,rug,rug.n.01,1,2.40,,,1,,
1320,ruler,ruler,rule.n.12,1,0.01,,,1,,
1321,rum,rum,rum.n.01,1,0.47,,,1,,
1322,rutabaga,rutabaga,rutabaga.n.01,1,0.45,,,1,,
1323,sage,sage,sage.n.02,1,0.02,,,1,,
1324,salmon,salmon,salmon.n.01,1,1.52,,,1,,
1325,salsa,salsa,salsa.n.01,1,0.64,,,1,,
1326,sandals,sandals,sandal.n.01,1,0.18,,,1,,
1327,sandwich,sandwich,sandwich.n.01,1,0.20,,,1,,
1328,sauna_suit,sauna suit,sweat_suit.n.01,1,0.51,,,1,,
1329,savory_spice,savory spice,spice.n.02,1,0.14,,,1,,
1330,schnitzel,schnitzel,schnitzel.n.01,1,0.38,,,1,,
1331,scone,scone,scone.n.01,1,0.12,,,1,,
1332,scrambled_eggs,scrambled eggs,scrambled_eggs.n.01,1,0.38,,,1,,
1333,screw,screw,screw.n.04,1,0.00,,,1,,
1334,seafood,seafood,seafood.n.01,1,0.75,,,1,,
1335,sealant,sealant,sealant.n.01,1,1.06,,,1,,
1336,sesame_oil,sesame oil,sesame_oil.n.01,1,0.15,,,1,,
1337,sesame_seeds,sesame seeds,sesame_seed.n.01,1,0.42,,,1,,
1338,shaker,shaker,shaker.n.03,1,38.43,,,1,,
1339,shoe_box,shoe box,shoebox.n.02,1,2.78,,,1,,
1340,shortening,shortening,shortening.n.01,1,0.15,,,1,,
1341,shorts,shorts,shorts.n.01,0,0.40,,,1,,
1342,shovel,shovel,shovel.n.01,1,0.36,,,1,,
1343,shrimp,shrimp,shrimp.n.03,1,1.52,,,1,,
1344,shrub,shrub,shrub.n.01,1,0.00,,,1,,
1345,shutter,shutter,shutter.n.02,1,0.41,,,1,,
1346,silver_coins,silver coins,silver.n.02,1,1.27,,,1,,
1347,skates,skates,ice_skate.n.01,1,15.43,,,1,,
1348,ski,ski,ski.n.01,1,8.49,,,1,,
1349,slow_cooker,slow cooker,cooker.n.01,1,1.86,,,1,,
1350,smoker,smoker,grill.n.02,1,10.70,,,1,,
1351,smoothie,smoothie,smoothie.n.02,1,1.72,,,1,,
1352,sneakers,sneakers,gym_shoe.n.01,1,0.34,,,1,,
1353,snow_globe,snow globe,plaything.n.01,1,0.25,,,1,,
1354,snow_pants,snow pants,trouser.n.01,1,0.40,,,1,,
1355,socks,socks,sock.n.01,1,0.08,,,1,,
1356,sod,sod,turf.n.01,1,11.90,,,1,,
1357,soda,soda,sodium_carbonate.n.01,1,0.67,,,1,,
1358,softball,softball,softball.n.01,1,0.07,,,1,,
1359,sour_cream,sour cream,sour_cream.n.01,1,0.55,,,1,,
1360,soy_milk,soy milk,soya_milk.n.01,1,0.61,,,1,,
1361,spaghetti,spaghetti,spaghetti.n.01,1,0.50,0.50,,1,,
1362,sparkler,sparkler,sparkler.n.02,1,0.70,,,1,,
1363,sponge,sponge,sponge.n.01,1,1.06,,,1,,
1364,squash,squash,squash.n.02,1,0.50,,,1,,
1365,squid,squid,squid.n.01,1,0.75,,,1,,
1366,sriracha,sriracha,hot_sauce.n.01,1,0.55,,,1,,
1367,star_anise,star anise,chinese_anise.n.02,1,0.14,,,1,,
1368,starch,starch,starch.n.01,1,0.54,,,1,,
1369,steamer_basket,steamer basket,steamer.n.02,1,1.86,,,1,,
1370,steel_wool,steel wool,steel_wool.n.01,1,1.06,,,1,,
1371,sticker,sticker,sticker.n.02,0,0.20,,,1,,
1372,strawberries,strawberries,strawberry.n.01,1,0.01,,,1,,
1373,stripping_solution,stripping solution,solvent.n.01,1,1.27,,,1,,
1374,stroller,stroller,stroller.n.02,0,1204.00,,,1,,
1375,succulent,succulent,succulent.n.01,1,0.01,,,1,,
1376,sugar,sugar,sugar.n.01,1,0.45,,,1,,
1377,sunflower,sunflower,sunflower.n.01,1,0.01,,,1,,
1378,sunglasses,sunglasses,sunglasses.n.01,1,3.19,,,1,,
1379,sweatshirt,sweatshirt,sweatshirt.n.01,1,0.47,,,1,,
1380,sweet_almond_oil,sweet almond oil,almond_oil.n.01,1,0.15,,,1,,
1381,swimsuit,swimsuit,swimsuit.n.01,1,0.51,,,1,,
1382,syringe,syringe,syringe.n.01,1,3.19,,,1,,
1383,tablet,tablet,tablet.n.03,1,1.11,,,1,,
1384,tackle_box,tackle box,tackle.n.03,0,15.43,,,1,,
1385,taco,taco,taco.n.02,1,0.38,,,1,,
1386,tag,tag,tag.n.01,1,0.20,,,1,,
1387,tank_top,tank top,tank_top.n.01,1,0.30,,,1,,
1388,tarp,tarp,tarpaulin.n.01,1,0.43,,,1,,
1389,tassel,tassel,tassel.n.01,1,0.01,,,1,,
1390,tea_leaves,tea leaves,tea_leaf.n.01,0,0.02,,,1,,
1391,teacup,teacup,teacup.n.02,1,0.45,,,1,,
1392,teddy_bear,teddy bear,teddy.n.01,1,0.25,,,1,,
1393,tennis_ball,tennis ball,tennis_ball.n.01,1,0.07,,,1,,
1394,tent,tent,tent.n.01,1,10.04,,,1,,
1395,tequilla,tequilla,tequila.n.01,1,0.47,,,0,,typo. also is this not a liquid?
1396,textbook,textbook,textbook.n.01,1,0.28,,,1,,
1397,thermometer,thermometer,thermometer.n.01,1,3.64,,,1,,
1398,thermostat,thermostat,thermostat.n.01,1,8.49,,,1,,
1399,thread,thread,thread.n.01,1,0.11,,,1,,
1400,ticket,ticket,ticket.n.01,1,0.20,,,1,,
1401,tights,tights,tights.n.01,1,0.11,,,1,,
1402,tire,tire,tire.n.01,1,0.80,,,1,,
1403,tomato_puree,tomato puree,tomato_paste.n.01,1,0.42,,,0,,use tomato paste
1404,toolbox,toolbox,toolbox.n.01,1,7.26,,,1,,
1405,tortilla,tortilla,tortilla.n.01,1,0.06,,,1,,
1406,tortilla_chips,tortilla chips,tortilla_chip.n.01,1,0.21,,,1,,
1407,tote,tote,tote_bag.n.01,0,0.69,,,1,,
1408,towel,towel,towel.n.01,1,0.45,,,1,,
1409,toy_train,toy train,train_set.n.01,1,0.25,,,1,,
1410,trail_mix,trail mix,snack.n.01,0,0.30,,,1,,
1411,trailer,trailer,trailer.n.03,1,1204.00,,,1,,
1412,trombone,trombone,trombone.n.01,1,114.95,,,1,,
1413,truck,truck,truck.n.01,1,1204.00,,,1,,
1414,trumpet,trumpet,cornet.n.01,1,114.95,,,1,,
1415,tulip,tulip,tulip.n.01,1,0.02,,,1,,
1416,tuna,tuna,tuna.n.02,1,0.75,,,1,,
1417,tupperware,tupperware,tupperware.n.01,1,38.43,,,1,,
1418,turtleneck,turtleneck,turtleneck.n.01,1,0.38,,,1,,
1419,twine,twine,string.n.01,1,0.41,,,1,,
1420,utility_knife,utility knife,knife.n.01,1,0.16,,,1,,
1421,valentine_wreath,valentine wreath,wreath.n.01,1,0.15,,,1,,
1422,vans,vans,gym_shoe.n.01,1,0.34,,,1,,
1423,vegetable_oil,vegetable oil,vegetable_oil.n.01,1,0.15,,,1,,
1424,vest,vest,vest.n.01,1,0.51,,,1,,
1425,violin,violin,violin.n.01,1,114.95,,,1,,
1426,violin_case,violin case,case.n.05,1,1.50,,,1,,
1427,vitamin,vitamin,vitamin_pill.n.01,1,7.37,,,1,,
1428,vodka,vodka,vodka.n.01,1,0.47,,,1,,
1429,waffle,waffle,waffle.n.01,1,0.06,,,1,,
1430,waffle_maker,waffle maker,waffle_iron.n.01,1,31.64,,,1,,
1431,wallet,wallet,wallet.n.01,1,1.50,,,1,,
1432,wallpaper,wallpaper,wallpaper.n.01,1,0.10,,,1,,
1433,water_dispenser,water dispenser,dispenser.n.01,1,0.40,,,1,,
1434,water_filter,water filter,water_filter.n.01,1,0.77,,,1,,
1435,watering_can,watering can,watering_can.n.01,1,38.43,,,1,,
1436,wax,wax,wax.n.01,1,0.15,,,1,,
1437,white_chocolate,white chocolate,white_chocolate.n.01,1,0.80,,,1,,
1438,whitewall_tire,whitewall tire,whitewall_tire.n.01,1,0.80,,,1,,
1439,wire_cutter,wire cutter,wire_cutter.n.01,1,0.13,,,1,,
1440,wood,wood,wood.n.01,1,1.06,,,1,,
1441,wrapping_paper,wrapping paper,wrapping_paper.n.01,1,0.10,,,1,,
1442,wrench,wrench,wrench.n.03,1,0.36,,,1,,
1443,yeast,yeast,yeast.n.01,1,0.60,,,1,,
1444,zipper,zipper,zipper.n.01,0,0.00,,,1,,
1145,lemon_juice_bottle,,lemon_juice__bottle.n.01,1,0.01,0.01,,,,