Object name,Reviewed,Valid Name,Original category (auto),ID (auto),New Category,Original Synset (auto),New Synset (auto),Exists in deletion?,Did rename?
acetone-uaijua,1,1,acetone,uaijua,bottle,#N/A,bottle,0,1
acid-jpblpa,1,1,acid,jpblpa,bottle_of_acid,#N/A,bottle_of_acid,0,1
acid-mjxjpa,1,1,acid,mjxjpa,bottle_of_acid,#N/A,bottle_of_acid,0,1
acid-ouylbd,1,1,acid,ouylbd,bottle_of_acid,#N/A,bottle_of_acid,0,1
acid-oyhpnl,1,1,acid,oyhpnl,bottle_of_acid,#N/A,bottle_of_acid,0,1
acid-pnhvaj,1,1,acid,pnhvaj,bottle_of_acid,#N/A,bottle_of_acid,0,1
acid-wjehui,1,1,acid,wjehui,bottle_of_acid,#N/A,bottle_of_acid,0,1
adhesive-sqzyci,1,1,adhesive,sqzyci,glue_stick,#N/A,glue_stick,0,1
adhseive_strip-kavsnx,1,1,adhseive_strip,kavsnx,duct_tape,#N/A,duct_tape,0,1
alcohol-qvhrjh,1,1,alcohol,qvhrjh,bottle_of_alcohol,#N/A,bottle_of_alcohol,0,1
alfredo_sauce-xwzqjr,1,1,alfredo_sauce,xwzqjr,bottle_of_alfredo_sauce,#N/A,bottle_of_alfredo_sauce,0,1
almond_milk-oiiqwq,1,1,almond_milk,oiiqwq,box_of_almond_milk,#N/A,box_of_almond_milk,0,1
ammonia-daasuw,1,1,ammonia,daasuw,bottle_of_ammonia,#N/A,bottle_of_ammonia,0,1
antihistamines-agavwx,1,1,antihistamines,agavwx,bottle_of_antihistamines,#N/A,bottle_of_antihistamines,0,1
apple_cider-frekrp,1,1,apple_cider,frekrp,bottle_of_apple_cider,#N/A,bottle_of_apple_cider,0,1
apple_juice-pttzdw,1,1,apple_juice,pttzdw,bottle_of_apple_juice,#N/A,bottle_of_apple_juice,0,1
apple_juice-xvrbdy,1,1,apple_juice,xvrbdy,bottle_of_apple_juice,#N/A,bottle_of_apple_juice,0,1
apple_juice-zjzgjy,1,1,apple_juice,zjzgjy,box_of_apple_juice,#N/A,box_of_apple_juice,0,1
applesauce-witdld,1,1,applesauce,witdld,bottle_of_applesauce,#N/A,bottle_of_applesauce,0,1
aspirin-psvktc,1,1,aspirin,psvktc,bottle_of_aspirin,#N/A,bottle_of_aspirin,0,1
atomizer-tehmzy,1,1,atomizer,tehmzy,spray_can,#N/A,spray_can,0,1
baby_monitor-fabztm,1,1,baby_monitor,fabztm,monitor,#N/A,monitor,0,1
baby_oil-xpdlrr,1,1,baby_oil,xpdlrr,bottle_of_baby_oil,#N/A,bottle_of_baby_oil,0,1
bag_of_bread-fckfij,1,1,bag_of_bread,fckfij,pack_of_bread,#N/A,pack_of_bread,0,1
bag_of_bread-sfupqo,1,1,bag_of_bread,sfupqo,pack_of_bread,#N/A,pack_of_bread,0,1
bag_of_bread-wjbnfu,1,1,bag_of_bread,wjbnfu,pack_of_bread,#N/A,pack_of_bread,0,1
bag_of_bread-yehtiv,1,1,bag_of_bread,yehtiv,pack_of_bread,#N/A,pack_of_bread,0,1
bag_of_cookie-bbyvsc,1,1,bag_of_cookie,bbyvsc,bag_of_cookies,#N/A,bag_of_cookies,0,1
bag_of_cookie-ikivgk,1,1,bag_of_cookie,ikivgk,bag_of_cookies,#N/A,bag_of_cookies,0,1
bag_of_cookie-ksjtde,1,1,bag_of_cookie,ksjtde,bag_of_cookies,#N/A,bag_of_cookies,0,1
bag_of_cookie-vafomx,1,1,bag_of_cookie,vafomx,bag_of_cookies,#N/A,bag_of_cookies,0,1
baking_powder-vzgrlv,1,1,baking_powder,vzgrlv,box_of_baking_powder,#N/A,box_of_baking_powder,0,1
baking_powder-zevydc,1,1,baking_powder,zevydc,box_of_baking_powder,#N/A,box_of_baking_powder,0,1
baking_soda-pskrgy,1,1,baking_soda,pskrgy,box_of_baking_soda,#N/A,box_of_baking_soda,0,1
ball-nofzds,1,1,ball,nofzds,volleyball,ball,volleyball,0,1
balsamic_vinegar-hbsbwt,1,1,balsamic_vinegar,hbsbwt,balsamic_vinegar_bottle,#N/A,balsamic_vinegar_bottle,0,1
bar_cart-yaabya,1,1,bar_cart,yaabya,serving_cart,#N/A,serving_cart,0,1
barbecue_sauce-ikbsox,1,1,barbecue_sauce,ikbsox,bottle_of_barbecue_sauce,#N/A,bottle_of_barbecue_sauce,0,1
barbecue_sauce-nkqvex,1,1,barbecue_sauce,nkqvex,bottle_of_barbecue_sauce,#N/A,bottle_of_barbecue_sauce,0,1
barbecue_sauce-rzevkb,1,1,barbecue_sauce,rzevkb,bottle_of_barbecue_sauce,#N/A,bottle_of_barbecue_sauce,0,1
barley-lxpwnw,1,1,barley,lxpwnw,box_of_barley,#N/A,box_of_barley,0,1
basket-clziqw,1,1,basket,clziqw,hamper,basket,hamper,0,1
basket-haewxp,1,1,basket,haewxp,plate,basket,plate,0,1
basket-pcyjbu,1,1,basket,pcyjbu,hamper,basket,hamper,0,1
basket-pgwdlg,1,1,basket,pgwdlg,hamper,basket,hamper,0,1
basket-pqzyxx,1,1,basket,pqzyxx,hamper,basket,hamper,0,1
basket-wdsnjy,1,1,basket,wdsnjy,hamper,basket,hamper,0,1
basket-wqxrbf,1,1,basket,wqxrbf,hamper,basket,hamper,0,1
basket-xhdtjn,1,1,basket,xhdtjn,hamper,basket,hamper,0,1
basket-xjftlf,1,1,basket,xjftlf,hamper,basket,hamper,0,1
bath_salt-dtrjxi,1,1,bath_salt,dtrjxi,jar_of_bath_salt,#N/A,jar_of_bath_salt,0,1
bath_salt-erglwp,1,1,bath_salt,erglwp,jar_of_bath_salt,#N/A,jar_of_bath_salt,0,1
bay_leaf-ppwvjf,1,1,bay_leaf,ppwvjf,can_of_bay_leaves,bay_leaf,can_of_bay_leaves,0,1
bean-dyjvwv,1,1,bean,dyjvwv,green_bean,#N/A,green_bean,0,1
bean-lvbjws,1,1,bean,lvbjws,green_bean,#N/A,green_bean,0,1
bean-mfkwzi,1,1,bean,mfkwzi,black_bean,#N/A,black_bean,0,1
bean-ncvtfs,1,1,bean,ncvtfs,black_bean,#N/A,black_bean,0,1
beans-myqovo,1,1,beans,myqovo,can_of_beans,#N/A,can_of_beans,0,1
beans-wcqjew,1,1,beans,wcqjew,can_of_beans,#N/A,can_of_beans,0,1
bedhseet-ivmsdt,1,1,bedhseet,ivmsdt,bedsheet,#N/A,bedsheet,0,1
beef-vdfkby,1,1,beef,vdfkby,loin,#N/A,loin,0,1
beer_box-lzrdiz,1,1,beer_box,lzrdiz,box_of_beer,#N/A,box_of_beer,0,1
beer_box-ubvfih,1,1,beer_box,ubvfih,box_of_beer,#N/A,box_of_beer,0,1
beer-bwaboq,1,1,beer,bwaboq,bottle_of_beer,#N/A,bottle_of_beer,0,1
beer-crfcwo,1,1,beer,crfcwo,bottle_of_beer,#N/A,bottle_of_beer,0,1
beer-dcwvkg,1,1,beer,dcwvkg,bottle_of_beer,#N/A,bottle_of_beer,0,1
beer-dqfsgv,1,1,beer,dqfsgv,bottle_of_beer,#N/A,bottle_of_beer,0,1
beer-eicnxj,1,1,beer,eicnxj,bottle_of_beer,#N/A,bottle_of_beer,0,1
beer-fcnrqt,1,1,beer,fcnrqt,bottle_of_beer,#N/A,bottle_of_beer,0,1
beer-fgzjnb,1,1,beer,fgzjnb,bottle_of_beer,#N/A,bottle_of_beer,0,1
beer-gxxbhh,1,1,beer,gxxbhh,bottle_of_beer,#N/A,bottle_of_beer,0,1
beer-hauvsg,1,1,beer,hauvsg,bottle_of_beer,#N/A,bottle_of_beer,0,1
beer-ikgezm,1,1,beer,ikgezm,bottle_of_beer,#N/A,bottle_of_beer,0,1
beer-jssuog,1,1,beer,jssuog,bottle_of_beer,#N/A,bottle_of_beer,0,1
beer-jtgyoo,1,1,beer,jtgyoo,bottle_of_beer,#N/A,bottle_of_beer,0,1
beer-jxhtdl,1,1,beer,jxhtdl,bottle_of_beer,#N/A,bottle_of_beer,0,1
beer-kqskmv,1,1,beer,kqskmv,bottle_of_beer,#N/A,bottle_of_beer,0,1
beer-meqliv,1,1,beer,meqliv,bottle_of_beer,#N/A,bottle_of_beer,0,1
beer-mhzpkh,1,1,beer,mhzpkh,bottle_of_beer,#N/A,bottle_of_beer,0,1
beer-miiijl,1,1,beer,miiijl,bottle_of_beer,#N/A,bottle_of_beer,0,1
beer-mljzrl,1,1,beer,mljzrl,bottle_of_beer,#N/A,bottle_of_beer,0,1
beer-nfzzqc,1,1,beer,nfzzqc,bottle_of_beer,#N/A,bottle_of_beer,0,1
beer-noxtlc,1,1,beer,noxtlc,bottle_of_beer,#N/A,bottle_of_beer,0,1
beer-phdimo,1,1,beer,phdimo,bottle_of_beer,#N/A,bottle_of_beer,0,1
beer-qepxvl,1,1,beer,qepxvl,bottle_of_beer,#N/A,bottle_of_beer,0,1
beer-rbpakt,1,1,beer,rbpakt,bottle_of_beer,#N/A,bottle_of_beer,0,1
beer-rdnopv,1,1,beer,rdnopv,bottle_of_beer,#N/A,bottle_of_beer,0,1
beer-rjwdae,1,1,beer,rjwdae,bottle_of_beer,#N/A,bottle_of_beer,0,1
beer-saslsh,1,1,beer,saslsh,bottle_of_beer,#N/A,bottle_of_beer,0,1
beer-ukbhdj,1,1,beer,ukbhdj,bottle_of_beer,#N/A,bottle_of_beer,0,1
beer-upmkjr,1,1,beer,upmkjr,bottle_of_beer,#N/A,bottle_of_beer,0,1
beer-vhscym,1,1,beer,vhscym,bottle_of_beer,#N/A,bottle_of_beer,0,1
beer-xpqnfz,1,1,beer,xpqnfz,bottle_of_beer,#N/A,bottle_of_beer,0,1
beer-zbsxro,1,1,beer,zbsxro,bottle_of_beer,#N/A,bottle_of_beer,0,1
beer-zlmwyn,1,1,beer,zlmwyn,bottle_of_beer,#N/A,bottle_of_beer,0,1
bin-lzdlqo,1,1,bin,lzdlqo,trash_can,#N/A,trash_can,0,1
blazer-ylycdz,1,1,blazer,ylycdz,jacket,#N/A,jacket,0,1
bleach-lfjumk,1,1,bleach,lfjumk,bottle_of_bleach_agent,#N/A,bottle_of_bleach_agent,0,1
blinds-mmaana,1,1,blinds,mmaana,window_blind,#N/A,window_blind,0,1
blow_dryer-ylutzy,1,1,blow_dryer,ylutzy,hair_dryer,#N/A,hair_dryer,0,1
blueberry-tvpfvb,1,1,blueberry,tvpfvb,blackberry,blueberry,blackberry,0,1
boat-coanpv,1,1,boat,coanpv,skiff,#N/A,skiff,0,1
bolt-bkxwfh,1,1,bolt,bkxwfh,screw,#N/A,screw,0,1
bolt-lczbkm,1,1,bolt,lczbkm,screw,#N/A,screw,0,1
boot-fajzct,1,1,boot,fajzct,rubber_boot,#N/A,rubber_boot,0,1
bottle_cap-arskxc,1,1,bottle_cap,arskxc,cap,#N/A,cap,0,1
bottle_cap-dmzavi,1,1,bottle_cap,dmzavi,cap,#N/A,cap,0,1
bottle_cap-iizvmn,1,1,bottle_cap,iizvmn,cap,#N/A,cap,0,1
bottle_cap-pwsngg,1,1,bottle_cap,pwsngg,cap,#N/A,cap,0,1
bottle_cap-qscujv,1,1,bottle_cap,qscujv,cap,#N/A,cap,0,1
bottle_cap-tpknvf,1,1,bottle_cap,tpknvf,cap,#N/A,cap,0,1
bottle_cap-uxpeaz,1,1,bottle_cap,uxpeaz,cap,#N/A,cap,0,1
bottle_cap-vsvwig,1,1,bottle_cap,vsvwig,cap,#N/A,cap,0,1
bottle_cap-xeswtq,1,1,bottle_cap,xeswtq,cap,#N/A,cap,0,1
bottle_of_soup-maycxf,1,1,bottle_of_soup,maycxf,bottle_of_soda,bottle_of_soup,bottle_of_soda,0,1
box_of_cake-yjazet,1,1,box_of_cake,yjazet,boxed_cake,#N/A,boxed_cake,0,1
box_of_cookie-apjokz,1,1,box_of_cookie,apjokz,box_of_cookies,#N/A,box_of_cookies,0,1
box_of_cookie-fsdjun,1,1,box_of_cookie,fsdjun,box_of_cookies,#N/A,box_of_cookies,0,1
box_of_cookie-fzlaol,1,1,box_of_cookie,fzlaol,box_of_cookies,#N/A,box_of_cookies,0,1
box_of_cookie-hdgsxz,1,1,box_of_cookie,hdgsxz,box_of_cookies,#N/A,box_of_cookies,0,1
box_of_cookie-hvyoep,1,1,box_of_cookie,hvyoep,box_of_cookies,#N/A,box_of_cookies,0,1
box_of_cookie-jtalxs,1,1,box_of_cookie,jtalxs,box_of_cookies,#N/A,box_of_cookies,0,1
box_of_cookie-lwhbid,1,1,box_of_cookie,lwhbid,box_of_cookies,#N/A,box_of_cookies,0,1
box_of_cookie-nirfva,1,1,box_of_cookie,nirfva,box_of_cookies,#N/A,box_of_cookies,0,1
box_of_cookie-nnfisz,1,1,box_of_cookie,nnfisz,box_of_cookies,#N/A,box_of_cookies,0,1
box_of_cookie-ohhshb,1,1,box_of_cookie,ohhshb,box_of_cookies,#N/A,box_of_cookies,0,1
box_of_cookie-qkzrdd,1,1,box_of_cookie,qkzrdd,box_of_cookies,#N/A,box_of_cookies,0,1
box_of_cookie-sjcnoq,1,1,box_of_cookie,sjcnoq,box_of_cookies,#N/A,box_of_cookies,0,1
box_of_cookie-swilxz,1,1,box_of_cookie,swilxz,box_of_cookies,#N/A,box_of_cookies,0,1
box_of_corn_flake-zbwzkq,1,1,box_of_corn_flake,zbwzkq,box_of_corn_flakes,#N/A,box_of_corn_flakes,0,1
box_of_granola_bar-awombj,1,1,box_of_granola_bar,awombj,box_of_granola_bars,#N/A,box_of_granola_bars,0,1
box_of_granola_bar-bqeeki,1,1,box_of_granola_bar,bqeeki,box_of_granola_bars,#N/A,box_of_granola_bars,0,1
box_of_granola_bar-lxcwrm,1,1,box_of_granola_bar,lxcwrm,box_of_granola_bars,#N/A,box_of_granola_bars,0,1
box_of_granola_bar-tqwhvz,1,1,box_of_granola_bar,tqwhvz,box_of_granola_bars,#N/A,box_of_granola_bars,0,1
box_of_sanitary_napkin-acaivd,1,1,box_of_sanitary_napkin,acaivd,box_of_sanitary_napkins,#N/A,box_of_sanitary_napkins,0,1
box_of_sanitary_napkin-arqcyu,1,1,box_of_sanitary_napkin,arqcyu,box_of_sanitary_napkins,#N/A,box_of_sanitary_napkins,0,1
box_of_sanitary_napkin-cmnpuv,1,1,box_of_sanitary_napkin,cmnpuv,box_of_sanitary_napkins,#N/A,box_of_sanitary_napkins,0,1
box_of_sanitary_napkin-frdbld,1,1,box_of_sanitary_napkin,frdbld,paper_towel_dispenser,#N/A,paper_towel_dispenser,0,1
box_of_sanitary_napkin-humkqw,1,1,box_of_sanitary_napkin,humkqw,box_of_sanitary_napkins,#N/A,box_of_sanitary_napkins,0,1
box_of_sanitary_napkin-mxdefq,1,1,box_of_sanitary_napkin,mxdefq,box_of_sanitary_napkins,#N/A,box_of_sanitary_napkins,0,1
box_of_sanitary_napkin-skltgp,1,1,box_of_sanitary_napkin,skltgp,box_of_sanitary_napkins,#N/A,box_of_sanitary_napkins,0,1
box_of_sanitary_napkin-tkrzkb,1,1,box_of_sanitary_napkin,tkrzkb,box_of_sanitary_napkins,#N/A,box_of_sanitary_napkins,0,1
box_of_sanitary_napkin-ykpeja,1,1,box_of_sanitary_napkin,ykpeja,box_of_sanitary_napkins,#N/A,box_of_sanitary_napkins,0,1
box_of_sanitary_napkin-zqinib,1,1,box_of_sanitary_napkin,zqinib,box_of_sanitary_napkins,#N/A,box_of_sanitary_napkins,0,1
box_of_tissue-ntbrtz,1,1,box_of_tissue,ntbrtz,box_of_tissues,#N/A,box_of_tissues,0,1
box_of_tissue-uglbjc,1,1,box_of_tissue,uglbjc,box_of_tissues,#N/A,box_of_tissues,0,1
box_of_tissue-xwstls,1,1,box_of_tissue,xwstls,box_of_tissues,#N/A,box_of_tissues,0,1
box_of_tissue-zutrxn,1,1,box_of_tissue,zutrxn,box_of_tissues,#N/A,box_of_tissues,0,1
brandy-wfflbd,1,1,brandy,wfflbd,bottle_of_whiskey,#N/A,bottle_of_whiskey,0,1
bread-gwdhyj,1,1,bread,gwdhyj,scone,bread,scone,0,1
bread-lourny,1,1,bread,lourny,sourdough,bread,sourdough,0,1
bread-ltjltm,1,1,bread,ltjltm,sourdough,bread,sourdough,0,1
bread-mtvmux,1,1,bread,mtvmux,sourdough,bread,sourdough,0,1
bread-ndcexh,1,1,bread,ndcexh,sourdough,bread,sourdough,0,1
bread-nmxadm,1,1,bread,nmxadm,toast,bread,toast,0,1
bread-pfggnm,1,1,bread,pfggnm,bread_slice,bread,bread_slice,0,1
bread-srvbxf,1,1,bread,srvbxf,sourdough,bread,sourdough,0,1
bread-xhqnuc,1,1,bread,xhqnuc,baguette,bread,baguette,0,1
bread-yedlgq,1,1,bread,yedlgq,bread_slice,bread,bread_slice,0,1
breadcrumbs-nvhvxe,1,1,breadcrumbs,nvhvxe,bag_of_breadcrumbs,#N/A,bag_of_breadcrumbs,0,1
brown_rice-tnfazj,1,1,brown_rice,tnfazj,bag_of_brown_rice,#N/A,bag_of_brown_rice,0,1
bug_repellent-qqztry,1,1,bug_repellent,qqztry,bottle_of_bug_repellent,#N/A,bottle_of_bug_repellent,0,1
bun-fqxumh,1,1,bun,fqxumh,hamburger_bun,bun,hamburger_bun,0,1
bun-jeygaq,1,1,bun,jeygaq,hamburger_bun,bun,hamburger_bun,0,1
butter-oixapu,1,1,butter,oixapu,box_of_butter,butter,box_of_butter,0,1
buttermilk-tdqppy,1,1,buttermilk,tdqppy,bottle_of_buttermilk,#N/A,bottle_of_buttermilk,0,1
cake-kxckts,1,1,cake,kxckts,fruitcake,#N/A,fruitcake,0,1
camera-zcnxuz,1,1,camera,zcnxuz,digital_camera,camera,digital_camera,0,1
can-itolcg,1,1,can,itolcg,can_of_soda,#N/A,can_of_soda,0,1
candle-bhaqam,1,1,candle,bhaqam,pillar_candle,candle,pillar_candle,0,1
candy_box-gvreky,1,1,candy_box,gvreky,box_of_candy,#N/A,box_of_candy,0,1
candy-vtxiqm,1,1,candy,vtxiqm,lollipop,candy,lollipop,0,1
canned_beans-kclbuu,1,1,canned_beans,kclbuu,can_of_beans,#N/A,can_of_beans,0,1
canned_beans-ojqgjz,1,1,canned_beans,ojqgjz,can_of_beans,#N/A,can_of_beans,0,1
canned_coffee-zubwua,1,1,canned_coffee,zubwua,can_of_coffee,#N/A,can_of_coffee,0,1
canned_corn-alphlq,1,1,canned_corn,alphlq,can_of_corn,#N/A,can_of_corn,0,1
canned_corn-kwwlfn,1,1,canned_corn,kwwlfn,can_of_corn,#N/A,can_of_corn,0,1
canned_corn-pddtfk,1,1,canned_corn,pddtfk,can_of_corn,#N/A,can_of_corn,0,1
canned_sardines-dpgmry,1,1,canned_sardines,dpgmry,can_of_sardines,#N/A,can_of_sardines,0,1
canned_tomatoes-ckdouu,1,1,canned_tomatoes,ckdouu,can_of_tomatoes,#N/A,can_of_tomatoes,0,1
canner_lid-xdvzpr,1,1,canner_lid,xdvzpr,lid,#N/A,lid,0,1
canner-yvhmex,1,1,canner,yvhmex,stockpot,#N/A,stockpot,0,1
carrot_juice-jkuhio,1,1,carrot_juice,jkuhio,bottle_of_carrot_juice,#N/A,bottle_of_carrot_juice,0,1
carrot_juice-wmchsj,1,1,carrot_juice,wmchsj,bottle_of_carrot_juice,#N/A,bottle_of_carrot_juice,0,1
cash_box-strtoe,1,1,cash_box,strtoe,cash_register,#N/A,cash_register,0,1
casserole_dish-wvsrxn,1,1,casserole_dish,wvsrxn,casserole,#N/A,casserole,1,1
catsup-ahoiqe,1,1,catsup,ahoiqe,bottle_of_catsup,#N/A,bottle_of_catsup,0,1
catsup-dmyfdf,1,1,catsup,dmyfdf,bottle_of_catsup,#N/A,bottle_of_catsup,0,1
catsup-hvxkso,1,1,catsup,hvxkso,bottle_of_catsup,#N/A,bottle_of_catsup,0,1
catsup-ialodu,1,1,catsup,ialodu,bottle_of_catsup,#N/A,bottle_of_catsup,0,1
caulk-iwhxca,1,1,caulk,iwhxca,bottle_of_caulk,#N/A,bottle_of_caulk,0,1
ceiling_ac-hapein,1,1,ceiling_ac,hapein,ceiling_air_conditioner,#N/A,ceiling_air_conditioner,0,1
ceiling-emjfnt,1,1,ceiling,emjfnt,ceilings,#N/A,ceilings,0,1
ceiling-fagehw,1,1,ceiling,fagehw,ceilings,#N/A,ceilings,0,1
cereal-dkhgxn,1,1,cereal,dkhgxn,box_of_cereal,#N/A,box_of_cereal,0,1
cereal-hcwbzw,1,1,cereal,hcwbzw,box_of_cereal,#N/A,box_of_cereal,0,1
cereal-hosfhj,1,1,cereal,hosfhj,box_of_cereal,#N/A,box_of_cereal,0,1
cereal-ihedod,1,1,cereal,ihedod,box_of_cereal,#N/A,box_of_cereal,0,1
cereal-iucshm,1,1,cereal,iucshm,box_of_cereal,#N/A,box_of_cereal,0,1
cereal-pfwgkm,1,1,cereal,pfwgkm,box_of_cereal,#N/A,box_of_cereal,0,1
cereal-qirvmd,1,1,cereal,qirvmd,box_of_cereal,#N/A,box_of_cereal,0,1
cereal-sgirte,1,1,cereal,sgirte,box_of_cereal,#N/A,box_of_cereal,0,1
cereal-surzft,1,1,cereal,surzft,box_of_cereal,#N/A,box_of_cereal,0,1
cereal-tiykku,1,1,cereal,tiykku,box_of_cereal,#N/A,box_of_cereal,0,1
cereal-wdkcbu,1,1,cereal,wdkcbu,box_of_cereal,#N/A,box_of_cereal,0,1
cereal-wrlalk,1,1,cereal,wrlalk,box_of_cereal,#N/A,box_of_cereal,0,1
cereal-ykuyqb,1,1,cereal,ykuyqb,box_of_cereal,#N/A,box_of_cereal,0,1
cereal-yorray,1,1,cereal,yorray,box_of_cereal,#N/A,box_of_cereal,0,1
chalkboard-dgcavd,1,1,chalkboard,dgcavd,blackboard,#N/A,blackboard,0,1
champagne_bottle-ahpwlg,1,1,champagne_bottle,ahpwlg,bottle_of_champagne,#N/A,bottle_of_champagne,0,1
champagne_bottle-pxaayf,1,1,champagne_bottle,pxaayf,bottle_of_champagne,#N/A,bottle_of_champagne,0,1
champagne_flute-oadvet,1,1,champagne_flute,oadvet,wineglass,#N/A,wineglass,0,1
champagne-npsevx,1,1,champagne,npsevx,bottle_of_champagne,#N/A,bottle_of_champagne,0,1
cheese-hwxeto,1,1,cheese,hwxeto,swiss_cheese,#N/A,swiss_cheese,0,1
chest-fwstpx,1,1,chest,fwstpx,cedar_chest,chest,cedar_chest,0,1
chest-gbdzls,1,1,chest,gbdzls,cedar_chest,chest,cedar_chest,0,1
chestnut-jvnilh,1,1,chestnut,jvnilh,half_chestnut,chestnut,half_chestnut,0,1
chicken_bouillon-ctzwzz,1,1,chicken_bouillon,ctzwzz,bouillon_cube,#N/A,bouillon_cube,0,1
chilli_pepper-agecro,1,1,chilli_pepper,agecro,chili_pepper,#N/A,chili_pepper,0,1
chilli_pepper-rafkbt,1,1,chilli_pepper,rafkbt,chili_pepper,#N/A,chili_pepper,0,1
chip-bryahw,1,1,chip,bryahw,bag_of_chips,chip,bag_of_chips,0,1
chip-dwkdko,1,1,chip,dwkdko,bag_of_chips,chip,bag_of_chips,0,1
chip-ennnjj,1,1,chip,ennnjj,bag_of_chips,chip,bag_of_chips,0,1
chip-jphwer,1,1,chip,jphwer,bag_of_chips,chip,bag_of_chips,0,1
chip-qstxpj,1,1,chip,qstxpj,bag_of_chips,chip,bag_of_chips,0,1
chip-uevvib,1,1,chip,uevvib,bag_of_chips,chip,bag_of_chips,0,1
chip-wnuoym,1,1,chip,wnuoym,bag_of_chips,chip,bag_of_chips,0,1
chips-obgeiz,1,1,chips,obgeiz,chip,#N/A,chip,0,1
chocolate_bar-bxgewr,1,1,chocolate_bar,bxgewr,pack_of_chocolate_bar,chocolate_bar,pack_of_chocolate_bar,0,1
chocolate_bar-tidcst,1,1,chocolate_bar,tidcst,pack_of_chocolate_bar,chocolate_bar,pack_of_chocolate_bar,0,1
chocolate_bar-wgrkhn,1,1,chocolate_bar,wgrkhn,pack_of_chocolate_bar,chocolate_bar,pack_of_chocolate_bar,0,1
chocolate_biscuit-ukcwqw,1,1,chocolate_biscuit,ukcwqw,biscuit,chocolate_biscuit,biscuit,0,1
chocolate_box-bdvkbh,1,1,chocolate_box,bdvkbh,box_of_chocolates,#N/A,box_of_chocolates,0,1
chocolate_box-dlhqft,1,1,chocolate_box,dlhqft,box_of_chocolates,#N/A,box_of_chocolates,0,1
chocolate_box-jodwfv,1,1,chocolate_box,jodwfv,box_of_chocolates,#N/A,box_of_chocolates,0,1
chocolate_box-mlmrwy,1,1,chocolate_box,mlmrwy,box_of_chocolates,#N/A,box_of_chocolates,0,1
chocolate_cake_slice-unwjgp,1,1,chocolate_cake_slice,unwjgp,sliced_chocolate_cake,#N/A,sliced_chocolate_cake,0,1
chocolate_milk-nyegzr,1,1,chocolate_milk,nyegzr,carton_of_chocolate_milk,#N/A,carton_of_chocolate_milk,0,1
chocolate_syrup-tsyldw,1,1,chocolate_syrup,tsyldw,bottle_of_chocolate_sauce,#N/A,bottle_of_chocolate_sauce,0,1
chocolate-dxnisi,1,1,chocolate,dxnisi,chocolate_bar,#N/A,chocolate_bar,0,1
chopblock-cvkfkz,1,1,chopblock,cvkfkz,cutting_board,#N/A,cutting_board,0,1
chopsticks-bcwuwv,1,1,chopsticks,bcwuwv,chopstick,#N/A,chopstick,0,1
chopsticks-hljerm,1,1,chopsticks,hljerm,chopstick,#N/A,chopstick,0,1
cigarette_pack-ajphvf,1,1,cigarette_pack,ajphvf,pack_of_cigarettes,#N/A,pack_of_cigarettes,0,1
cigarette_pack-cfmlhf,1,1,cigarette_pack,cfmlhf,pack_of_cigarettes,#N/A,pack_of_cigarettes,0,1
cigarette_pack-dthkix,1,1,cigarette_pack,dthkix,pack_of_cigarettes,#N/A,pack_of_cigarettes,0,1
cigarette_pack-ghbqav,1,1,cigarette_pack,ghbqav,pack_of_cigarettes,#N/A,pack_of_cigarettes,0,1
cigarette_pack-gzxueq,1,1,cigarette_pack,gzxueq,pack_of_cigarettes,#N/A,pack_of_cigarettes,0,1
cigarette_pack-hmhqkq,1,1,cigarette_pack,hmhqkq,pack_of_cigarettes,#N/A,pack_of_cigarettes,0,1
cigarette_pack-ipmejr,1,1,cigarette_pack,ipmejr,pack_of_cigarettes,#N/A,pack_of_cigarettes,0,1
cigarette_pack-kienyo,1,1,cigarette_pack,kienyo,pack_of_cigarettes,#N/A,pack_of_cigarettes,0,1
cigarette_pack-ohpqua,1,1,cigarette_pack,ohpqua,pack_of_cigarettes,#N/A,pack_of_cigarettes,0,1
cigarette_pack-ppbmak,1,1,cigarette_pack,ppbmak,pack_of_cigarettes,#N/A,pack_of_cigarettes,0,1
cigarette_pack-qabdgg,1,1,cigarette_pack,qabdgg,pack_of_cigarettes,#N/A,pack_of_cigarettes,0,1
cigarette_pack-qldhnm,1,1,cigarette_pack,qldhnm,pack_of_cigarettes,#N/A,pack_of_cigarettes,0,1
cigarette_pack-rmrubd,1,1,cigarette_pack,rmrubd,pack_of_cigarettes,#N/A,pack_of_cigarettes,0,1
cigarette_pack-tngixy,1,1,cigarette_pack,tngixy,pack_of_cigarettes,#N/A,pack_of_cigarettes,0,1
cigarette_pack-wjfbhw,1,1,cigarette_pack,wjfbhw,pack_of_cigarettes,#N/A,pack_of_cigarettes,0,1
cigarette_pack-wpmpcf,1,1,cigarette_pack,wpmpcf,pack_of_cigarettes,#N/A,pack_of_cigarettes,0,1
ciigarette-oejihn,1,1,ciigarette,oejihn,cigarette,#N/A,cigarette,0,1
citrus-andair,1,1,citrus,andair,sliced_lemon,#N/A,sliced_lemon,0,1
citrus-gcjjjt,1,1,citrus,gcjjjt,sliced_lemon,#N/A,sliced_lemon,0,1
citrus-uvncuu,1,1,citrus,uvncuu,sliced_lemon,#N/A,sliced_lemon,0,1
clam-nekgsq,1,1,clam,nekgsq,seashell,#N/A,seashell,0,1
cleaner-svzbeq,1,1,cleaner,svzbeq,bottle_of_cleaner,#N/A,bottle_of_cleaner,0,1
clock-zpctvp,1,1,clock,zpctvp,wall_clock,#N/A,wall_clock,0,1
clove-thigpl,1,1,clove,thigpl,garlic,clove,garlic,0,1
cloves-saombi,1,1,cloves,saombi,clove,#N/A,clove,0,1
coffee_filter-kizndy,1,1,coffee_filter,kizndy,paper_coffee_filter,#N/A,paper_coffee_filter,0,1
coat-brebdk,1,1,coat,brebdk,jacket,coat,jacket,0,1
coat-kiiium,1,1,coat,kiiium,jacket,coat,jacket,0,1
coat-remcyk,1,1,coat,remcyk,jacket,coat,jacket,0,1
cocoa_powder-ganhpw,1,1,cocoa_powder,ganhpw,bottle_of_cocoa,#N/A,bottle_of_cocoa,0,1
coconut_milk-dagbyl,1,1,coconut_milk,dagbyl,box_of_coconut_milk,#N/A,box_of_coconut_milk,0,1
coconut_milk-idenxg,1,1,coconut_milk,idenxg,bottle_of_coconut_milk,#N/A,bottle_of_coconut_milk,0,1
coconut_oil-rrwzkq,1,1,coconut_oil,rrwzkq,bottle_of_coconut_oil,#N/A,bottle_of_coconut_oil,0,1
coconut_water-lsixio,1,1,coconut_water,lsixio,bottle_of_coconut_water,#N/A,bottle_of_coconut_water,0,1
coconut-nnankv,1,1,coconut,nnankv,half_coconut_fruit,#N/A,half_coconut_fruit,0,1
coconut-qwriih,1,1,coconut,qwriih,coconut_fruit,#N/A,coconut_fruit,0,1
coconut-txtabm,1,1,coconut,txtabm,half_coconut_fruit,#N/A,half_coconut_fruit,0,1
coffee_box-mreyla,1,1,coffee_box,mreyla,box_of_coffee,#N/A,box_of_coffee,0,1
coffee_box-poteji,1,1,coffee_box,poteji,box_of_coffee,#N/A,box_of_coffee,0,1
coffee-cjtadw,1,1,coffee,cjtadw,box_of_coffee,#N/A,box_of_coffee,0,1
coke_bottle-bmtvvb,1,1,coke_bottle,bmtvvb,bottle_of_coke,#N/A,bottle_of_coke,0,1
coke_bottle-uqusgj,1,1,coke_bottle,uqusgj,bottle_of_coke,#N/A,bottle_of_coke,0,1
cologne-lyipur,1,1,cologne,lyipur,bottle_of_cologne,#N/A,bottle_of_cologne,0,1
conch_shell-snrgok,1,1,conch_shell,snrgok,seashell,#N/A,seashell,0,1
conditioner-elofnb,1,1,conditioner,elofnb,conditioner_dispenser,#N/A,conditioner_dispenser,0,1
conditioner-njqnuo,1,1,conditioner,njqnuo,bottle_of_conditioner,#N/A,bottle_of_conditioner,0,1
conditioner-udeflt,1,1,conditioner,udeflt,conditioner_dispenser,#N/A,conditioner_dispenser,0,1
conditioner-uncljo,1,1,conditioner,uncljo,conditioner_dispenser,#N/A,conditioner_dispenser,0,1
container_date-qqddba,1,1,container_date,qqddba,date,#N/A,date,0,1
cooked_ham-jqfkdb,1,1,cooked_ham,jqfkdb,virginia_ham,#N/A,virginia_ham,0,1
cookie-dajnau,1,1,cookie,dajnau,chocolate_chip_cookie,#N/A,chocolate_chip_cookie,0,1
cookie-fwnyas,1,1,cookie,fwnyas,chocolate_biscuit,#N/A,chocolate_biscuit,0,1
cookie-ggpang,1,1,cookie,ggpang,chocolate_chip_cookie,#N/A,chocolate_chip_cookie,0,1
cookie-oyhoth,1,1,cookie,oyhoth,chocolate_chip_cookie,#N/A,chocolate_chip_cookie,0,1
cookie-xhmpht,1,1,cookie,xhmpht,chocolate_biscuit,#N/A,chocolate_biscuit,0,1
cooking_oil-ywrkyg,1,1,cooking_oil,ywrkyg,bottle_of_cooking_oil,#N/A,bottle_of_cooking_oil,0,1
cooking_spray-izwycf,1,1,cooking_spray,izwycf,bottle_of_cooking_oil,#N/A,bottle_of_cooking_oil,0,1
corn-qtesku,1,1,corn,qtesku,sweet_corn,#N/A,sweet_corn,0,1
corn-srlqrg,1,1,corn,srlqrg,sweet_corn,#N/A,sweet_corn,0,1
cpu_board-xlqvil,1,1,cpu_board,xlqvil,boxed_cpu_board,#N/A,boxed_cpu_board,0,1
cracker_box-cmdigf,1,1,cracker_box,cmdigf,box_of_crackers,#N/A,box_of_crackers,0,1
cracker-kukrla,1,1,cracker,kukrla,butter_cookie,#N/A,butter_cookie,0,1
cranberry_juice_bottle-heoxnw,1,1,cranberry_juice_bottle,heoxnw,bottle_of_cranberry_juice,#N/A,bottle_of_cranberry_juice,0,1
crate-cjhskr,1,1,crate,cjhskr,packing_box,#N/A,packing_box,0,1
cream_pitcher-wmkwhg,1,1,cream_pitcher,wmkwhg,pitcher,#N/A,pitcher,0,1
cream-ompiss,1,1,cream,ompiss,pitcher,#N/A,pitcher,0,1
cream-ynwxtx,1,1,cream,ynwxtx,bottle_of_skin_cream,#N/A,bottle_of_skin_cream,0,1
creamer_single-njrpai,1,1,creamer_single,njrpai,box_of_cream,#N/A,box_of_cream,0,1
crushed_chili_pepper-hjalqq,1,1,crushed_chili_pepper,hjalqq,bottle_of_chili_pepper,#N/A,bottle_of_chili_pepper,0,1
cucumber_slice-diiokc,1,1,cucumber_slice,diiokc,sliced_cucumber,#N/A,sliced_cucumber,0,1
cucumber-ojnoxi,1,1,cucumber,ojnoxi,sliced_cucumber,cucumber,sliced_cucumber,0,1
cumin-tsktnz,1,1,cumin,tsktnz,jar_of_cumin,#N/A,jar_of_cumin,0,1
cup-ckkwmj,1,1,cup,ckkwmj,coffee_cup,cup,coffee_cup,0,1
cup-cpozxi,1,1,cup,cpozxi,teacup,cup,teacup,0,1
cup-dkxddg,1,1,cup,dkxddg,coffee_cup,cup,coffee_cup,0,1
cup-lpanoc,1,1,cup,lpanoc,teacup,cup,teacup,0,1
cup-nhzrei,1,1,cup,nhzrei,coffee_cup,cup,coffee_cup,0,1
cup-nzdsmu,1,1,cup,nzdsmu,basket,cup,basket,1,1
cup-rypdvd,1,1,cup,rypdvd,coffee_cup,cup,coffee_cup,0,1
cup-vckahe,1,1,cup,vckahe,teacup,cup,teacup,0,1
cup-ykuftq,1,1,cup,ykuftq,coffee_cup,cup,coffee_cup,0,1
curry_powder-ozhftu,1,1,curry_powder,ozhftu,jar_of_curry_powder,#N/A,jar_of_curry_powder,0,1
custard_bowl-kasebx,1,1,custard_bowl,kasebx,bowl,#N/A,bowl,0,1
degreaser-miqtui,1,1,degreaser,miqtui,bottle_of_degreaser,#N/A,bottle_of_degreaser,0,1
deicer-xepoez,1,1,deicer,xepoez,bottle_of_deicer,#N/A,bottle_of_deicer,0,1
deodorant-albeyc,1,1,deodorant,albeyc,deodorant_stick,#N/A,deodorant_stick,0,1
detergent-gkpmii,1,1,detergent,gkpmii,bottle_of_detergent,#N/A,bottle_of_detergent,0,1
detergent-qjkmhq,1,1,detergent,qjkmhq,bottle_of_detergent,#N/A,bottle_of_detergent,0,1
dill_seed-reavkt,1,1,dill_seed,reavkt,jar_of_dill_seed,#N/A,jar_of_dill_seed,0,1
dish_soap_bottle-bnmixt,1,1,dish_soap_bottle,bnmixt,bottle_of_dish_soap,#N/A,bottle_of_dish_soap,0,1
disposable_container-glwebh,1,1,disposable_container,glwebh,tray,#N/A,tray,0,1
document-qkrlsi,1,1,document,qkrlsi,legal_document,document,legal_document,0,1
dog_food_bowl-fedafr,1,1,dog_food_bowl,fedafr,bowl,#N/A,bowl,0,1
dough-pewqae,1,1,dough,pewqae,cookie_dough,#N/A,cookie_dough,0,1
dryer-fhtvuq,1,1,dryer,fhtvuq,clothes_dryer,#N/A,clothes_dryer,0,1
dryer-jasnzj,1,1,dryer,jasnzj,clothes_dryer,#N/A,clothes_dryer,0,1
dryer-smcyys,1,1,dryer,smcyys,clothes_dryer,#N/A,clothes_dryer,0,1
dryer-tpqzai,1,1,dryer,tpqzai,clothes_dryer,#N/A,clothes_dryer,0,1
dryer-wivnic,1,1,dryer,wivnic,clothes_dryer,#N/A,clothes_dryer,0,1
dryer-xsuyua,1,1,dryer,xsuyua,clothes_dryer,#N/A,clothes_dryer,0,1
dryer-zlmnfg,1,1,dryer,zlmnfg,clothes_dryer,#N/A,clothes_dryer,0,1
duvet-cgvbka,1,1,duvet,cgvbka,quilt,#N/A,quilt,0,1
duvet-ednhzg,1,1,duvet,ednhzg,quilt,#N/A,quilt,0,1
egg_carton-rixhgu,1,1,egg_carton,rixhgu,carton_of_eggs,#N/A,carton_of_eggs,0,1
egg_carton-stxfxb,1,1,egg_carton,stxfxb,carton_of_eggs,#N/A,carton_of_eggs,0,1
egg_carton-tacdgl,1,1,egg_carton,tacdgl,carton_of_eggs,#N/A,carton_of_eggs,0,1
egg-mimzbz,1,1,egg,mimzbz,carton_of_eggs,egg,carton_of_eggs,0,1
engagement_ring-acpgha,1,1,engagement_ring,acpgha,ring,#N/A,ring,0,1
eraser-cungod,1,1,eraser,cungod,rubber_eraser,#N/A,rubber_eraser,0,1
espresso_machine-tysouc,1,1,espresso_machine,tysouc,coffee_maker,#N/A,coffee_maker,0,1
essential_oil-eyyhld,1,1,essential_oil,eyyhld,bottle_of_essential_oil,#N/A,bottle_of_essential_oil,0,1
essential_oil-wansva,1,1,essential_oil,wansva,bottle_of_essential_oil,#N/A,bottle_of_essential_oil,0,1
essential_oil-xhoipk,1,1,essential_oil,xhoipk,bottle_of_essential_oil,#N/A,bottle_of_essential_oil,0,1
essential_oil-xvqshn,1,1,essential_oil,xvqshn,bottle_of_essential_oil,#N/A,bottle_of_essential_oil,0,1
essential_oil-yjxvpg,1,1,essential_oil,yjxvpg,bottle_of_essential_oil,#N/A,bottle_of_essential_oil,0,1
evergreen_tree-fyqisc,1,1,evergreen_tree,fyqisc,tree,#N/A,tree,0,1
fabric_softener-rmrnev,1,1,fabric_softener,rmrnev,bottle_of_fabric_softener,#N/A,bottle_of_fabric_softener,0,1
face_cream-dztaed,1,1,face_cream,dztaed,bottle_of_face_cream,#N/A,bottle_of_face_cream,0,1
faucet-lqfzkv,1,1,faucet,lqfzkv,water_faucet,#N/A,water_faucet,0,1
fennel-ihlkfu,1,1,fennel,ihlkfu,bottle_of_fennel,fennel,bottle_of_fennel,0,1
fertilizer_bag-rqpgrk,1,1,fertilizer_bag,rqpgrk,bag_of_fertilizer,#N/A,bag_of_fertilizer,0,1
firework-moxhuh,1,1,firework,moxhuh,skyrocket,#N/A,skyrocket,0,1
flask-ttxunv,1,1,flask,ttxunv,canteen,#N/A,canteen,0,1
floor_hanger-tcnxtu,1,1,floor_hanger,tcnxtu,coatrack,#N/A,coatrack,0,1
flour-fntqmd,1,1,flour,fntqmd,bag_of_flour,#N/A,bag_of_flour,0,1
flour-ylezpk,1,1,flour,ylezpk,box_of_flour,#N/A,box_of_flour,0,1
foot_rule-ckywbx,1,1,foot_rule,ckywbx,ruler,#N/A,ruler,0,1
foot_rule-rutqab,1,1,foot_rule,rutqab,ruler,#N/A,ruler,0,1
foot_rule-swlgkg,1,1,foot_rule,swlgkg,set_triangle,#N/A,set_triangle,0,1
foot_rule-ujizkx,1,1,foot_rule,ujizkx,ruler,#N/A,ruler,0,1
foot_rule-vmnaih,1,1,foot_rule,vmnaih,ruler,#N/A,ruler,0,1
fork-ptqjqv,1,1,fork,ptqjqv,tablefork,#N/A,tablefork,0,1
frosting_bottle-eqdsmn,1,1,frosting_bottle,eqdsmn,bottle_of_frosting,#N/A,bottle_of_frosting,0,1
fruit_punch-azcigi,1,1,fruit_punch,azcigi,bottle_of_fruit_punch,#N/A,bottle_of_fruit_punch,0,1
fruit_punch-ykfnwi,1,1,fruit_punch,ykfnwi,bottle_of_fruit_punch,#N/A,bottle_of_fruit_punch,0,1
fry_holder-bvavlr,1,1,fry_holder,bvavlr,french_fry_holder,#N/A,french_fry_holder,0,1
garlic_sauce-ucnmax,1,1,garlic_sauce,ucnmax,bottle_of_garlic_sauce,#N/A,bottle_of_garlic_sauce,0,1
gift_bag-wvhmww,1,1,gift_bag,wvhmww,paper_bag,#N/A,paper_bag,0,1
gin_bottle-qzgcdx,1,1,gin_bottle,qzgcdx,bottle_of_gin,#N/A,bottle_of_gin,0,1
ginger_beer-zkocwb,1,1,ginger_beer,zkocwb,bottle_of_ginger_beer,#N/A,bottle_of_ginger_beer,0,1
ginger-drqhzo,1,1,ginger,drqhzo,bottle_of_ginger,#N/A,bottle_of_ginger,0,1
ginger-wqcasl,1,1,ginger,wqcasl,ginger_root,#N/A,ginger_root,0,1
glass_cleaner-yukmlw,1,1,glass_cleaner,yukmlw,bottle_of_glass_cleaner,#N/A,bottle_of_glass_cleaner,0,1
glass-bnored,1,1,glass,bnored,wineglass,glass,wineglass,0,1
glass-ewgotr,1,1,glass,ewgotr,water_glass,glass,water_glass,0,1
glass-mbrlge,1,1,glass,mbrlge,pitcher,glass,pitcher,0,1
glass-nfoydb,1,1,glass,nfoydb,water_glass,glass,water_glass,0,1
glass-slscza,1,1,glass,slscza,water_glass,glass,water_glass,0,1
glove-crbvcg,1,1,glove,crbvcg,rubber_glove,glove,rubber_glove,0,1
glove-feadfc,1,1,glove,feadfc,rubber_glove,glove,rubber_glove,0,1
glove-hsaxtc,1,1,glove,hsaxtc,rubber_glove,glove,rubber_glove,0,1
glove-leuiso,1,1,glove,leuiso,rubber_glove,glove,rubber_glove,0,1
glove-rlzvry,1,1,glove,rlzvry,rubber_glove,glove,rubber_glove,0,1
glue-evtytd,1,1,glue,evtytd,bottle_of_glue,#N/A,bottle_of_glue,0,1
granola_pile-mwhrhm,1,1,granola_pile,mwhrhm,heap_of_granola,#N/A,heap_of_granola,0,1
grass_patch-kqhokv,1,1,grass_patch,kqhokv,bunchgrass,#N/A,bunchgrass,0,1
gravel_pile-kcsyrn,1,1,gravel_pile,kcsyrn,heap_of_gravel,#N/A,heap_of_gravel,0,1
green_onion_chopped-fjafda,1,1,green_onion_chopped,fjafda,diced_green_onion,#N/A,diced_green_onion,0,1
green_onion_chopped-iwoaoo,1,1,green_onion_chopped,iwoaoo,diced_green_onion,#N/A,diced_green_onion,0,1
green_onion_chopped-lwuaas,1,1,green_onion_chopped,lwuaas,diced_green_onion,#N/A,diced_green_onion,0,1
grocery_bag-ruryqd,1,1,grocery_bag,ruryqd,paper_bag,#N/A,paper_bag,0,1
ground_clove-vzamzb,1,1,ground_clove,vzamzb,bottle_of_ground_cloves,#N/A,bottle_of_ground_cloves,0,1
ground_mace-lgpxro,1,1,ground_mace,lgpxro,bottle_of_ground_mace,#N/A,bottle_of_ground_mace,0,1
ground_nutmeg-qebruq,1,1,ground_nutmeg,qebruq,bottle_of_ground_nutmeg,#N/A,bottle_of_ground_nutmeg,0,1
hair_conditioner-teafxb,1,1,hair_conditioner,teafxb,bottle_of_conditioner,#N/A,bottle_of_conditioner,0,1
hamburger-rerdmy,1,1,hamburger,rerdmy,wrapped_hamburger,hamburger,wrapped_hamburger,0,1
hazlenut-rhfksw,1,1,hazlenut,rhfksw,hazelnut,#N/A,hazelnut,0,1
highlighter-tcsmqv,1,1,highlighter,tcsmqv,marker,#N/A,marker,0,1
hiking_boots-ljiila,1,1,hiking_boots,ljiila,hiking_boot,#N/A,hiking_boot,0,1
holly-shmkir,1,1,holly,shmkir,holly_decoration,#N/A,holly_decoration,0,1
honey_jar-wdxfaq,1,1,honey_jar,wdxfaq,jar_of_honey,#N/A,jar_of_honey,0,1
hook-mdnfjr,1,1,hook,mdnfjr,coatrack,hook,coatrack,0,1
hose-gavrvw,1,1,hose,gavrvw,hose_cart,#N/A,hose_cart,0,1
hot_sauce-zqhkzh,1,1,hot_sauce,zqhkzh,bottle_of_hot_sauce,#N/A,bottle_of_hot_sauce,0,1
hotdog-dvoeyy,1,1,hotdog,dvoeyy,hotdog_frank,#N/A,hotdog_frank,0,1
hutch-svhjxd,1,1,hutch,svhjxd,desk,#N/A,desk,0,1
ink_cartridge-ltblou,1,1,ink_cartridge,ltblou,boxed_ink_cartridge,#N/A,boxed_ink_cartridge,0,1
ink_cartridge-oepuip,1,1,ink_cartridge,oepuip,boxed_ink_cartridge,#N/A,boxed_ink_cartridge,0,1
ink_cartridge-oinelo,1,1,ink_cartridge,oinelo,boxed_ink_cartridge,#N/A,boxed_ink_cartridge,0,1
ink_jar-gcyvrx,1,1,ink_jar,gcyvrx,jar_of_ink,#N/A,jar_of_ink,0,1
isopropanol-mjcbfc,1,1,isopropanol,mjcbfc,isopropanol_dispenser,#N/A,isopropanol_dispenser,0,1
jam-vxjbjf,1,1,jam,vxjbjf,jar_of_jam,#N/A,jar_of_jam,0,1
jar-fyfahz,1,1,jar,fyfahz,jar_of_grains,jar,jar_of_grains,0,1
jar-gtnmis,1,1,jar,gtnmis,jar_of_grains,jar,jar_of_grains,0,1
jar-irqkdw,1,1,jar,irqkdw,jar_of_grains,jar,jar_of_grains,0,1
jar-jbhdeu,1,1,jar,jbhdeu,jar_of_grains,jar,jar_of_grains,0,1
jar-lnxzuy,1,1,jar,lnxzuy,jar_of_grains,jar,jar_of_grains,0,1
jar-nzcbda,1,1,jar,nzcbda,jar_of_pepper,jar,jar_of_pepper,0,1
jar-piemou,1,1,jar,piemou,jar_of_grains,jar,jar_of_grains,0,1
jar-pluujx,1,1,jar,pluujx,jar_of_grains,jar,jar_of_grains,0,1
jar-qzwijs,1,1,jar,qzwijs,jar_of_grains,jar,jar_of_grains,0,1
jar-rdngsc,1,1,jar,rdngsc,jar_of_grains,jar,jar_of_grains,0,1
jar-uydvnv,1,1,jar,uydvnv,jar_of_grains,jar,jar_of_grains,0,1
jar-vuolos,1,1,jar,vuolos,jar_of_grains,jar,jar_of_grains,0,1
jar-vzwhbg,1,1,jar,vzwhbg,jar_of_grains,jar,jar_of_grains,0,1
jar-wvgsqk,1,1,jar,wvgsqk,jar_of_grains,jar,jar_of_grains,0,1
jar-xebmcy,1,1,jar,xebmcy,jar_of_grains,jar,jar_of_grains,0,1
jar-xrirkq,1,1,jar,xrirkq,jar_of_grains,jar,jar_of_grains,0,1
jar-ykrdzg,1,1,jar,ykrdzg,jar_of_grains,jar,jar_of_grains,0,1
jar-zqoboc,1,1,jar,zqoboc,jar_of_grains,jar,jar_of_grains,0,1
jelly_jar-ytlmmb,1,1,jelly_jar,ytlmmb,jar_of_jelly,#N/A,jar_of_jelly,0,1
jewel-syneus,1,1,jewel,syneus,ruby,#N/A,ruby,0,1
jewelry_cleaner-ykzonz,1,1,jewelry_cleaner,ykzonz,bottle_of_cleaner,#N/A,bottle_of_cleaner,0,1
jewelry-vbiegx,1,1,jewelry,vbiegx,bracelet,#N/A,bracelet,0,1
juice-bbewjo,1,1,juice,bbewjo,pitcher,#N/A,pitcher,0,1
ketchup-bcqfxb,1,1,ketchup,bcqfxb,bottle_of_catsup,#N/A,bottle_of_catsup,0,1
kettle-tsyims,1,1,kettle,tsyims,pitcher,kettle,pitcher,0,1
kettle-tzbnmh,1,1,kettle,tzbnmh,pitcher,kettle,pitcher,0,1
kielbasa-bhkkiq,1,1,kielbasa,bhkkiq,pack_of_kielbasa,#N/A,pack_of_kielbasa,0,1
kielbasa-biokqz,1,1,kielbasa,biokqz,pack_of_kielbasa,#N/A,pack_of_kielbasa,0,1
kielbasa-bzlsuh,1,1,kielbasa,bzlsuh,pack_of_kielbasa,#N/A,pack_of_kielbasa,0,1
kielbasa-ckzejj,1,1,kielbasa,ckzejj,pack_of_kielbasa,#N/A,pack_of_kielbasa,0,1
kielbasa-dgodnn,1,1,kielbasa,dgodnn,pack_of_kielbasa,#N/A,pack_of_kielbasa,0,1
kielbasa-femhoz,1,1,kielbasa,femhoz,pack_of_kielbasa,#N/A,pack_of_kielbasa,0,1
kielbasa-fwqdoy,1,1,kielbasa,fwqdoy,pack_of_kielbasa,#N/A,pack_of_kielbasa,0,1
kielbasa-gmwwsh,1,1,kielbasa,gmwwsh,pack_of_kielbasa,#N/A,pack_of_kielbasa,0,1
kielbasa-herxxh,1,1,kielbasa,herxxh,pack_of_kielbasa,#N/A,pack_of_kielbasa,0,1
kielbasa-ktjjlo,1,1,kielbasa,ktjjlo,pack_of_kielbasa,#N/A,pack_of_kielbasa,0,1
kielbasa-lwrdjd,1,1,kielbasa,lwrdjd,pack_of_kielbasa,#N/A,pack_of_kielbasa,0,1
kielbasa-nhkuzn,1,1,kielbasa,nhkuzn,pack_of_kielbasa,#N/A,pack_of_kielbasa,0,1
kielbasa-nqtltw,1,1,kielbasa,nqtltw,pack_of_kielbasa,#N/A,pack_of_kielbasa,0,1
kielbasa-qwdfea,1,1,kielbasa,qwdfea,pack_of_kielbasa,#N/A,pack_of_kielbasa,0,1
kielbasa-rvhpal,1,1,kielbasa,rvhpal,pack_of_kielbasa,#N/A,pack_of_kielbasa,0,1
kielbasa-twgpur,1,1,kielbasa,twgpur,pack_of_kielbasa,#N/A,pack_of_kielbasa,0,1
kiosk-yoacgd,1,1,kiosk,yoacgd,farm_stand,#N/A,farm_stand,0,1
kitchen_scales-tqvnpo,1,1,kitchen_scales,tqvnpo,kitchen_analog_scale,#N/A,kitchen_analog_scale,0,1
knife-lwpdhi,1,1,knife,lwpdhi,parer,#N/A,parer,0,1
knife-taclqe,1,1,knife,taclqe,parer,#N/A,parer,0,1
knife-zpkhwi,1,1,knife,zpkhwi,parer,#N/A,parer,0,1
label-bxailw,1,1,label,bxailw,tag,#N/A,tag,0,1
lacquer-cykzcp,1,1,lacquer,cykzcp,bottle_of_lacquer,#N/A,bottle_of_lacquer,0,1
ladle-wrctgd,1,1,ladle,wrctgd,soup_ladle,#N/A,soup_ladle,0,1
laurel_leaf-blazyi,1,1,laurel_leaf,blazyi,bay_leaf,#N/A,bay_leaf,0,1
laurel_leaf-cdhuzx,1,1,laurel_leaf,cdhuzx,bay_leaf,#N/A,bay_leaf,0,1
laurel_leaf-cwnnyb,1,1,laurel_leaf,cwnnyb,bay_leaf,#N/A,bay_leaf,0,1
laurel_leaf-dffqtk,1,1,laurel_leaf,dffqtk,bay_leaf,#N/A,bay_leaf,0,1
laurel_leaf-dwqqxh,1,1,laurel_leaf,dwqqxh,bay_leaf,#N/A,bay_leaf,0,1
laurel_leaf-ghcnzp,1,1,laurel_leaf,ghcnzp,bay_leaf,#N/A,bay_leaf,0,1
laurel_leaf-llmoti,1,1,laurel_leaf,llmoti,bay_leaf,#N/A,bay_leaf,0,1
laurel_leaf-rqtlsv,1,1,laurel_leaf,rqtlsv,bay_leaf,#N/A,bay_leaf,0,1
laurel_leaf-xofecb,1,1,laurel_leaf,xofecb,bay_leaf,#N/A,bay_leaf,0,1
lavender_oil-csalbx,1,1,lavender_oil,csalbx,bottle_of_lavender_oil,#N/A,bottle_of_lavender_oil,0,1
leather_boots-ejwnhl,1,1,leather_boots,ejwnhl,rubber_boot,#N/A,rubber_boot,0,1
left_bookend-hlpgle,1,1,left_bookend,hlpgle,bookend,#N/A,bookend,0,1
left_bookend-huxmnl,1,1,left_bookend,huxmnl,bookend,#N/A,bookend,0,1
left_bookend-jtodol,1,1,left_bookend,jtodol,bookend,#N/A,bookend,0,1
left_bookend-oxfecv,1,1,left_bookend,oxfecv,bookend,#N/A,bookend,0,1
left_bookend-ygynyq,1,1,left_bookend,ygynyq,bookend,#N/A,bookend,0,1
leggings-izafif,1,1,leggings,izafif,legging,#N/A,legging,0,1
lemon_juice_bottle-vsjter,1,1,lemon_juice_bottle,vsjter,bottle_of_lemon_juice,#N/A,bottle_of_lemon_juice,0,1
lemon_sauce-iyijeb,1,1,lemon_sauce,iyijeb,bottle_of_lemon_sauce,#N/A,bottle_of_lemon_sauce,0,1
lemon_tree-blovxk,1,1,lemon_tree,blovxk,tree,#N/A,tree,0,1
lemon-brmhaw,1,1,lemon,brmhaw,sliced_lemon,lemon,sliced_lemon,0,1
lemon-dladkr,1,1,lemon,dladkr,sliced_lemon,lemon,sliced_lemon,0,1
lemon-gikfar,1,1,lemon,gikfar,sliced_lemon,lemon,sliced_lemon,0,1
lemon-kafipe,1,1,lemon,kafipe,sliced_lemon,lemon,sliced_lemon,0,1
lemon-wouoym,1,1,lemon,wouoym,half_lemon,lemon,half_lemon,0,1
lemon-zdvobn,1,1,lemon,zdvobn,sliced_lemon,lemon,sliced_lemon,0,1
lens-wbzzjl,1,1,lens,wbzzjl,digital_camera,#N/A,digital_camera,0,1
lime_juice-ouuhaa,1,1,lime_juice,ouuhaa,bottle_of_lime_juice,#N/A,bottle_of_lime_juice,0,1
lime-dtyjkb,1,1,lime,dtyjkb,sliced_lime,lime,sliced_lime,0,1
lime-wdadtn,1,1,lime,wdadtn,sliced_lime,lime,sliced_lime,0,1
liquid_soap_bottle-bhquvg,1,1,liquid_soap_bottle,bhquvg,bottle_of_liquid_soap,#N/A,bottle_of_liquid_soap,0,1
litter_boxh-rwnakn,1,1,litter_boxh,rwnakn,litter_box,#N/A,litter_box,0,1
lotion-ixfuxm,1,1,lotion,ixfuxm,tube_of_lotion,#N/A,tube_of_lotion,0,1
lotion-tkryrh,1,1,lotion,tkryrh,bottle_of_lotion,#N/A,bottle_of_lotion,0,1
lubricant-bjfgim,1,1,lubricant,bjfgim,bottle_of_lubricant,#N/A,bottle_of_lubricant,0,1
lunch_box_lid-iuhvrv,1,1,lunch_box_lid,iuhvrv,lid,#N/A,lid,0,1
maple_syrup-qfgewi,1,1,maple_syrup,qfgewi,bottle_of_maple_syrup,#N/A,bottle_of_maple_syrup,0,1
martini-xevdnl,1,1,martini,xevdnl,cocktail_glass,#N/A,cocktail_glass,0,1
mat-mayaur,1,1,mat,mayaur,place_mat,mat,place_mat,0,1
mayonnaise-cirpak,1,1,mayonnaise,cirpak,bottle_of_mayonnaise,#N/A,bottle_of_mayonnaise,0,1
mayonnaise-gjwjet,1,1,mayonnaise,gjwjet,bottle_of_mayonnaise,#N/A,bottle_of_mayonnaise,0,1
mayonnaise-ktmjvg,1,1,mayonnaise,ktmjvg,jar_of_mayonnaise,#N/A,jar_of_mayonnaise,0,1
medicine-egondf,1,1,medicine,egondf,bottle_of_medicine,#N/A,bottle_of_medicine,0,1
medicine-fmfwng,1,1,medicine,fmfwng,bottle_of_medicine,#N/A,bottle_of_medicine,0,1
medicine-hvocpc,1,1,medicine,hvocpc,bottle_of_medicine,#N/A,bottle_of_medicine,0,1
medicine-kasbsy,1,1,medicine,kasbsy,bottle_of_medicine,#N/A,bottle_of_medicine,0,1
medicine-kqkwoq,1,1,medicine,kqkwoq,bottle_of_medicine,#N/A,bottle_of_medicine,0,1
medicine-qqsukh,1,1,medicine,qqsukh,bottle_of_medicine,#N/A,bottle_of_medicine,0,1
medicine-syfpak,1,1,medicine,syfpak,bottle_of_medicine,#N/A,bottle_of_medicine,0,1
medicine-zfbnjh,1,1,medicine,zfbnjh,bottle_of_medicine,#N/A,bottle_of_medicine,0,1
melon-diflgd,1,1,melon,diflgd,watermelon,#N/A,watermelon,0,1
melon-hqbjke,1,1,melon,hqbjke,watermelon,#N/A,watermelon,0,1
melon-idsani,1,1,melon,idsani,sliced_melon,#N/A,sliced_melon,0,1
melon-quxcke,1,1,melon,quxcke,sliced_melon,#N/A,sliced_melon,0,1
mesh_bag-pdzaca,1,1,mesh_bag,pdzaca,hamper,#N/A,hamper,0,1
milk_bottle-gchrwu,1,1,milk_bottle,gchrwu,bottle_of_milk,#N/A,bottle_of_milk,0,1
milk-xbvdpc,1,1,milk,xbvdpc,jug_of_milk,#N/A,jug_of_milk,0,1
milkshake-naxqya,1,1,milkshake,naxqya,bottle_of_milkshake,#N/A,bottle_of_milkshake,0,1
mix-blrqqz,1,1,mix,blrqqz,can_of_baking_mix,#N/A,can_of_baking_mix,0,1
mix-fmewsz,1,1,mix,fmewsz,box_of_baking_mix,#N/A,box_of_baking_mix,0,1
mix-fnbgwd,1,1,mix,fnbgwd,box_of_baking_mix,#N/A,box_of_baking_mix,0,1
mix-fpbxfp,1,1,mix,fpbxfp,can_of_baking_mix,#N/A,can_of_baking_mix,0,1
mix-lgusnr,1,1,mix,lgusnr,box_of_baking_mix,#N/A,box_of_baking_mix,0,1
mix-ltccey,1,1,mix,ltccey,box_of_baking_mix,#N/A,box_of_baking_mix,0,1
mix-luwlfd,1,1,mix,luwlfd,box_of_baking_mix,#N/A,box_of_baking_mix,0,1
mix-ohtiap,1,1,mix,ohtiap,can_of_baking_mix,#N/A,can_of_baking_mix,0,1
mix-orwvfx,1,1,mix,orwvfx,can_of_baking_mix,#N/A,can_of_baking_mix,0,1
mix-qkvqkm,1,1,mix,qkvqkm,box_of_baking_mix,#N/A,box_of_baking_mix,0,1
mix-rxorlp,1,1,mix,rxorlp,can_of_baking_mix,#N/A,can_of_baking_mix,0,1
mix-uhvkxj,1,1,mix,uhvkxj,can_of_baking_mix,#N/A,can_of_baking_mix,0,1
mix-xcxrek,1,1,mix,xcxrek,box_of_baking_mix,#N/A,box_of_baking_mix,0,1
mix-xefopo,1,1,mix,xefopo,can_of_baking_mix,#N/A,can_of_baking_mix,0,1
moisture_wash-lyzvuk,1,1,moisture_wash,lyzvuk,bottle_of_cold_cream,#N/A,bottle_of_cold_cream,0,1
molasses-jvsjop,1,1,molasses,jvsjop,bottle_of_molasses,#N/A,bottle_of_molasses,0,1
mushroom_sauce-xamfxi,1,1,mushroom_sauce,xamfxi,bottle_of_mushroom_sauce,#N/A,bottle_of_mushroom_sauce,0,1
mushroom-xeodai,1,1,mushroom,xeodai,half_mushroom,mushroom,half_mushroom,0,1
mustard_seed-grryaf,1,1,mustard_seed,grryaf,bottle_of_mustard_seeds,#N/A,bottle_of_mustard_seeds,0,1
mustard-qbbqat,1,1,mustard,qbbqat,bottle_of_mustard,#N/A,bottle_of_mustard,0,1
mustard-sjasxe,1,1,mustard,sjasxe,bottle_of_mustard,#N/A,bottle_of_mustard,0,1
nail-smxpbm,1,1,nail,smxpbm,clout_nail,#N/A,clout_nail,0,1
nativity-iuislr,1,1,nativity,iuislr,nativity_figurine,#N/A,nativity_figurine,0,1
oatmeal_pile-dteksp,1,1,oatmeal_pile,dteksp,heap_of_oatmeal,#N/A,heap_of_oatmeal,0,1
oatmeal-qyukhm,1,1,oatmeal,qyukhm,can_of_oatmeal,#N/A,can_of_oatmeal,0,1
oatmeal-zkggxm,1,1,oatmeal,zkggxm,box_of_oatmeal,#N/A,box_of_oatmeal,0,1
oil-kzvkyp,1,1,oil,kzvkyp,bottle_of_oil,#N/A,bottle_of_oil,0,1
olive_oil_bottle-cqycjk,1,1,olive_oil_bottle,cqycjk,bottle_of_olive_oil,#N/A,bottle_of_olive_oil,0,1
olive_oil_bottle-luikop,1,1,olive_oil_bottle,luikop,bottle_of_olive_oil,#N/A,bottle_of_olive_oil,0,1
olive_oil_bottle-lvsfgc,1,1,olive_oil_bottle,lvsfgc,bottle_of_olive_oil,#N/A,bottle_of_olive_oil,0,1
olive_oil-ajswsh,1,1,olive_oil,ajswsh,bottle_of_olive_oil,#N/A,bottle_of_olive_oil,0,1
olive_oil-jocrsz,1,1,olive_oil,jocrsz,bottle_of_olive_oil,#N/A,bottle_of_olive_oil,0,1
olive_oil-ksxqkk,1,1,olive_oil,ksxqkk,bottle_of_olive_oil,#N/A,bottle_of_olive_oil,0,1
olive_oil-wztvie,1,1,olive_oil,wztvie,bottle_of_olive_oil,#N/A,bottle_of_olive_oil,0,1
onion_powder-xruqod,1,1,onion_powder,xruqod,bottle_of_onion_powder,#N/A,bottle_of_onion_powder,0,1
onion-dejqhf,1,1,onion,dejqhf,vidalia_onion,#N/A,vidalia_onion,0,1
onion-ndwwog,1,1,onion,ndwwog,sliced_onion,#N/A,sliced_onion,0,1
orange_sauce-xfxfig,1,1,orange_sauce,xfxfig,jar_of_orange_sauce,#N/A,jar_of_orange_sauce,0,1
orange-yloghd,1,1,orange,yloghd,half_orange,orange,half_orange,0,1
organizer-hmygav,1,1,organizer,hmygav,storage_organizer,#N/A,storage_organizer,0,1
package-msfzpz,1,1,package,msfzpz,carton,#N/A,carton,0,1
package-sxlklf,1,1,package,sxlklf,carton,#N/A,carton,0,1
paint_remover-abrsty,1,1,paint_remover,abrsty,bottle_of_paint_remover,#N/A,bottle_of_paint_remover,0,1
paint-gjjugj,1,1,paint,gjjugj,bucket_of_paint,#N/A,bucket_of_paint,0,1
paint-mxyrzd,1,1,paint,mxyrzd,bucket_of_paint,#N/A,bucket_of_paint,0,1
paint-qbqche,1,1,paint,qbqche,bucket_of_paint,#N/A,bucket_of_paint,0,1
paint-ycnaho,1,1,paint,ycnaho,bucket_of_paint,#N/A,bucket_of_paint,0,1
pancake-ogghhf,1,1,pancake,ogghhf,buttermilk_pancake,#N/A,buttermilk_pancake,0,1
papaya-dlykve,1,1,papaya,dlykve,sliced_papaya,papaya,sliced_papaya,0,1
papaya-dqymro,1,1,papaya,dqymro,sliced_papaya,papaya,sliced_papaya,0,1
papaya-gbrakc,1,1,papaya,gbrakc,sliced_papaya,papaya,sliced_papaya,0,1
paprika-nrdgrp,1,1,paprika,nrdgrp,bottle_of_paprika,#N/A,bottle_of_paprika,0,1
pasta-gwqhko,1,1,pasta,gwqhko,pack_of_pasta,#N/A,pack_of_pasta,0,1
pasta-ucrnic,1,1,pasta,ucrnic,ravioli,#N/A,ravioli,0,1
pasta-ujyxaz,1,1,pasta,ujyxaz,conchiglie,#N/A,conchiglie,0,1
pasta-wyswqr,1,1,pasta,wyswqr,penne,#N/A,penne,0,1
pastry_brush-tivzcl,1,1,pastry_brush,tivzcl,paintbrush,#N/A,paintbrush,0,1
pastry-mcjamb,1,1,pastry,mcjamb,chocolate_cake,#N/A,chocolate_cake,0,1
pastry-wpeesw,1,1,pastry,wpeesw,chocolate_cake,#N/A,chocolate_cake,0,1
pastry-xjlptd,1,1,pastry,xjlptd,cinnamon_roll,#N/A,cinnamon_roll,0,1
peanut_butter-edcvwr,1,1,peanut_butter,edcvwr,bottle_of_peanut_butter,#N/A,bottle_of_peanut_butter,0,1
peas-absogx,1,1,peas,absogx,pea,#N/A,pea,0,1
peas-duigmh,1,1,peas,duigmh,pea,#N/A,pea,0,1
peas-gikvpd,1,1,peas,gikvpd,pea,#N/A,pea,0,1
peas-hzlhrs,1,1,peas,hzlhrs,pea,#N/A,pea,0,1
peas-lprbcf,1,1,peas,lprbcf,pea,#N/A,pea,0,1
peas-tmsvpt,1,1,peas,tmsvpt,pea,#N/A,pea,0,1
peas-unfdjb,1,1,peas,unfdjb,pea,#N/A,pea,0,1
peas-wsitbh,1,1,peas,wsitbh,pea,#N/A,pea,0,1
pen-nqxveo,1,1,pen,nqxveo,marker,pen,marker,0,1
pen-zmimhb,1,1,pen,zmimhb,marker,pen,marker,0,1
pepper-honise,1,1,pepper,honise,bottle_of_black_pepper,#N/A,bottle_of_black_pepper,0,1
peppercorn-ejtiig,1,1,peppercorn,ejtiig,bottle_of_black_pepper,#N/A,bottle_of_black_pepper,0,1
peppercorn-ydzzrv,1,1,peppercorn,ydzzrv,bottle_of_black_pepper,#N/A,bottle_of_black_pepper,0,1
peppercorn-zybfok,1,1,peppercorn,zybfok,bottle_of_black_pepper,#N/A,bottle_of_black_pepper,0,1
peppermints-dqpiet,1,1,peppermints,dqpiet,peppermint_candy,#N/A,peppermint_candy,0,1
perfume-ipurzb,1,1,perfume,ipurzb,bottle_of_perfume,#N/A,bottle_of_perfume,0,1
pesticide-yyrecb,1,1,pesticide,yyrecb,bottle_of_pesticide,#N/A,bottle_of_pesticide,0,1
pesto-hyeetr,1,1,pesto,hyeetr,bottle_of_pesto,#N/A,bottle_of_pesto,0,1
phone-dbhfuh,1,1,phone,dbhfuh,cell_phone,#N/A,cell_phone,0,1
piece_of_fries-jhskfy,1,1,piece_of_fries,jhskfy,french_fries,#N/A,french_fries,0,1
piece_of_fries-kjqhuo,1,1,piece_of_fries,kjqhuo,french_fries,#N/A,french_fries,0,1
piece_of_fries-kxpfcj,1,1,piece_of_fries,kxpfcj,french_fries,#N/A,french_fries,0,1
piece_of_fries-nfgqwu,1,1,piece_of_fries,nfgqwu,french_fries,#N/A,french_fries,0,1
piece_of_fries-oeterg,1,1,piece_of_fries,oeterg,french_fries,#N/A,french_fries,0,1
piece_of_fries-rremmp,1,1,piece_of_fries,rremmp,french_fries,#N/A,french_fries,0,1
piece_of_fries-uqsuef,1,1,piece_of_fries,uqsuef,french_fries,#N/A,french_fries,0,1
piece_of_fries-xlkkxg,1,1,piece_of_fries,xlkkxg,french_fries,#N/A,french_fries,0,1
piece_of_fries-xzsoub,1,1,piece_of_fries,xzsoub,french_fries,#N/A,french_fries,0,1
pin-lpxemb,1,1,pin,lpxemb,straight_pin,#N/A,straight_pin,0,1
pineapple-zympwt,1,1,pineapple,zympwt,half_pineapple,pineapple,half_pineapple,0,1
pipe-pznufl,1,1,pipe,pznufl,tobacco_pipe,pipe,tobacco_pipe,0,1
pizza_sauce-clttao,1,1,pizza_sauce,clttao,bottle_of_pizza_sauce,#N/A,bottle_of_pizza_sauce,0,1
planter-dylpyb,1,1,planter,dylpyb,plant_pot_stand,#N/A,plant_pot_stand,0,1
plum-dsybez,1,1,plum,dsybez,half_plum,plum,half_plum,0,1
plush_toy-faxvha,1,1,plush_toy,faxvha,teddy_bear,#N/A,teddy_bear,0,1
pomegranate-tbwsgm,1,1,pomegranate,tbwsgm,half_pomegranate,pomegranate,half_pomegranate,0,1
pomelo-qecwzm,1,1,pomelo,qecwzm,half_pomelo,pomelo,half_pomelo,0,1
pool-kohria,1,1,pool,kohria,swimming_pool,#N/A,swimming_pool,0,1
pool-qjhauf,1,1,pool,qjhauf,swimming_pool,#N/A,swimming_pool,0,1
pool-sbvksi,1,1,pool,sbvksi,swimming_pool,#N/A,swimming_pool,0,1
pool-vnvmkx,1,1,pool,vnvmkx,swimming_pool,#N/A,swimming_pool,0,1
pool-xixlzr,1,1,pool,xixlzr,wading_pool,#N/A,wading_pool,0,1
pop_bottle-cmqubs,1,1,pop_bottle,cmqubs,bottle_of_pop,#N/A,bottle_of_pop,0,1
pop_bottle-eyazzi,1,1,pop_bottle,eyazzi,bottle_of_pop,#N/A,bottle_of_pop,0,1
pop_bottle-gkwdyt,1,1,pop_bottle,gkwdyt,bottle_of_pop,#N/A,bottle_of_pop,0,1
pop_bottle-iynssk,1,1,pop_bottle,iynssk,bottle_of_pop,#N/A,bottle_of_pop,0,1
pop_bottle-tfvmik,1,1,pop_bottle,tfvmik,bottle_of_pop,#N/A,bottle_of_pop,0,1
pop_bottle-twtsry,1,1,pop_bottle,twtsry,bottle_of_pop,#N/A,bottle_of_pop,0,1
pop_bottle-uwdeok,1,1,pop_bottle,uwdeok,bottle_of_pop,#N/A,bottle_of_pop,0,1
pop_bottle-wuuoes,1,1,pop_bottle,wuuoes,bottle_of_pop,#N/A,bottle_of_pop,0,1
pop_bottle-xvxcvv,1,1,pop_bottle,xvxcvv,bottle_of_pop,#N/A,bottle_of_pop,0,1
pop_bottle-zjbqvb,1,1,pop_bottle,zjbqvb,bottle_of_pop,#N/A,bottle_of_pop,0,1
pop_bottle-zsisxf,1,1,pop_bottle,zsisxf,bottle_of_pop,#N/A,bottle_of_pop,0,1
pop-bqretx,1,1,pop,bqretx,bottle_of_pop,#N/A,bottle_of_pop,0,1
pop-chwjfu,1,1,pop,chwjfu,can_of_soda,#N/A,can_of_soda,0,1
pop-dlqmit,1,1,pop,dlqmit,bottle_of_pop,#N/A,bottle_of_pop,0,1
pop-drqbiy,1,1,pop,drqbiy,bottle_of_pop,#N/A,bottle_of_pop,0,1
pop-evcxlr,1,1,pop,evcxlr,bottle_of_pop,#N/A,bottle_of_pop,0,1
pop-exapzb,1,1,pop,exapzb,bottle_of_pop,#N/A,bottle_of_pop,0,1
pop-frewxk,1,1,pop,frewxk,bottle_of_pop,#N/A,bottle_of_pop,0,1
pop-ghxeqz,1,1,pop,ghxeqz,bottle_of_pop,#N/A,bottle_of_pop,0,1
pop-haoywb,1,1,pop,haoywb,bottle_of_pop,#N/A,bottle_of_pop,0,1
pop-hjrwqb,1,1,pop,hjrwqb,bottle_of_pop,#N/A,bottle_of_pop,0,1
pop-iloapr,1,1,pop,iloapr,can_of_soda,#N/A,can_of_soda,0,1
pop-jnoksl,1,1,pop,jnoksl,bottle_of_pop,#N/A,bottle_of_pop,0,1
pop-kviogj,1,1,pop,kviogj,bottle_of_pop,#N/A,bottle_of_pop,0,1
pop-lugwcz,1,1,pop,lugwcz,bottle_of_pop,#N/A,bottle_of_pop,0,1
pop-mdznsn,1,1,pop,mdznsn,bottle_of_pop,#N/A,bottle_of_pop,0,1
pop-mhzttm,1,1,pop,mhzttm,bottle_of_pop,#N/A,bottle_of_pop,0,1
pop-mrrozu,1,1,pop,mrrozu,can_of_soda,#N/A,can_of_soda,0,1
pop-msmlud,1,1,pop,msmlud,bottle_of_pop,#N/A,bottle_of_pop,0,1
pop-nepfjl,1,1,pop,nepfjl,bottle_of_pop,#N/A,bottle_of_pop,0,1
pop-nyupqh,1,1,pop,nyupqh,bottle_of_pop,#N/A,bottle_of_pop,0,1
pop-oeipjl,1,1,pop,oeipjl,bottle_of_pop,#N/A,bottle_of_pop,0,1
pop-oghrnk,1,1,pop,oghrnk,bottle_of_pop,#N/A,bottle_of_pop,0,1
pop-pfjzkn,1,1,pop,pfjzkn,bottle_of_pop,#N/A,bottle_of_pop,0,1
pop-pvabxf,1,1,pop,pvabxf,bottle_of_pop,#N/A,bottle_of_pop,0,1
pop-pyrics,1,1,pop,pyrics,bottle_of_pop,#N/A,bottle_of_pop,0,1
pop-rhclfg,1,1,pop,rhclfg,bottle_of_pop,#N/A,bottle_of_pop,0,1
pop-ribekf,1,1,pop,ribekf,bottle_of_pop,#N/A,bottle_of_pop,0,1
pop-sevoto,1,1,pop,sevoto,bottle_of_pop,#N/A,bottle_of_pop,0,1
pop-ubazru,1,1,pop,ubazru,bottle_of_pop,#N/A,bottle_of_pop,0,1
pop-uwmchl,1,1,pop,uwmchl,bottle_of_pop,#N/A,bottle_of_pop,0,1
pop-uzbpnw,1,1,pop,uzbpnw,can_of_soda,#N/A,can_of_soda,0,1
pop-vfjhav,1,1,pop,vfjhav,bottle_of_pop,#N/A,bottle_of_pop,0,1
pop-vszbvb,1,1,pop,vszbvb,can_of_soda,#N/A,can_of_soda,0,1
pop-wbrrad,1,1,pop,wbrrad,bottle_of_pop,#N/A,bottle_of_pop,0,1
pop-wmqhul,1,1,pop,wmqhul,bottle_of_pop,#N/A,bottle_of_pop,0,1
pop-wrgmdt,1,1,pop,wrgmdt,bottle_of_pop,#N/A,bottle_of_pop,0,1
pop-xlyult,1,1,pop,xlyult,can_of_soda,#N/A,can_of_soda,0,1
pop-xmjfcg,1,1,pop,xmjfcg,bottle_of_pop,#N/A,bottle_of_pop,0,1
pop-xoldze,1,1,pop,xoldze,bottle_of_pop,#N/A,bottle_of_pop,0,1
pop-zxambx,1,1,pop,zxambx,bottle_of_pop,#N/A,bottle_of_pop,0,1
poppy_seed-xdtrgi,1,1,poppy_seed,xdtrgi,bottle_of_poppy_seeds,#N/A,bottle_of_poppy_seeds,0,1
portobello-jnfabw,1,1,portobello,jnfabw,mushroom,#N/A,mushroom,0,1
postage_stamps-biqmtn,1,1,postage_stamps,biqmtn,postage_stamp,#N/A,postage_stamp,0,1
postage_stamps-yszkpy,1,1,postage_stamps,yszkpy,postage_stamp,#N/A,postage_stamp,0,1
pot_plan-cqqyzp,1,1,pot_plan,cqqyzp,pot_plant,#N/A,pot_plant,0,1
pot-jpvcjv,1,1,pot,jpvcjv,bowl,#N/A,bowl,0,1
poultry_seasoning-vqwqqv,1,1,poultry_seasoning,vqwqqv,bottle_of_seasoning,#N/A,bottle_of_seasoning,0,1
powder_bottle-vfabau,1,1,powder_bottle,vfabau,bottle_of_powder,#N/A,bottle_of_powder,0,1
protein_powder-rikjwx,1,1,protein_powder,rikjwx,pack_of_protein_powder,#N/A,pack_of_protein_powder,0,1
protein_powder-tpcsve,1,1,protein_powder,tpcsve,pack_of_protein_powder,#N/A,pack_of_protein_powder,0,1
protein_powder-ysgesq,1,1,protein_powder,ysgesq,bottle_of_protein_powder,#N/A,bottle_of_protein_powder,0,1
pumpkin_pie_spice-oindrv,1,1,pumpkin_pie_spice,oindrv,bottle_of_pumpkin_pie_spice,#N/A,bottle_of_pumpkin_pie_spice,0,1
puree-raagvm,1,1,puree,raagvm,jar_of_puree,#N/A,jar_of_puree,0,1
purse-pxvcyu,1,1,purse,pxvcyu,shoulder_bag,#N/A,shoulder_bag,0,1
puzzle_piece-jcafwy,1,1,puzzle_piece,jcafwy,jigsaw_puzzle_piece,#N/A,jigsaw_puzzle_piece,0,1
puzzle_piece-moneds,1,1,puzzle_piece,moneds,jigsaw_puzzle_piece,#N/A,jigsaw_puzzle_piece,0,1
puzzle_piece-ppikln,1,1,puzzle_piece,ppikln,jigsaw_puzzle_piece,#N/A,jigsaw_puzzle_piece,0,1
puzzle-antykn,1,1,puzzle,antykn,jigsaw_puzzle,#N/A,jigsaw_puzzle,0,1
pvc_pipe-szrjmz,1,1,pvc_pipe,szrjmz,pipe,#N/A,pipe,0,1
tube-yegktv,1,1,tube,yegktv,pipe,#N/A,pipe,1,1
rack-spdrzb,1,1,rack,spdrzb,shoe_rack,#N/A,shoe_rack,0,1
racket-rmvafy,1,1,racket,rmvafy,tennis_racket,#N/A,tennis_racket,0,1
rainboot-zzwsnw,1,1,rainboot,zzwsnw,rubber_boot,#N/A,rubber_boot,0,1
raisins_pile-gihwbe,1,1,raisins_pile,gihwbe,heap_of_raisins,#N/A,heap_of_raisins,0,1
ramekin-belcml,1,1,ramekin,belcml,bowl,#N/A,bowl,0,1
ramekin-eawgwj,1,1,ramekin,eawgwj,bowl,#N/A,bowl,0,1
ramen-kedmct,1,1,ramen,kedmct,noodle,#N/A,noodle,0,1
red_beans-bqpmsv,1,1,red_beans,bqpmsv,bottle,#N/A,bottle,0,1
red_wine-znmxua,1,1,red_wine,znmxua,bottle_of_wine,#N/A,bottle_of_wine,0,1
ribbon-puwdwq,1,1,ribbon,puwdwq,bow,#N/A,bow,0,1
rice_bag-eddcjz,1,1,rice_bag,eddcjz,bag_of_rice,#N/A,bag_of_rice,0,1
rice_bag-jzjqjb,1,1,rice_bag,jzjqjb,bag_of_rice,#N/A,bag_of_rice,0,1
rice_bag-xcokwx,1,1,rice_bag,xcokwx,bag_of_rice,#N/A,bag_of_rice,0,1
rice_box-fvulow,1,1,rice_box,fvulow,box_of_rice,#N/A,box_of_rice,0,1
rice_box-pstqvm,1,1,rice_box,pstqvm,box_of_rice,#N/A,box_of_rice,0,1
rice_box-yyheuw,1,1,rice_box,yyheuw,box_of_rice,#N/A,box_of_rice,0,1
rice-feerye,1,1,rice,feerye,bag_of_rice,#N/A,bag_of_rice,0,1
right_bookend-detqsw,1,1,right_bookend,detqsw,bookend,#N/A,bookend,0,1
right_bookend-eyddem,1,1,right_bookend,eyddem,bookend,#N/A,bookend,0,1
right_bookend-rwvcah,1,1,right_bookend,rwvcah,bookend,#N/A,bookend,0,1
right_bookend-sgiryo,1,1,right_bookend,sgiryo,bookend,#N/A,bookend,0,1
right_bookend-xqyxrq,1,1,right_bookend,xqyxrq,bookend,#N/A,bookend,0,1
roast_beaf_slice-cpdfcf,1,1,roast_beaf_slice,cpdfcf,sliced_roast_beef,#N/A,sliced_roast_beef,0,1
rock-whsafp,1,1,rock,whsafp,boulder,rock,boulder,0,1
roller-jcqwrt,1,1,roller,jcqwrt,paint_roller,#N/A,paint_roller,0,1
roller-nbwihe,1,1,roller,nbwihe,paint_roller,#N/A,paint_roller,0,1
roofs-jqqtaq,1,1,roofs,jqqtaq,roof,#N/A,roof,0,1
router-dsgtpk,1,1,router,dsgtpk,boxed_router,#N/A,boxed_router,0,1
rug-sehjcp,1,1,rug,sehjcp,carpet,#N/A,carpet,0,1
rum_bottle-rduqdf,1,1,rum_bottle,rduqdf,bottle_of_rum,rum_bottle,bottle_of_rum,0,1
rum-bnvoux,1,1,rum,bnvoux,bottle_of_rum,#N/A,bottle_of_rum,0,1
rum-oidmvy,1,1,rum,oidmvy,bottle_of_rum,#N/A,bottle_of_rum,0,1
rum-xdaefn,1,1,rum,xdaefn,bottle_of_rum,#N/A,bottle_of_rum,0,1
sage-bterim,1,1,sage,bterim,bottle_of_sage,#N/A,bottle_of_sage,0,1
sake_bottle-hbpenm,1,1,sake_bottle,hbpenm,bottle_of_sake,#N/A,bottle_of_sake,0,0
sake_bottle-luadgb,1,1,sake_bottle,luadgb,bottle_of_sake,#N/A,bottle_of_sake,0,1
sake_bottle-mvvomd,1,1,sake_bottle,mvvomd,bottle_of_sake,#N/A,bottle_of_sake,0,1
sake_bottle-pwtebq,1,1,sake_bottle,pwtebq,bottle_of_sake,#N/A,bottle_of_sake,0,1
sake_bottle-rctijo,1,1,sake_bottle,rctijo,bottle_of_sake,#N/A,bottle_of_sake,0,1
sake_bottle-swlykk,1,1,sake_bottle,swlykk,bottle_of_sake,#N/A,bottle_of_sake,0,1
sake_bottle-utwglw,1,1,sake_bottle,utwglw,bottle_of_sake,#N/A,bottle_of_sake,0,1
sake_bottle-vfxfuj,1,1,sake_bottle,vfxfuj,bottle_of_sake,#N/A,bottle_of_sake,0,1
sake_bottle-zrkfim,1,1,sake_bottle,zrkfim,bottle_of_sake,#N/A,bottle_of_sake,0,1
salad-dhdhul,1,1,salad,dhdhul,salad_bowl,#N/A,salad_bowl,0,1
salsa-dvxotd,1,1,salsa,dvxotd,bottle_of_salsa,#N/A,bottle_of_salsa,0,1
salsa-mavope,1,1,salsa,mavope,bottle_of_salsa,#N/A,bottle_of_salsa,0,1
salsa-nafwlf,1,1,salsa,nafwlf,bottle_of_salsa,#N/A,bottle_of_salsa,0,1
salt-iomwtn,1,1,salt,iomwtn,salt_shaker,#N/A,salt_shaker,0,1
sandwich-ablfyd,1,1,sandwich,ablfyd,club_sandwich,#N/A,club_sandwich,0,1
sangria-zuewsi,1,1,sangria,zuewsi,bottle_of_sangria,#N/A,bottle_of_sangria,0,1
sanitizer-faedff,1,1,sanitizer,faedff,bottle_of_disinfectant,#N/A,bottle_of_disinfectant,0,1
sanitizer-ucqzck,1,1,sanitizer,ucqzck,bottle_of_disinfectant,#N/A,bottle_of_disinfectant,0,1
sausage-qijvmi,1,1,sausage,qijvmi,hotdog_frank,#N/A,hotdog_frank,0,1
saw-laysom,1,1,saw,laysom,ripsaw,#N/A,ripsaw,0,1
scissors-glbxff,1,1,scissors,glbxff,shears,#N/A,shears,0,1
scissors-hqfure,1,1,scissors,hqfure,shears,#N/A,shears,0,1
scissors-iizidc,1,1,scissors,iizidc,shears,#N/A,shears,0,1
sculpture-wrtqik,1,1,sculpture,wrtqik,statue,sculpture,statue,0,1
seafood-nmgedh,1,1,seafood,nmgedh,octopus,#N/A,octopus,0,1
seafood-noeasd,1,1,seafood,noeasd,octopus,#N/A,octopus,0,1
seafood-zvpifd,1,1,seafood,zvpifd,octopus,#N/A,octopus,0,1
sealant-nfqpwi,1,1,sealant,nfqpwi,bottle_of_sealant,#N/A,bottle_of_sealant,0,1
sesame_oil-jipawg,1,1,sesame_oil,jipawg,bottle_of_sesame_oil,#N/A,bottle_of_sesame_oil,0,1
sesame_seeds-lzndie,1,1,sesame_seeds,lzndie,bottle_of_sesame_seeds,#N/A,bottle_of_sesame_seeds,0,1
shampoo-bclpiq,1,1,shampoo,bclpiq,box_of_shampoo,shampoo,box_of_shampoo,0,1
shampoo-dvrzmy,1,1,shampoo,dvrzmy,bottle_of_shampoo,shampoo,bottle_of_shampoo,0,1
shampoo-eblcnw,1,1,shampoo,eblcnw,shampoo_dispenser,shampoo,shampoo_dispenser,0,1
shampoo-hlkpwd,1,1,shampoo,hlkpwd,bottle_of_shampoo,shampoo,bottle_of_shampoo,0,1
shampoo-jccyom,1,1,shampoo,jccyom,box_of_shampoo,shampoo,box_of_shampoo,0,1
shampoo-kkbhzw,1,1,shampoo,kkbhzw,shampoo_dispenser,shampoo,shampoo_dispenser,0,1
shampoo-lvvkhx,1,1,shampoo,lvvkhx,bottle_of_shampoo,shampoo,bottle_of_shampoo,0,1
shampoo-ndrvvm,1,1,shampoo,ndrvvm,shampoo_dispenser,shampoo,shampoo_dispenser,0,1
shampoo-nijidu,1,1,shampoo,nijidu,box_of_shampoo,shampoo,box_of_shampoo,0,1
shampoo-stjjjm,1,1,shampoo,stjjjm,bottle_of_shampoo,shampoo,bottle_of_shampoo,0,1
shampoo-tnfhlf,1,1,shampoo,tnfhlf,shampoo_dispenser,shampoo,shampoo_dispenser,0,1
shampoo-tzghev,1,1,shampoo,tzghev,box_of_shampoo,shampoo,box_of_shampoo,0,1
shampoo-vnyzbu,1,1,shampoo,vnyzbu,shampoo_dispenser,shampoo,shampoo_dispenser,0,1
shirt-fmapwe,1,1,shirt,fmapwe,dress_shirt,#N/A,dress_shirt,0,1
shoes-jbuius,1,1,shoes,jbuius,slingback,#N/A,slingback,0,1
shoes-uewtgk,1,1,shoes,uewtgk,walking_shoe,#N/A,walking_shoe,0,1
shower-aktzdp,1,1,shower,aktzdp,shower_stall,shower,shower_stall,0,1
shower-atiuco,1,1,shower,atiuco,shower_stall,shower,shower_stall,0,1
shower-invgma,1,1,shower,invgma,shower_stall,shower,shower_stall,0,1
shrub-hqlggp,1,1,shrub,hqlggp,bush,#N/A,bush,0,1
skillet-hzspwg,1,1,skillet,hzspwg,frying_pan,#N/A,frying_pan,0,1
sliding_door-xqdonc,1,1,sliding_door,xqdonc,door,#N/A,door,0,1
sliding_door-zlxolj,1,1,sliding_door,zlxolj,door,#N/A,door,0,1
slotted_spoon-ucrzlb,1,1,slotted_spoon,ucrzlb,sieve,#N/A,sieve,0,1
slow_cooker-lkbvad,1,1,slow_cooker,lkbvad,instant_pot,#N/A,instant_pot,0,1
soap_dispenser-eywylh,1,1,soap_dispenser,eywylh,shampoo_dispenser,soap_dispenser,shampoo_dispenser,0,1
soap_dispenser-nrthyl,1,1,soap_dispenser,nrthyl,shampoo_dispenser,soap_dispenser,shampoo_dispenser,0,1
soap_dispenser-thurmw,1,1,soap_dispenser,thurmw,shampoo_dispenser,soap_dispenser,shampoo_dispenser,0,1
soap_dispenser-zoyyia,1,1,soap_dispenser,zoyyia,shampoo_dispenser,soap_dispenser,shampoo_dispenser,0,1
soap-ozifwa,1,1,soap,ozifwa,bar_soap,soap,bar_soap,0,1
soda_can-bfrzvk,1,1,soda_can,bfrzvk,can_of_soda,#N/A,can_of_soda,0,1
soda_can-eqyqlx,1,1,soda_can,eqyqlx,bottle_of_soda,#N/A,bottle_of_soda,0,1
soda_can-ixrfxv,1,1,soda_can,ixrfxv,can_of_soda,#N/A,can_of_soda,0,1
soda_can-opivig,1,1,soda_can,opivig,can_of_soda,#N/A,can_of_soda,0,1
soda_can-ttxyui,1,1,soda_can,ttxyui,can_of_soda,#N/A,can_of_soda,0,1
soda-phwegy,1,1,soda,phwegy,can_of_soda,#N/A,can_of_soda,0,1
sour_cream-pmawft,1,1,sour_cream,pmawft,bottle_of_sour_cream,#N/A,bottle_of_sour_cream,0,1
soy_milk-lyxwhd,1,1,soy_milk,lyxwhd,bottle_of_soy_milk,#N/A,bottle_of_soy_milk,0,1
soy_sauce-afxisg,1,1,soy_sauce,afxisg,bottle_of_soy_sauce,#N/A,bottle_of_soy_sauce,0,1
spaghetti_sauce-efrxze,1,1,spaghetti_sauce,efrxze,jar_of_spaghetti_sauce,#N/A,jar_of_spaghetti_sauce,0,1
spaghetti_sauce-exmsmm,1,1,spaghetti_sauce,exmsmm,jar_of_spaghetti_sauce,#N/A,jar_of_spaghetti_sauce,0,1
spaghetti_sauce-fyocnu,1,1,spaghetti_sauce,fyocnu,jar_of_spaghetti_sauce,#N/A,jar_of_spaghetti_sauce,0,1
spaghetti_sauce-xpasvb,1,1,spaghetti_sauce,xpasvb,jar_of_spaghetti_sauce,#N/A,jar_of_spaghetti_sauce,0,1
spaghetti_sauce-yqnmoy,1,1,spaghetti_sauce,yqnmoy,jar_of_spaghetti_sauce,#N/A,jar_of_spaghetti_sauce,0,1
spaghetti_sauce-zahyds,1,1,spaghetti_sauce,zahyds,jar_of_spaghetti_sauce,#N/A,jar_of_spaghetti_sauce,0,1
speaker_system-lgkhqt,1,1,speaker_system,lgkhqt,loudspeaker,speaker_system,loudspeaker,0,1
speaker_system-snbvop,1,1,speaker_system,snbvop,loudspeaker,speaker_system,loudspeaker,0,1
speaker_system-suzqfe,1,1,speaker_system,suzqfe,loudspeaker,speaker_system,loudspeaker,0,1
speaker-wsghki,1,1,speaker,wsghki,loudspeaker,#N/A,loudspeaker,0,1
spoon-aeubta,1,1,spoon,aeubta,wooden_spoon,spoon,wooden_spoon,0,1
spoon-gpiftn,1,1,spoon,gpiftn,wooden_spoon,spoon,wooden_spoon,0,1
spoon-huudhe,1,1,spoon,huudhe,tablespoon,spoon,tablespoon,0,1
spoon-kwyoqh,1,1,spoon,kwyoqh,pasta_server,spoon,pasta_server,0,1
spoon-mgdfcz,1,1,spoon,mgdfcz,teaspoon,spoon,teaspoon,0,1
spoon-mwzxal,1,1,spoon,mwzxal,tablespoon,spoon,tablespoon,0,1
spoon-nxddfp,1,1,spoon,nxddfp,teaspoon,spoon,teaspoon,0,1
spoon-piqabk,1,1,spoon,piqabk,teaspoon,spoon,teaspoon,0,1
spoon-pltxjb,1,1,spoon,pltxjb,tablespoon,spoon,tablespoon,0,1
spoon-prbhag,1,1,spoon,prbhag,teaspoon,spoon,teaspoon,0,1
spoon-pxwpuw,1,1,spoon,pxwpuw,spatula,spoon,spatula,0,1
spoon-qdepdj,1,1,spoon,qdepdj,teaspoon,spoon,teaspoon,0,1
spoon-yxxfdj,1,1,spoon,yxxfdj,tablespoon,spoon,tablespoon,0,1
spray_paint-volzrj,1,1,spray_paint,volzrj,bottle_of_paint,#N/A,bottle_of_paint,0,1
squash-swehmg,1,1,squash,swehmg,butternut_squash,#N/A,butternut_squash,0,1
squeeze_bottle-bgalkx,1,1,squeeze_bottle,bgalkx,bottle,squeeze_bottle,bottle,0,1
sriracha-gnklax,1,1,sriracha,gnklax,bottle_of_sriracha,#N/A,bottle_of_sriracha,0,1
stand-kanola,1,1,stand,kanola,nightstand,stand,nightstand,0,1
stand-ljtrka,1,1,stand,ljtrka,nightstand,stand,nightstand,0,1
starch-npegpl,1,1,starch,npegpl,bag_of_starch,#N/A,bag_of_starch,0,1
stool-miftfy,1,1,stool,miftfy,ottoman,stool,ottoman,0,1
stool-mysfnz,1,1,stool,mysfnz,ottoman,stool,ottoman,0,1
stool-sghekm,1,1,stool,sghekm,ottoman,stool,ottoman,0,1
stool-vzzmir,1,1,stool,vzzmir,taboret,stool,taboret,0,1
stool-xcmniq,1,1,stool,xcmniq,ottoman,stool,ottoman,0,1
stool-ycfbsd,1,1,stool,ycfbsd,ottoman,stool,ottoman,0,1
storage_cart-heqtlk,1,1,storage_cart,heqtlk,shelf,#N/A,shelf,0,1
stripping_solution-gsafbo,1,1,stripping_solution,gsafbo,bottle_of_solvent,#N/A,bottle_of_solvent,0,1
succulent-eijdyn,1,1,succulent,eijdyn,echeveria_elegans,#N/A,echeveria_elegans,0,1
sugar_jar-bholak,1,1,sugar_jar,bholak,jar_of_sugar,#N/A,jar_of_sugar,0,1
sugar_jar-pnbbfb,1,1,sugar_jar,pnbbfb,jar_of_sugar,#N/A,jar_of_sugar,0,1
sugar_jar-rfzqei,1,1,sugar_jar,rfzqei,jar_of_sugar,#N/A,jar_of_sugar,0,1
sugar_jar-vrmrci,1,1,sugar_jar,vrmrci,jar_of_sugar,#N/A,jar_of_sugar,0,1
sugar-xqhxqy,1,1,sugar,xqhxqy,sugar_cube,#N/A,sugar_cube,0,1
sunglass-nxfifs,1,1,sunglass,nxfifs,sunglasses,#N/A,sunglasses,0,1
sunglass-qiwncl,1,1,sunglass,qiwncl,sunglasses,#N/A,sunglasses,0,1
sunglass-wdxiwf,1,1,sunglass,wdxiwf,sunglasses,#N/A,sunglasses,0,1
sunscreen-prlrwi,1,1,sunscreen,prlrwi,bottle_of_sunscreen,#N/A,bottle_of_sunscreen,0,1
supplements-oqakev,1,1,supplements,oqakev,bottle_of_supplements,#N/A,bottle_of_supplements,0,1
suv-gewjwh,1,1,suv,gewjwh,car,#N/A,car,0,1
sweater-ekcjci,1,1,sweater,ekcjci,crewneck_sweater,#N/A,crewneck_sweater,0,1
sweater-eknmzl,1,1,sweater,eknmzl,crewneck_sweater,#N/A,crewneck_sweater,0,1
sweet_almond_oil-nlokfa,1,1,sweet_almond_oil,nlokfa,bottle_of_almond_oil,#N/A,bottle_of_almond_oil,0,1
swimsuit-rygqoc,1,1,swimsuit,rygqoc,maillot,#N/A,maillot,0,1
take_out_box-bvcopi,1,1,take_out_box,bvcopi,box_of_takeout,#N/A,box_of_takeout,0,1
tape-budhaz,1,1,tape,budhaz,cellulose_tape,#N/A,cellulose_tape,0,1
tape-fetnry,1,1,tape,fetnry,cellulose_tape,#N/A,cellulose_tape,0,1
tape-gchdhk,1,1,tape,gchdhk,cellulose_tape,#N/A,cellulose_tape,0,1
tape-sklkyc,1,1,tape,sklkyc,cellulose_tape,#N/A,cellulose_tape,0,1
tape-vpgzne,1,1,tape,vpgzne,masking_tape,#N/A,masking_tape,0,1
tape-yyekns,1,1,tape,yyekns,cellulose_tape,#N/A,cellulose_tape,0,1
tart-borxmv,1,1,tart,borxmv,quiche,#N/A,quiche,0,1
tart-dxluyi,1,1,tart,dxluyi,cheese_tart,#N/A,cheese_tart,0,1
tart-ewlvxw,1,1,tart,ewlvxw,tartlet,#N/A,tartlet,0,1
tart-pyynjg,1,1,tart,pyynjg,cheese_tart,#N/A,cheese_tart,0,1
tart-rnsdha,1,1,tart,rnsdha,cheese_tart,#N/A,cheese_tart,0,1
tart-zvoeav,1,1,tart,zvoeav,tartlet,#N/A,tartlet,0,1
tea_bottle-iladfg,1,1,tea_bottle,iladfg,bottle_of_tea,#N/A,bottle_of_tea,0,1
tea_bottle-yatmrs,1,1,tea_bottle,yatmrs,bottle_of_tea,#N/A,bottle_of_tea,0,1
tea_leaf-pfbtus,1,1,tea_leaf,pfbtus,bottle_of_tea_leaves,#N/A,bottle_of_tea_leaves,0,1
tea_leaves-krgarb,1,1,tea_leaves,krgarb,green_tea,#N/A,green_tea,0,1
tequilla-gbozpr,1,1,tequilla,gbozpr,bottle_of_tequila,#N/A,bottle_of_tequila,0,1
thermometer-bpnigg,1,1,thermometer,bpnigg,digital_thermometer,#N/A,digital_thermometer,0,1
thread-obnsix,1,1,thread,obnsix,cotton_thread,#N/A,cotton_thread,0,1
tire-lnbowh,1,1,tire,lnbowh,car_tire,#N/A,car_tire,0,1
toaster_oven-ctrngh,1,1,toaster_oven,ctrngh,toaster,toaster_oven,toaster,0,1
tomato_juice-csumos,1,1,tomato_juice,csumos,box_of_tomato_juice,#N/A,box_of_tomato_juice,0,1
tomato_paste-kkqtjv,1,1,tomato_paste,kkqtjv,bottle_of_tomato_paste,#N/A,bottle_of_tomato_paste,0,1
tomato_paste-pnshkj,1,1,tomato_paste,pnshkj,bottle_of_tomato_paste,#N/A,bottle_of_tomato_paste,0,1
tomato_paste-sqqdzb,1,1,tomato_paste,sqqdzb,can_of_tomato_paste,#N/A,can_of_tomato_paste,0,1
tomato_paste-toeelk,1,1,tomato_paste,toeelk,bottle_of_tomato_paste,#N/A,bottle_of_tomato_paste,0,1
tomato-altlfz,1,1,tomato,altlfz,beefsteak_tomato,#N/A,beefsteak_tomato,0,1
tomato-bgcdjr,1,1,tomato,bgcdjr,sliced_tomato,#N/A,sliced_tomato,0,1
tomato-dqvtgm,1,1,tomato,dqvtgm,beefsteak_tomato,#N/A,beefsteak_tomato,0,1
tomato-eevvzv,1,1,tomato,eevvzv,beefsteak_tomato,#N/A,beefsteak_tomato,0,1
tomato-eukpfb,1,1,tomato,eukpfb,beefsteak_tomato,#N/A,beefsteak_tomato,0,1
tomato-hmsqrh,1,1,tomato,hmsqrh,beefsteak_tomato,#N/A,beefsteak_tomato,0,1
tomato-iydznu,1,1,tomato,iydznu,beefsteak_tomato,#N/A,beefsteak_tomato,0,1
tomato-ogpans,1,1,tomato,ogpans,beefsteak_tomato,#N/A,beefsteak_tomato,0,1
tomato-pnrdxh,1,1,tomato,pnrdxh,beefsteak_tomato,#N/A,beefsteak_tomato,0,1
tomato-qjpofs,1,1,tomato,qjpofs,sliced_tomato,#N/A,sliced_tomato,0,1
tomato-whfsoo,1,1,tomato,whfsoo,sliced_tomato,#N/A,sliced_tomato,0,1
tomato-wjreyv,1,1,tomato,wjreyv,half_beefsteak_tomato,#N/A,half_beefsteak_tomato,0,1
toothpaste-vsclsj,1,1,toothpaste,vsclsj,tube_of_toothpaste,#N/A,tube_of_toothpaste,0,1
towel-gfdper,1,1,towel,gfdper,bath_towel,#N/A,bath_towel,0,1
towel-gnowei,1,1,towel,gnowei,hand_towel,#N/A,hand_towel,0,1
towel-nihelo,1,1,towel,nihelo,bath_towel,#N/A,bath_towel,0,1
towel-pingqd,1,1,towel,pingqd,bath_towel,#N/A,bath_towel,0,1
towel-ubhgex,1,1,towel,ubhgex,bath_towel,#N/A,bath_towel,0,1
toy-acymin,1,1,toy,acymin,toy_figure,toy,toy_figure,0,1
toy-aihmqy,1,1,toy,aihmqy,toy_figure,toy,toy_figure,0,1
toy-cobfpg,1,1,toy,cobfpg,toy_figure,toy,toy_figure,0,1
toy-cqeowc,1,1,toy,cqeowc,toy_figure,toy,toy_figure,0,1
toy-ecvxmu,1,1,toy,ecvxmu,teddy_bear,toy,teddy_bear,0,1
toy-fnueyn,1,1,toy,fnueyn,toy_figure,toy,toy_figure,0,1
toy-gdekzd,1,1,toy,gdekzd,toy_figure,toy,toy_figure,0,1
toy-gnofgv,1,1,toy,gnofgv,toy_figure,toy,toy_figure,0,1
toy-gqspnb,1,1,toy,gqspnb,toy_figure,toy,toy_figure,0,1
toy-gyrsew,1,1,toy,gyrsew,toy_figure,toy,toy_figure,0,1
toy-issvzv,1,1,toy,issvzv,toy_figure,toy,toy_figure,0,1
toy-jddrck,1,1,toy,jddrck,toy_figure,toy,toy_figure,0,1
toy-jwjrza,1,1,toy,jwjrza,toy_figure,toy,toy_figure,0,1
toy-krmxjk,1,1,toy,krmxjk,toy_figure,toy,toy_figure,0,1
toy-lfxygp,1,1,toy,lfxygp,toy_figure,toy,toy_figure,0,1
toy-nncqfn,1,1,toy,nncqfn,toy_figure,toy,toy_figure,0,1
toy-orunry,1,1,toy,orunry,toy_figure,toy,toy_figure,0,1
toy-tjchdg,1,1,toy,tjchdg,toy_figure,toy,toy_figure,0,1
toy-txgpxx,1,1,toy,txgpxx,toy_figure,toy,toy_figure,0,1
toy-vcmcoi,1,1,toy,vcmcoi,toy_figure,toy,toy_figure,0,1
toy-wvpqbf,1,1,toy,wvpqbf,toy_figure,toy,toy_figure,0,1
toy-zuntus,1,1,toy,zuntus,toy_figure,toy,toy_figure,0,1
trail_mix-pkwgid,1,1,trail_mix,pkwgid,bag_of_snacks,#N/A,bag_of_snacks,0,1
trash_bin-jlawet,1,1,trash_bin,jlawet,trash_can,#N/A,trash_can,0,1
tripod-hnpofr,1,1,tripod,hnpofr,camera_tripod,#N/A,camera_tripod,0,1
trophy_case-khxpgc,1,1,trophy_case,khxpgc,display_case,#N/A,display_case,0,1
truck-oxbgfh,1,1,truck,oxbgfh,lorry,#N/A,lorry,0,1
turnip-nnvlrd,1,1,turnip,nnvlrd,white_turnip,#N/A,white_turnip,0,1
turtleneck-ojgwec,1,1,turtleneck,ojgwec,jersey,#N/A,jersey,0,1
underwear-uwzqxm,1,1,underwear,uwzqxm,boxers,#N/A,boxers,0,1
us_flag-pchzob,1,1,us_flag,pchzob,national_flag,#N/A,national_flag,0,1
vegetable_juice-jsnnlv,1,1,vegetable_juice,jsnnlv,box_of_vegetable_juice,#N/A,box_of_vegetable_juice,0,1
vegetable_juice-qgjdbn,1,1,vegetable_juice,qgjdbn,box_of_vegetable_juice,#N/A,box_of_vegetable_juice,0,1
vegetable_oil-ueanhf,1,1,vegetable_oil,ueanhf,bottle_of_oil,#N/A,bottle_of_oil,0,1
vinegar-snzyfk,1,1,vinegar,snzyfk,bottle_of_vinegar,#N/A,bottle_of_vinegar,0,1
vitamin-kgreql,1,1,vitamin,kgreql,bottle_of_supplements,#N/A,bottle_of_supplements,0,1
vodka_bottle-nwegts,1,1,vodka_bottle,nwegts,bottle_of_vodka,#N/A,bottle_of_vodka,0,1
water_bottle-atvnqy,1,1,water_bottle,atvnqy,bottle_of_water,water_bottle,bottle_of_water,0,1
water_bottle-cytqio,1,1,water_bottle,cytqio,bottle_of_water,water_bottle,bottle_of_water,0,1
water_bottle-cyzaue,1,1,water_bottle,cyzaue,bottle_of_water,water_bottle,bottle_of_water,0,1
water_bottle-eeaimz,1,1,water_bottle,eeaimz,bottle_of_water,water_bottle,bottle_of_water,0,1
water_bottle-emquat,1,1,water_bottle,emquat,bottle_of_water,water_bottle,bottle_of_water,0,1
water_bottle-hrzznl,1,1,water_bottle,hrzznl,bottle_of_water,water_bottle,bottle_of_water,0,1
water_bottle-jmwngr,1,1,water_bottle,jmwngr,bottle_of_water,water_bottle,bottle_of_water,0,1
water_bottle-lkpaas,1,1,water_bottle,lkpaas,bottle_of_water,water_bottle,bottle_of_water,0,1
water_bottle-lojipo,1,1,water_bottle,lojipo,bottle_of_water,water_bottle,bottle_of_water,0,1
water_bottle-migvlt,1,1,water_bottle,migvlt,bottle_of_water,water_bottle,bottle_of_water,0,1
water_bottle-qaceen,1,1,water_bottle,qaceen,bottle_of_water,water_bottle,bottle_of_water,0,1
water_bottle-rmtdxh,1,1,water_bottle,rmtdxh,bottle_of_water,water_bottle,bottle_of_water,0,1
water_bottle-rrkhva,1,1,water_bottle,rrkhva,bottle_of_water,water_bottle,bottle_of_water,0,1
water_bottle-suytyi,1,1,water_bottle,suytyi,bottle_of_water,water_bottle,bottle_of_water,0,1
water_bottle-sxffiv,1,1,water_bottle,sxffiv,bottle_of_water,water_bottle,bottle_of_water,0,1
watermelon-zgmaqe,1,1,watermelon,zgmaqe,half_watermelon,watermelon,half_watermelon,0,1
wax-gbaons,1,1,wax,gbaons,dip_candle,#N/A,dip_candle,0,1
whiskey_bottle-aipxlu,1,1,whiskey_bottle,aipxlu,bottle_of_whiskey,#N/A,bottle_of_whiskey,0,1
whiskey_bottle-hejqyo,1,1,whiskey_bottle,hejqyo,bottle_of_whiskey,#N/A,bottle_of_whiskey,0,1
whiskey_bottle-jfjclv,1,1,whiskey_bottle,jfjclv,bottle_of_whiskey,#N/A,bottle_of_whiskey,0,1
whiskey_bottle-lzjuvy,1,1,whiskey_bottle,lzjuvy,bottle_of_whiskey,#N/A,bottle_of_whiskey,0,1
whiskey_bottle-mtwsme,1,1,whiskey_bottle,mtwsme,bottle_of_whiskey,#N/A,bottle_of_whiskey,0,1
whiskey_bottle-pyfpss,1,1,whiskey_bottle,pyfpss,bottle_of_whiskey,#N/A,bottle_of_whiskey,0,1
whiskey_bottle-tihatc,1,1,whiskey_bottle,tihatc,bottle_of_whiskey,#N/A,bottle_of_whiskey,0,1
whiskey_bottle-wmpcxu,1,1,whiskey_bottle,wmpcxu,bottle_of_whiskey,#N/A,bottle_of_whiskey,0,1
wind_chimes-tghelo,1,1,wind_chimes,tghelo,wind_chime,#N/A,wind_chime,0,1
wine_bottle-bmudli,1,1,wine_bottle,bmudli,bottle_of_wine,wine_bottle,bottle_of_wine,0,1
wine_bottle-cldder,1,1,wine_bottle,cldder,bottle_of_wine,wine_bottle,bottle_of_wine,0,1
wine_bottle-dawhco,1,1,wine_bottle,dawhco,bottle_of_wine,wine_bottle,bottle_of_wine,0,1
wine_bottle-dbccri,1,1,wine_bottle,dbccri,bottle_of_wine,wine_bottle,bottle_of_wine,0,1
wine_bottle-dijgvu,1,1,wine_bottle,dijgvu,bottle_of_wine,wine_bottle,bottle_of_wine,0,1
wine_bottle-fzuiwy,1,1,wine_bottle,fzuiwy,bottle_of_wine,wine_bottle,bottle_of_wine,0,1
wine_bottle-gaqzfq,1,1,wine_bottle,gaqzfq,bottle_of_wine,wine_bottle,bottle_of_wine,0,1
wine_bottle-hnkiog,1,1,wine_bottle,hnkiog,bottle_of_wine,wine_bottle,bottle_of_wine,0,1
wine_bottle-inkqch,1,1,wine_bottle,inkqch,bottle_of_wine,wine_bottle,bottle_of_wine,0,1
wine_bottle-ivuvbv,1,1,wine_bottle,ivuvbv,bottle_of_wine,wine_bottle,bottle_of_wine,0,1
wine_bottle-jdqahn,1,1,wine_bottle,jdqahn,bottle_of_wine,wine_bottle,bottle_of_wine,0,1
wine_bottle-jivcff,1,1,wine_bottle,jivcff,bottle_of_wine,wine_bottle,bottle_of_wine,0,1
wine_bottle-klbwkf,1,1,wine_bottle,klbwkf,bottle_of_wine,wine_bottle,bottle_of_wine,0,1
wine_bottle-kqokhv,1,1,wine_bottle,kqokhv,bottle_of_wine,wine_bottle,bottle_of_wine,0,1
wine_bottle-lacaoa,1,1,wine_bottle,lacaoa,bottle_of_wine,wine_bottle,bottle_of_wine,0,1
wine_bottle-nhmtvt,1,1,wine_bottle,nhmtvt,bottle_of_wine,wine_bottle,bottle_of_wine,0,1
wine_bottle-njoeiz,1,1,wine_bottle,njoeiz,bottle_of_wine,wine_bottle,bottle_of_wine,0,1
wine_bottle-ntzera,1,1,wine_bottle,ntzera,bottle_of_wine,wine_bottle,bottle_of_wine,0,1
wine_bottle-oldpru,1,1,wine_bottle,oldpru,bottle_of_wine,wine_bottle,bottle_of_wine,0,1
wine_bottle-oslewp,1,1,wine_bottle,oslewp,bottle_of_wine,wine_bottle,bottle_of_wine,0,1
wine_bottle-pgfplm,1,1,wine_bottle,pgfplm,bottle_of_wine,wine_bottle,bottle_of_wine,0,1
wine_bottle-pzhwxn,1,1,wine_bottle,pzhwxn,bottle_of_wine,wine_bottle,bottle_of_wine,0,1
wine_bottle-qtefba,1,1,wine_bottle,qtefba,bottle_of_wine,wine_bottle,bottle_of_wine,0,1
wine_bottle-qvsnjo,1,1,wine_bottle,qvsnjo,bottle_of_wine,wine_bottle,bottle_of_wine,0,1
wine_bottle-rfsuxc,1,1,wine_bottle,rfsuxc,bottle_of_wine,wine_bottle,bottle_of_wine,0,1
wine_bottle-rztiuc,1,1,wine_bottle,rztiuc,bottle_of_wine,wine_bottle,bottle_of_wine,0,1
wine_bottle-tisclo,1,1,wine_bottle,tisclo,bottle_of_wine,wine_bottle,bottle_of_wine,0,1
wine_bottle-uoykwx,1,1,wine_bottle,uoykwx,bottle_of_wine,wine_bottle,bottle_of_wine,0,1
wine_bottle-vecadn,1,1,wine_bottle,vecadn,bottle_of_wine,wine_bottle,bottle_of_wine,0,1
wine_bottle-vmdwln,1,1,wine_bottle,vmdwln,bottle_of_wine,wine_bottle,bottle_of_wine,0,1
wine_bottle-wcokej,1,1,wine_bottle,wcokej,bottle_of_wine,wine_bottle,bottle_of_wine,0,1
wine_bottle-wzdrcl,1,1,wine_bottle,wzdrcl,bottle_of_wine,wine_bottle,bottle_of_wine,0,1
wine_bottle-xkjyby,1,1,wine_bottle,xkjyby,bottle_of_wine,wine_bottle,bottle_of_wine,0,1
wine_bottle-xzipsi,1,1,wine_bottle,xzipsi,bottle_of_wine,wine_bottle,bottle_of_wine,0,1
wine_bottle-yaxufs,1,1,wine_bottle,yaxufs,bottle_of_wine,wine_bottle,bottle_of_wine,0,1
wine_bottle-ynfvhg,1,1,wine_bottle,ynfvhg,bottle_of_wine,wine_bottle,bottle_of_wine,0,1
wipes-hbnzdv,1,1,wipes,hbnzdv,paper_towel,#N/A,paper_towel,0,1
wipes-jdsryb,1,1,wipes,jdsryb,paper_towel,#N/A,paper_towel,0,1
wipes-jgfsug,1,1,wipes,jgfsug,paper_towel,#N/A,paper_towel,0,1
wipes-lhjush,1,1,wipes,lhjush,paper_towel,#N/A,paper_towel,0,1
wipes-mdcnha,1,1,wipes,mdcnha,paper_towel,#N/A,paper_towel,0,1
wipes-oysrvt,1,1,wipes,oysrvt,paper_towel,#N/A,paper_towel,0,1
wipes-taedgk,1,1,wipes,taedgk,paper_towel,#N/A,paper_towel,0,1
wipes-wjcyoi,1,1,wipes,wjcyoi,paper_towel,#N/A,paper_towel,0,1
wipes-yedsde,1,1,wipes,yedsde,paper_towel,#N/A,paper_towel,0,1
wrapped_gift-wpmksn,1,1,wrapped_gift,wpmksn,gift_box,#N/A,gift_box,0,1
wrench-klnawb,1,1,wrench,klnawb,open_end_wrench,#N/A,open_end_wrench,0,1
yeast-ibvtik,1,1,yeast,ibvtik,bag_of_yeast,#N/A,bag_of_yeast,0,1
yogurt-jkemqc,1,1,yogurt,jkemqc,box_of_yogurt,#N/A,box_of_yogurt,0,1
yogurt-jtjcrx,1,1,yogurt,jtjcrx,box_of_yogurt,#N/A,box_of_yogurt,0,1
yogurt-kihdsj,1,1,yogurt,kihdsj,cup_of_yogurt,#N/A,cup_of_yogurt,0,1
yogurt-znhjgm,1,1,yogurt,znhjgm,box_of_yogurt,#N/A,box_of_yogurt,0,1
air_freshner-vxtgpy,1,1,air_freshner,vxtgpy,air_freshener_atomizer,#N/A,air_freshener_atomizer,0,1
wallnut-fbswir,1,1,wallnut,fbswir,walnut,#N/A,walnut,0,1
wallnut-orjven,1,1,wallnut,orjven,walnut,#N/A,walnut,0,1
pet_poop-qvefdg,1,1,pet_poop,qvefdg,poop,#N/A,poop,0,1
alarm-dkwmmf,1,1,alarm,dkwmmf,fire_alarm,#N/A,fire_alarm,0,1
alarm-jyifxp,1,1,alarm,jyifxp,fire_alarm,#N/A,fire_alarm,0,1
alarm-nidjyp,1,1,alarm,nidjyp,fire_alarm,#N/A,fire_alarm,0,1
alarm-rcviyl,1,1,alarm,rcviyl,fire_alarm,#N/A,fire_alarm,0,1
alarm-wfihwf,1,1,alarm,wfihwf,fire_alarm,#N/A,fire_alarm,0,1
alarm-xjupjc,1,1,alarm,xjupjc,fire_alarm,#N/A,fire_alarm,0,1
lawnmower-hrebgj,1,1,lawnmower,hrebgj,lawn_mower,#N/A,lawn_mower,0,1
garden_glove-gjdier,1,1,garden_glove,gjdier,rubber_glove,#N/A,rubber_glove,0,1
garden_glove-jkdfea,1,1,garden_glove,jkdfea,rubber_glove,#N/A,rubber_glove,0,1
coal_heater-etqusf,1,1,coal_heater,etqusf,sauna_heater,#N/A,sauna_heater,0,1
burlap-hlqrxm,1,1,burlap,hlqrxm,burlap_bag,#N/A,burlap_bag,0,1
fish-qofuoa,1,1,fish,qofuoa,trout,#N/A,trout,0,1
eyeshadow-zgervc,1,1,eyeshadow,zgervc,case_of_eyeshadow,#N/A,case_of_eyeshadow,0,1
mask-cuoayr,1,1,mask,cuoayr,face_mask,#N/A,face_mask,0,1
beeswax-nhdnje,1,1,beeswax,nhdnje,beeswax_candle,#N/A,beeswax_candle,0,1
beeswax-nxewyk,1,1,beeswax,nxewyk,beeswax_candle,#N/A,beeswax_candle,0,1
beeswax-oimgmh,1,1,beeswax,oimgmh,beeswax_candle,#N/A,beeswax_candle,0,1
beeswax-ouzkdj,1,1,beeswax,ouzkdj,beeswax_candle,#N/A,beeswax_candle,0,1
beeswax-pfewit,1,1,beeswax,pfewit,beeswax_candle,#N/A,beeswax_candle,0,1
parmesan_cheese-gkaitc,1,1,parmesan_cheese,gkaitc,feta,#N/A,feta,0,1
parmesan_cheese-imjclo,1,1,parmesan_cheese,imjclo,feta,#N/A,feta,0,1
parmesan_cheese-qqnhke,1,1,parmesan_cheese,qqnhke,feta,#N/A,feta,0,1
parmesan_cheese-yvqmnt,1,1,parmesan_cheese,yvqmnt,feta,#N/A,feta,0,1
peanut-deftjq,1,1,peanut,deftjq,peanut_nut,peanut,peanut_nut,0,1
peanut-irgjqx,1,1,peanut,irgjqx,peanut_nut,peanut,peanut_nut,0,1
peanut-jbfabl,1,1,peanut,jbfabl,peanut_nut,peanut,peanut_nut,0,1
peanut-scegcm,1,1,peanut,scegcm,peanut_nut,peanut,peanut_nut,0,1
protein_powder-rbvrrp,1,1,protein_powder,rbvrrp,bottle_of_protein_powder,#N/A,bottle_of_protein_powder,0,1
body_scrub-uudvib,1,1,body_scrub,uudvib,loofah,#N/A,loofah,0,1
heater-arfdpk,1,1,heater,arfdpk,radiator,heater,radiator,0,1
heater-dwmloz,1,1,heater,dwmloz,radiator,heater,radiator,0,1
heater-wntwxx,1,1,heater,wntwxx,radiator,heater,radiator,0,1
beer-cowwjv,1,1,beer,cowwjv,beer_glass,#N/A,beer_glass,0,1
boot-wsjpfi,1,1,boot,wsjpfi,rubber_boot,#N/A,rubber_boot,0,1
food_coloring-ackxiy,1,1,food_coloring,ackxiy,bottle_of_food_coloring,#N/A,bottle_of_food_coloring,0,1
aluminium_foil-lhwgty,1,1,aluminium_foil,lhwgty,box_of_aluminium_foil,#N/A,box_of_aluminium_foil,0,1
ball-atulnw,1,1,ball,atulnw,baseball,ball,baseball,0,1
basket-azagpt,1,1,basket,azagpt,wicker_basket,basket,wicker_basket,0,1
basket-dgkhyn,1,1,basket,dgkhyn,wicker_basket,basket,wicker_basket,0,1
basket-djgllo,1,1,basket,djgllo,trash_can,basket,trash_can,0,1
statue-tnnbxo,1,1,statue,tnnbxo,bust,statue,bust,0,1
coat-vjcvto,1,1,coat,vjcvto,wool_coat,coat,wool_coat,0,1
glove-njidcf,1,1,glove,njidcf,kid_glove,glove,kid_glove,0,1
statue-wrtqik,1,1,statue,wrtqik,portrait,statue,portrait,0,1
trash_can-nuoypc,1,1,trash_can,nuoypc,recycling_bin,trash_can,recycling_bin,0,1
trash_can-duugbb,1,1,trash_can,duugbb,recycling_bin,trash_can,recycling_bin,0,1
basket-jqfftz,1,1,basket,jqfftz,wicker_basket,basket,wicker_basket,0,1
basket-djrdum,1,1,basket,djrdum,hamper,basket,hamper,0,1
basket-dmizts,1,1,basket,dmizts,hamper,basket,hamper,0,1
basket-drgdfh,1,1,basket,drgdfh,hamper,basket,hamper,0,1
basket-drxfmr,1,1,basket,drxfmr,wicker_basket,basket,wicker_basket,0,1
basket-fkghop,1,1,basket,fkghop,hamper,basket,hamper,0,1
basket-hlgjme,1,1,basket,hlgjme,hamper,basket,hamper,0,1
basket-iofciz,1,1,basket,iofciz,hamper,basket,hamper,0,1
basket-mkxkwm,1,1,basket,mkxkwm,hamper,basket,hamper,0,1
basket-otswdv,1,1,basket,otswdv,hamper,basket,hamper,0,1
basket-qdhsgn,1,1,basket,qdhsgn,hamper,basket,hamper,0,1
basket-qdienb,1,1,basket,qdienb,frail,basket,frail,0,1
basket-qhdikw,1,1,basket,qhdikw,hamper,basket,hamper,0,1
basket-rqcyaa,1,1,basket,rqcyaa,wicker_basket,basket,wicker_basket,0,1
basket-sijioo,1,1,basket,sijioo,hamper,basket,hamper,0,1
basket-ssfvij,1,1,basket,ssfvij,hamper,basket,hamper,0,1
basket-stibna,1,1,basket,stibna,hamper,basket,hamper,0,1
basket-tsjvyu,1,1,basket,tsjvyu,wicker_basket,basket,wicker_basket,0,1
basket-unasxd,1,1,basket,unasxd,wicker_basket,basket,wicker_basket,0,1
basket-vbwsci,1,1,basket,vbwsci,hamper,basket,hamper,0,1
basket-zmjovr,1,1,basket,zmjovr,frail,basket,frail,0,0
bedding-dnypbe,1,1,bedding,dnypbe,blanket,bedding,blanket,0,1
bedding-getwzm,1,1,bedding,getwzm,quilt,bedding,quilt,0,1
bedding-vwzlnn,1,1,bedding,vwzlnn,blanket,bedding,blanket,0,1
bottle-ackxiy,1,1,bottle,ackxiy,water_bottle,bottle,water_bottle,0,1
bottle-gcixra,1,1,bottle,gcixra,oil_bottle,bottle,oil_bottle,0,1
bottle-pzxkvg,1,1,bottle,pzxkvg,wine_bottle,bottle,wine_bottle,0,1
bottle-kdiwzf,1,1,bottle,kdiwzf,wine_bottle,bottle,wine_bottle,0,1
bottle-kfsxxl,1,1,bottle,kfsxxl,wine_bottle,bottle,wine_bottle,0,0
bottle-ueagnt,1,1,bottle,ueagnt,rum_bottle,bottle,rum_bottle,0,1
bottle-hmzafz,1,1,bottle,hmzafz,round_bottom_flask,bottle,round_bottom_flask,0,1
bottle-nsxhvs,1,1,bottle,nsxhvs,cleansing_bottle,bottle,cleansing_bottle,0,1
bottle-nigfha,1,1,bottle,nigfha,beer_bottle,bottle,beer_bottle,0,1
bottle-uaijua,1,1,bottle,uaijua,reagent_bottle,bottle,reagent_bottle,0,1
bottle-ouhqnw,1,1,bottle,ouhqnw,canteen,bottle,canteen,0,1
bottle-fvfdyk,1,1,bottle,fvfdyk,canteen,bottle,canteen,0,1
bottle-bgalkx,1,1,bottle,bgalkx,squeeze_bottle,bottle,squeeze_bottle,0,1
bread-ypbyek,1,1,bread,ypbyek,baguette,bread,baguette,0,1
bread-pjzkeh,1,1,bread,pjzkeh,baguette,bread,baguette,0,1
bread-znibqw,1,1,bread,znibqw,sourdough,bread,sourdough,0,1
bread-jgydml,1,1,bread,jgydml,sourdough,bread,sourdough,0,1
bun-jelruc,1,1,bun,jelruc,soft_roll,bun,soft_roll,0,1
bun-ogaivq,1,1,bun,ogaivq,soft_roll,bun,soft_roll,0,1
camera-yptdmt,1,1,camera,yptdmt,digital_camera,camera,digital_camera,0,1
camera-tymxet,1,1,camera,tymxet,digital_camera,camera,digital_camera,0,1
box-buoocq,1,1,box,buoocq,toolbox,box,toolbox,0,1
box-kvithq,1,1,box,kvithq,toy_box,box,toy_box,0,1
box-uvhflb,1,1,box,uvhflb,toy_box,box,toy_box,0,1
chest-amutun,1,1,chest,amutun,toolbox,chest,toolbox,0,1
chest-rrmzvc,1,1,chest,rrmzvc,toolbox,chest,toolbox,0,1
chest-ybzffr,1,1,chest,ybzffr,toolbox,chest,toolbox,0,1
candle-kxange,1,1,candle,kxange,beeswax_candle,candle,beeswax_candle,0,1
candle-rptogj,1,1,candle,rptogj,beeswax_candle,candle,beeswax_candle,0,1
candle-aiuhyv,1,1,candle,aiuhyv,beeswax_candle,candle,beeswax_candle,0,1
candle-rufeyf,1,1,candle,rufeyf,beeswax_candle,candle,beeswax_candle,0,1
glass-bbpraa,1,1,glass,bbpraa,water_glass,glass,water_glass,0,1
glass-pdaspa,1,1,glass,pdaspa,water_glass,glass,water_glass,0,1
glass-ggpnlr,1,1,glass,ggpnlr,water_glass,glass,water_glass,0,1
document-uchhwn,1,1,document,uchhwn,legal_document,document,legal_document,0,1
document-mougvz,1,1,document,mougvz,legal_document,document,legal_document,0,1
decoration-bpqnof,1,1,decoration,bpqnof,statue,decoration,statue,0,1
decoration-hpbdid,1,1,decoration,hpbdid,hanging,decoration,hanging,0,1
decoration-ydrlth,1,1,decoration,ydrlth,folderal,decoration,folderal,0,1
decoration-gakixx,1,1,decoration,gakixx,centerpiece,decoration,centerpiece,0,1
fence-yzplpe,1,1,fence,yzplpe,rail_fence,fence,rail_fence,0,1
fence-wvfgad,1,1,fence,wvfgad,rail_fence,fence,rail_fence,0,1
fence-roemfr,1,1,fence,roemfr,rail_fence,fence,rail_fence,0,1
fence-mnegtc,1,1,fence,mnegtc,rail_fence,fence,rail_fence,0,1
cart-lwgmcc,1,1,cart,lwgmcc,serving_cart,cart,serving_cart,0,1
cart-ouddxy,1,1,cart,ouddxy,serving_cart,cart,serving_cart,0,1
cart-revrxw,1,1,cart,revrxw,serving_cart,cart,serving_cart,0,1
cart-vvtcby,1,1,cart,vvtcby,serving_cart,cart,serving_cart,0,1
heater-arsjbe,1,1,heater,arsjbe,radiator,heater,radiator,0,1
heater-bftrar,1,1,heater,bftrar,radiator,heater,radiator,0,1
heater-lwgvaq,1,1,heater,lwgvaq,radiator,heater,radiator,0,1
heater-sxsljf,1,1,heater,sxsljf,radiator,heater,radiator,0,1
heater-xnoiwp,1,1,heater,xnoiwp,radiator,heater,radiator,0,1
sculpture-ihagjy,1,1,sculpture,ihagjy,statue,sculpture,statue,0,1
shoe-htqifz,1,1,shoe,htqifz,high_heel,shoe,high_heel,0,1
shoe-omckzr,1,1,shoe,omckzr,high_heel,shoe,high_heel,0,1
shoe-uewtgk,1,1,shoe,uewtgk,walker,shoe,walker,0,1
shoe-dfkzbd,1,1,shoe,dfkzbd,sandal,shoe,sandal,0,1
shoe-vwbomj,1,1,shoe,vwbomj,sandal,shoe,sandal,0,1
soap-feqemg,1,1,soap,feqemg,bar_soap,soap,bar_soap,0,1
spoon-tczanw,1,1,spoon,tczanw,wooden_spoon,spoon,wooden_spoon,0,1
spoon-rycter,1,1,spoon,rycter,teaspoon,spoon,teaspoon,0,1
spoon-vgbcmo,1,1,spoon,vgbcmo,teaspoon,spoon,teaspoon,0,1
spoon-fgeimy,1,1,spoon,fgeimy,teaspoon,spoon,teaspoon,0,1
spoon-ubuhoz,1,1,spoon,ubuhoz,tablespoon,spoon,tablespoon,0,1
spoon-tqqwys,1,1,spoon,tqqwys,tablespoon,spoon,tablespoon,0,1
spoon-asapmn,1,1,spoon,asapmn,teaspoon,spoon,teaspoon,0,1
spoon-oacqcl,1,1,spoon,oacqcl,tablespoon,spoon,tablespoon,0,1
stool-ivtoxu,1,1,stool,ivtoxu,taboret,stool,taboret,0,1
stool-hugvml,1,1,stool,hugvml,taboret,stool,taboret,0,1
stool-cgwxtq,1,1,stool,cgwxtq,taboret,stool,taboret,0,1
stool-stnoqf,1,1,stool,stnoqf,taboret,stool,taboret,0,1
stool-wjrpwg,1,1,stool,wjrpwg,taboret,stool,taboret,0,1
stool-ysrhuw,1,1,stool,ysrhuw,taboret,stool,taboret,0,1
stool-ehaclu,1,1,stool,ehaclu,taboret,stool,taboret,0,1
stool-zxoexh,1,1,stool,zxoexh,taboret,stool,taboret,0,1
stool-bjtbrp,1,1,stool,bjtbrp,music_stool,stool,music_stool,0,1
stool-dqvlff,1,1,stool,dqvlff,music_stool,stool,music_stool,0,1
counter-ukonss,1,1,counter,ukonss,reception_desk,counter,reception_desk,0,1
counter-qztpgl,1,1,counter,qztpgl,reception_desk,counter,reception_desk,0,1
counter-vxombm,1,1,counter,vxombm,reception_desk,counter,reception_desk,0,1
counter-cowjqr,1,1,counter,cowjqr,bar,counter,bar,0,1
counter-joihle,1,1,counter,joihle,bar,counter,bar,0,1
counter-kjmhgc,1,1,counter,kjmhgc,reception_desk,counter,reception_desk,0,1
counter-vduyjh,1,1,counter,vduyjh,oven,counter,oven,0,1
jar-gcyvrx,1,1,jar,gcyvrx,ink_bottle,jar,ink_bottle,0,1
carpet-lnoulj,1,1,carpet,lnoulj,floor_mat,carpet,floor_mat,0,1
oven-xspxzg,1,1,oven,xspxzg,stove,oven,stove,0,1
toaster-ctrngh,1,1,toaster,ctrngh,toaster_oven,toaster,toaster_oven,0,1
coffee_cup-rypdvd,1,1,coffee_cup,rypdvd,yogurt_cup,coffee_cup,,0,1
,1,0,#VALUE!,#VALUE!,,#VALUE!,,0,#VALUE!
,1,0,#VALUE!,#VALUE!,,#VALUE!,,0,#VALUE!
,1,0,#VALUE!,#VALUE!,,#VALUE!,,0,#VALUE!
,1,0,#VALUE!,#VALUE!,,#VALUE!,,0,#VALUE!
,1,0,#VALUE!,#VALUE!,,#VALUE!,,0,#VALUE!
,1,0,#VALUE!,#VALUE!,,#VALUE!,,0,#VALUE!
,1,0,#VALUE!,#VALUE!,,#VALUE!,,0,#VALUE!
,1,0,#VALUE!,#VALUE!,,#VALUE!,,0,#VALUE!
